6913472338117922049
6937340450114129153
6939190441111719170
6939273613656853765
6944023075839151361
6944974257977871618
6947359010068647170
6971822951167560961
6976611135005019393
6977678843402259713
6977679258109988097
6979260546201799938
6981884015120796930
6983610440865680642
6984794670152830210
6985087377719004418
6987776248860724482
6989679889301376257
7025905663549148417
7056372876462525698
7062752526944242946
7064127493887806721
7066123266775158018
7067819642508692737
7090872374534343937
7091197485414108417
7097887659665771777
7110162945425837313
7126500468385172742
7129481241966972165
7147719147995106565
7152646197994409222
7178825743982415147
7189247802269011206
7195623069346483461
7198587767033548037
7217754650559122706
7269457210038668562
7293140443263470850
7297848380196228353
7304317209420041474
7309631311562542338
7321343869180792070
7322043171402288427
7342412064343772417
7342474322943937825
7372611493898046737
7392452318391799071
7397052175962197266
7402577809832480007
7409918486635498772
7416781065601191176
7417947114153479431
7419720601092377888
7428970931932089605
7433038557205318920
7433408338035002631
7434190855340035360
7435272467536497952
7435739757516197136
7443896904536034616
7448277945216535809
7452330544274115847
7459788878757645586
7475394925341707528
7476039300988046600
7492371998010592530
7497688450770930952
7500112934647958792
7501354564558294280
7504316652125719826
7504957959705972014
7506590576007974151
7507260249892490504
7507308706925661458
7507652881043033362
7508321607224397112
7508369364014468359
7508393962873408775
7509149432848436488
7509203146825059606
7510190708855295239
7511293559824272683
7512168861039463688
7512717773362056456
7514321379068611841
7515074513990651144
7515154546906385671
7515751426736327954
7516419739225165074
7517275461160865042
7517358148877962518
7517638066400398600
7517716538632178962
7520541426560650503
7520668798475701511
7520979732502940946
7522416627367824647
7522490832528755990
7524437078088748295
7525023098572115256
7525054480627322119
7525445852509359378
7528783282494852385
7529579575987178760
7532401216735776056
7534058448628108551
7535095158249917702
7536505349113777438
7536566620219591944
7537299177353596176
7539096130672495894
7539561270551301394
7541076700747009312
7541081429237714183
7542281185888701714
7542477963183394055
7542634343672466720
7543583831396289810
7544634355201658120
7546478632252738838
7546696277858307346
7546871355736722710
7547746125479005441
7551051253334183186
7551327653286972693
7551340847485275422
7551543966005480721
7551810957748587796
7552202957597543694
7552217655420161336
7553194281368898837
7553632532772703499
7554496915593891090
7554645684201262366
7554746136393829650
7555041499180764434
7555149411886714120
7555444732202192135
7555578454838643976
7556173996052581654
7556204138116304129
7556204984539286801
7556247156856835346
7556251021450759431
7556253742190972178
7556254303661346055
7556254472293371154
7556254632016727314
7556289578064219400
7556299822660095243
7556315652185689376
7556323352831331602
7556336962408402194
7556360481586318622
7556522747556269319
7556543660289051916
7556559176143605012
7556580135416106258
7556608377023909138
7556623114726116616
7556634222480477448
7556641702493130002
7556648357410753814
7556652594677009686
7556653359881538823
7556855185746758920
7557001584710831367
7557026693945298198
7557056327877496072
7557057905795566855
7557077513457945889
7557089703531465991
7557094316011719944
7557102070940192008
7557292307108711698
7557357801085996299
7557397062858394902
7557442434636991774
7557632365682576652
7557656022505049366
7557697248222563600
7557761288806436118
7557770035717033224
7557836655269252374
7558061764449963271
7558086361253760276
7558130887724895496
7558131929992678678
7558150909717449992
7558156056933764374
7558159379359354130
7558188248615406866
7558341949812460831
7558477998073056523
7558486755880619282
7558514567693782290
7558524918741159190
7558582885091937548
7558592601004313887
7558669329525460246
7558775089924214034
7558801219074968840
7558815057098837266
7558825800766655767
7558860484020112658
7558864671315365132
7558880243595906311
7558883339965369608
7558887413699972365
7558888289348979990
7558895237129669908
7558899163723812128
7558903673129078037
7558923157910916365
7559143326067363090
7559162249235926294
7559204678009883922
7559224484733996296
7559270156774460692
7559288133188193568
7559298117124902152
7559372519468256520
7559410409636105494
7559479301813456141
7559501082477595905
7559509701646388493
7559551058490494222
7559602930584653058
7559606500956622094
7559621568314248455
7559630617445485831
7559671052876500279
7559745196670471442
7559895134922444039
7559911074426899726
7559929726580624658
7559938900010044727
7559968620193893643
7559977895586794759
7559986713439833352
7560021647948926230
7560025458302012679
7560032217481628942
7560038290141793591
7560056862318611730
7560084002435009810
7560237267571232056
7560248307054808350
7560265902164364562
7560291902713548040
7560324674949876999
7560353024917507336
7560374913568214294
7560389538909031687
7560393177794972935
7560609255951191318
7560656757236813087
7560681412559523090
7560714098690968839
7560727299675458872
7560736627358764310
7560745123739421983
7560746289823141138
7560754428886682893
7560756975156432159
7560818254231473415
7560972494094585095
7560984123016301831
7560991230293708044
7560994468527115528
7561005801800862987
7561027874694696206
7561041548616420616
7561058086178327826
7561068827681885495
7561069038131105035
7561101985009782024
7561103316743179550
7561114188093885718
7561131412242386198
7561143912434486546
7561269966863994134
7561383402968976652
7561402734486998294
7561413332402441480
7561455070475226390
7561469128066878741
7561483090128866567
7561492806447975687
7561500030008429845
7561547001591123218
7561740795062078740
7561819832212016405
7561841102781795640
7561842681706581279
7561857800750599446
7561874219349462290
7561897108572261646
7561899290428280095
7561907220561054996
7562116161639369991
7562156309592673558
7562162351902952725
7562191458019609878
7562201502761110791
7562211557493443847
7562230225539452181
7562248939018226951
7562257236798541088
7562293481830419734
7562388162186677505
7562430738969169182
7562431909989567774
7562476045044141332
7562489099848797448
7562494489734974753
7562514167593225490
7562518403269823774
7562527587155660050
7562538450751147272
7562540111393574152
7562562933855636754
7562599560246332693
7562600575372758294
7562610118441946388
7562610333676883216
7562626203362790664
7562869284746186002
7562888528749776142
7562912820300467463
7562919328060804374
7562936566738324758
7562967967038852374
7562993464548314380
7563004901521919243
7563208994966261048
7563279225357094151
7563302026474573087
7563318643677793558
7563324262677744904
7563350636083940628
7563351552585485590
7563353291820666120
7563355695400209671
7563378981676928269
7563383979454237960
7563397484635032833
7563398179165572353
7563398450482515217
7563398557181545729
7563399505010248961
7563400186613992721
7563400481838468369
7563400596976389377
7563611332587687190
7563618102169177366
7563692417682066695
7563697388649483576
7563975631566900493
7564006947842837782
7564028261152427286
7564083983386955016
7564103094393376007
7564299186653416721
7564310219111615756
7564325254764547335
7564401184283397394
7564409891645885714
7564424742313151766
7564427598802242819
7564459629007195447
7564472208316321032
7564745262644677910
7564770308708683030
7564799149963627784
7564800438701214979
7564802839479061783
7564841524911951120
7564864153148607765
7564890516651920648
7564897708188781854
7565055655971769630
7565085536038227213
7565108121438358806
7565147928910679309
7565151885435473160
7565175116213095698
7565175304096894215
7565192193833569558
7565200488686161153
7565222411348495672
7565450370785348882
7565472998786977031
7565481369455971591
7565539392358485270
7565551963690044683
7565553609195228438
7565576170738060566
7565593994747514120
7565600594639998230
7565602043021249799
7565613213606300941
7565807847083101458
7565864357406575880
7565883298610777364
7565932253264760084
7565940038048009492
7566043000065871126
7566147354315853074
7566176792323673356
7566183646680435979
7566233757389212948
7566277591426927893
7566280732319010078
7566281023210704148
7566292888783506719
7566328463209008404
7566345527885876488
7566347179611163906
7566370001318546696
7566388917155548424
7566412028198341909
7566530797986106636
7566566121789328648
7566602616067738911
7566602843457588492
7566611483958709524
7566633098985639189
7566638446341672213
7566664764106100000
7566688542106111254
7566725293935824136
7566729911025667335
7566903043787164946
7566923248651259166
7566925732262251797
7566942409330904332
7566954423868509452
7566978405015588118
7567017428115377416
7567020618625944854
7567063892451478806
7567072490481093906
7567094617217240375
7567098564279536917
7567291075342159116
7567296870465244434
7567313435709426951
7567368194713816327
7567374775195143445
7567380832692833547
7567410615728360726
7567431042307558663
7567532950489812244
7567536149019839766
7567690063539129612
7567720840654015752
7567745603115977991
7567787554121043218
7567793323625155862
7567796493218745655
7567821133324504331
7567839817338309906
7568001452665212171
7568035140018998536
7568058796401102100
7568077808367422752
7568105649544908050
7568132580868902162
7568174915334032651
7568209920907103506
7568220015015546134
7568237002613771528
7568237549911575825
7568402409676967186
7568458779671465246
7568461606112447756
7568464679786384652
7568508932990307591
7568547988734283029
7568552801102499094
7568556276372802839
7568585508859809056
7568630437807918356
7568872453456366855
7568894109751004424
7568903651595472135
7568911428124544278
7568912494828293397
7568914065444277527
7568956178944855303
7568974314423405842
7568975942039637266
7569188181032078623
7569240419092008212
7569276001176423682
7569284752230960404
7569286337346440469
7569327339939564831
7569368139847322888
7569573633236995339
7569596716685561110
7569614155066379542
7569614630197284118
7569619144216218936
7569621155380825365
7569629691829570827
7569637279174495495
7569687192944086273
7569690483551767838
7569697475221556500
7569701307544505607
7569704295122111775
7569710286836469010
7569900129264717077
7569973593405148437
7570025520117599510
7570041880864443669
7570087604817841426
7570093394605722898
7570241954127121676
7570283816292453640
7570285065712798984
7570323713355255062
7570357200099560716
7570358987560881429
7570381775155825928
7570385597060156692
7570453277473541397
7570669214495722772
7570703888819522823
7570707013747936523
7570718939148307732
7570723890368974088
7570738077103099143
7570740388844064021
7570746593960283400
7570751970986724626
7570763009681788182
7570771950935526663
7570810687870487822
7570822328003743031
7570993970524720392
7571086627833908501
7571107539383848203
7571116082740710674
7571375098599410966
7571464348955200786
7571473288552140053
7571483346602036500
7571518905345166600
7571526356404686110
7571528009371421972
7571563259191512350
7571566086118788372
7571702256475655445
7571717903737834760
7571783419353402631
7571809901182389524
7571838403386379538
7571838802419879186
7571840263329549589
7571859686887148820
7571881719280880914
7571951048517012744
7571967278963608843
7571979827499093260
7572145880506191124
7572152358856068374
7572165218680311061
7572190929034235157
7572197467731725576
7572223876583738644
7572234092385783095
7572239374679657736
7572243891668208914
7572403922166484280
7572411653589962006
7572455367993609528
7572523853444959496
7572544468839042316
7572562879422008596
7572570937380343052
7572592182306163988
7572629313816677639
7572705751244819719
7572745601545276694
7572866124895816968
7572894988674125112
7572917636950920469
7572925476566764802
7572949207024225544
7572954513405922581
7572969027513978130
7572976002540834068
7572977147678182678
7573182835696192790
7573306859432529160
7573318872036576532
7573327361291062546
7573332818533567751
7573364752131427639
7573365403003505938
7573377322317876501
7573398961994632460
7573402345443216672
7573405903706197268
7573598218274032903
7573633550608928020
7573638459538033940
7573659920340651282
7573667859696454919
7573676323575581964
7573683334295964949
7573692476368669985
7573704270990609671
7573728911771716875
7573731583996349717
7573739700419104018
7573739803850837250
7573743012002401554
7573753448965901589
7573794635357654280
7573990848950455563
7574049668171205895
7574059433320254742
7574078442161917191
7574095675164560658
7574096015003897106
7574096080669773074
7574103080568950024
7574112554834824470
7574128561443982622
7574131264932924694
7574151664324726048
7574165507893513490
7574314321707142418
7574315898870254864
7574363642716507410
7574365214158720274
7574375055270890773
7574383960956931336
7574391122567597319
7574403027134696724
7574417436636728609
7574436965982965012
7574440499348589831
7574448308383517964
7574456480481545480
7574458875387088146
7574481060550036754
7574482790129896726
7574483802420972855
7574486543176371464
7574515317578288402
7574699608438213908
7574748013818580256
7574755592208747792
7574765547145956626
7574809291836837141
7574821814069759250
7574841531119455510
7574858475260366102
7574931144072891681
7575047964276559118
7575107175291325726
7575130091882024225
7575140464781839637
7575141359288388920
7575146237520039186
7575153067960569095
7575156994978385166
7575181324084956446
7575198228585385237
7575215161007525141
7575228041295695126
7575230779375045895
7575255277637733652
7575264288755961121
7575273462655143186
7575306150472584456
7575486441405435150
7575503509752220929
7575511628179967243
7575538504214547726
7575562762596764935
7575566198688042253
7575571956905413896
7575577390269598997
7575583585109953804
7575584536461839618
7575588861473033494
7575598506648358152
7575605997419482379
7575636764874886407
7575890046209789195
7575900209822092555
7575929788347583762
7575936921503894802
7575943998683073805
7575953003186769170
7575953241100373270
7575959234551008568
7575965056161074450
7575980380696644884
7575991709427862806
7576040235109223687
7576078515045469462
7576173127978257685
7576192935671237895
7576249436779662610
7576253176442014998
7576253938454777108
7576268364444716302
7576269376597282103
7576274102311324949
7576282227458231572
7576289685052427533
7576318924132928786
7576320507348290836
7576327689284406560
7576363027512020246
7576364505190419719
7576374925645106454
7576379872172412181
7576383900356857095
7576458342151802125
7576556417239338248
7576576545955892511
7576601115626720567
7576608224833572116
7576614395594181902
7576616184938908942
7576622026446753079
7576634846823451937
7576634889743682836
7576636492232133909
7576646341938466055
7576652309321534741
7576655242117270805
7576655381229833493
7576660238766509345
7576670504287751480
7576671120871427346
7576689967343226134
7576692485926259991
7576692486341397768
7576704424509279509
7576705724995112200
7576719533835111694
7576727821725240598
7576745157861641504
7576749537725779231
7576750350879690006
7576757529036721439
7576761463394667794
7576780438077951250
7576782205662366994
7576906466846723360
7576921996274076935
7576993820705918228
7577010498365934904
7577010620206206222
7577011883966876941
7577020421841734920
7577020788856032530
7577053208359767316
7577055547061505302
7577055809281002774
7577064586692644118
7577075412199591190
7577077234641538312
7577081861034380566
7577130238065298708
7577131678598958354
7577150953409858836
7577175788869471508
7577292232584203540
7577315913024687392
7577319769800494369
7577322186055290119
7577323842943585548
7577402629198744853
7577416096655920391
7577426689219759380
7577430850506231061
7577432528580136213
7577433890793573653
7577438263598763285
7577440438408334613
7577441714302962951
7577453085182709014
7577455013463592205
7577456540362296596
7577460615757843733
7577463675817053461
7577472577828949270
7577473305339301142
7577477018703498518
7577480093023341846
7577481014277082376
7577680235626351884
7577702997610728724
7577735275724410132
7577742757666491656
7577765156134866196
7577773672627211541
7577785774913899832
7577796584532954423
7577797705141865749
7577800235372612885
7577804190156655879
7577822384800025876
7577822467004058901
7577847035391380758
7577854639278820616
7577860420615081237
7577889669141122325
7577915390949444884
7578129437540093192
7578133300112264469
7578138167711190292
7578142032347041038
7578144986718293255
7578148242056023317
7578154278657756436
7578159439509867784
7578188585157840135
7578192761698913569
7578293953586285832
7578338963383930134
7578445505596886290
7578446212626435348
7578446750948609301
7578494363962019094
7578513335247768864
7578513878074559764
7578527946026159383
7578528566535703829
7578531208460651797
7578539461487709462
7578544692820938007
7578545681661512971
7578567916224843024
7578573364655033620
7578580788225002759
7578581713765305618
7578582209636928775
7578586654500211990
7578589895506005266
7578595757104614663
7578595920065957128
7578597446079515924
7578605020862631176
7578614946758397191
7578623166524738837
7578625405192637726
7578727037477686536
7578741119354211598
7578866930656857352
7578884521450392844
7578899699583831299
7578906627147975956
7578933339701202183
7578939136049040661
7578948958463085855
7578977508524182806
7579185738785230135
7579193546733817106
7579220068236627231
7579227440191507734
7579252785946971424
7579260136363986196
7579264290952170808
7579266758549294358
7579310588237581575
7579320271308442887
7579327946138193185
7579329329562373379
7579523658855566647
7579554346367552790
7579570462804544776
7579578434217626912
7579586362362318098
7579596728274308374
7579611371080404232
7579624489965653256
7579626785973816631
7579627031873211655
7579636605128887572
7579647080625392904
7579663501195562243
7579675719513525517
7579688077271026957
7579694569659354389
7579707060351241485
7579725618997218568
7579729590541618453
7579730374515821832
7579732366793477394
7579865274069880085
7579879287877127445
7579912975046184204
7579934755924348167
7579962610561387798
7579970894836141368
7579973189028089095
7579990648929963272
7580001391796555064
7580005818381192480
7580026674570448141
7580027508699974934
7580045211909344523
7580045625069243666
7580048449161284886
7580055057731751175
7580058773000178962
7580093131631234360
7580269151969742101
7580293264096382222
7580304661626899719
7580326707526241544
7580334465952681234
7580372775823609100
7580372801744293138
7580375274487942414
7580388980609338646
7580405116101004562
7580419022181715220
7580427011441560839
7580431256857447712
7580432564435946760
7580437744229321992
7580446948478618882
7580447865290476817
7580451189423213832
7580466930637737237
7580468342276754706
7580678254487506183
7580683903820647702
7580731631854488887
7580734106556796167
7580755746204208392
7580760222168386871
7580762279025675543
7580808455070485782
7580817479279119623
7580890777396530454
7580990899765677367
7581001347277917460
7581007234881047863
7581019057470704903
7581075822258408722
7581090559402544405
7581101244958149919
7581102453555203358
7581104086242692370
7581111960578592022
7581116747290381590
7581137998956203320
7581153501401730326
7581159858754391352
7581170968282844427
7581176399378091294
7581191162044665096
7581221556076940566
7581223313549102337
7581231838673390870
7581275934204890381
7581312765202074893
7581423452767210808
7581439865540103432
7581451115384835336
7581471584242781451
7581494532538158343
7581508743897140498
7581509949373648149
7581511235720563975
7581529971722652936
7581538313991884054
7581547043701689607
7581553933680643336
7581593943754706207
7581614099553930504
7581630900870335774
7581741722284182797
7581768497445768455
7581791256993418551
7581823490257472776
7581839185506520340
7581862529492602120
7581901318609063175
7581913722566872342
7581922994839211278
7581942582071037205
7581945137719299335
7581969266187177224
7582129879479487751
7582148739922513170
7582180873592720673
7582185884708130060
7582187613310831880
7582220258425982240
7582243853218942222
7582248775209585940
7582250364846624032
7582261155562032404
7582278384734997778
7582287710350494998
7582290558438214919
7582293217039633671
7582295583570808067
7582316333086395669
7582322704867544340
7582344527160069407
7582362735745207570
7582531206709775637
7582569074052320534
7582580821354138911
7582585977802214664
7582591002326732040
7582596022447115541
7582604134486986006
7582606266191678776
7582615657406090514
7582634634937175310
7582644915180490015
7582647198106635528
7582648514115685662
7582653253637229842
7582671629650578709
7582689200407907598
7582693328777530644
7582696757067353375
7582870415949810957
7582888384742378783
7582924264097975575
7582929053854764309
7582934388116163851
7582938716923088148
7582942615314664726
7582973082290113824
7582981870590233878
7582982549429832981
7582987109410016519
7583008299042327840
7583015515996622100
7583033637319281942
7583039982965738772
7583065536796396807
7583082814166338871
7583085409823902990
7583094141458894088
7583096723560533266
7583101951097752839
7583258026895756565
7583262719256562966
7583273655229025556
7583291015331613965
7583291468282907925
7583342589089254687
7583342624115805447
7583343095056485639
7583348942696402197
7583351785025211669
7583361363137809682
7583364420689087751
7583365764674096406
7583388382546480405
7583404536555916575
7583406588384283918
7583407634536238356
7583407922256891157
7583417146705808660
7583418039698230530
7583436726937390366
7583446413879545108
7583452262777851158
7583636226658356510
7583694301184494861
7583696529999891720
7583735418848595203
7583737164433820944
7583742632736656662
7583755914562309398
7583789075165924628
7583794119353355550
7583795453968321806
7583816376515677448
7583912739404369165
7583956233997061406
7583957446784339214
7584005441202441505
7584031352895376660
7584032776148569364
7584054110492675336
7584057742495698196
7584059753353989407
7584074121412103445
7584076245646707990
7584077304398138631
7584085679362149654
7584098747550846241
7584102495081811220
7584123158421327126
7584125036051959061
7584125314205437204
7584125498238733590
7584139450909822263
7584140416895716628
7584159734589066516
7584182151315246366
7584294093551930637
7584374886320196882
7584375292085407031
7584385708131912981
7584433522002136340
7584434866314284309
7584436404210486561
7584437636836740372
7584455620502261012
7584456530880122167
7584470853191077140
7584480143662468374
7584493407150624022
7584520581131816213
7584527127299525909
7584541428685032726
7584543829554892040
7584562577011739925
7584678474103655702
7584721327412481335
7584723659399466260
7584738606686752018
7584743113294384404
7584750370073627926
7584755013658955029
7584757133523029278
7584758164210322708
7584763956267453726
7584782601924218125
7584800155216530708
7584808275510562060
7584817048560094471
7584819743882775828
7584836646915329301
7584839790894550290
7584842253227625739
7584859591746342165
7584864343733406996
7584865138226777374
7584867609670176031
7584874479562771733
7584889525428604171
7584903720354467093
7584907741303557396
7585094414083689742
7585138953959853332
7585164302378716472
7585182749858729236
7585182798676249874
7585211180403232008
7585216601746689300
7585232500255886599
7585237417762835743
7585249578228911362
7585250300919942431
7585251754028158226
7585255547818069269
7585256823712697633
7585257777187065110
7585258744972332295
7585260295791201543
7585283967104879893
7585284325495573767
7585294829706300690
7585496515783773453
7585508649586462008
7585514657268436245
7585515685342760247
7585551257251679506
7585560867538881813
7585588671668161809
7585616267453828354
7585617518736297238
7585635832103587094
7585636954801179926
7585637490548165918
7585647983761476872
7585649179628670230
7585670432817450261
7585808718374259982
7585843184673099028
7585848112904883476
7585862125436833044
7585864788836633857
7585865206476115222
7585866112995200277
7585880142052871431
7585888769673334037
7585904277248412949
7585911299528330526
7585925939029167381
7585929194090089736
7585955078780079391
7585955195444661535
7585955326936075550
7585959479922019600
7585972449024478486
7585986410084207893
7585999449038654740
7586022385648700694
7586044555154312479
7586111462892997908
7586185518568836370
7586194771119590669
7586196447293394194
7586240249701960968
7586295370267823391
7586308754128391444
7586310167210560788
7586316676849863956
7586332098177273119
7586350851225079058
7586363841420758302
7586377192364313877
7586387248652799250
7586391059035327764
7586395100612332802
7586402403797323029
7586415168498846996
7586446805420756244
7586555086252428558
7586600853503495444
7586611532667079958
7586612004706602260
7586630871751413013
7586656195667119381
7586670726845877517
7586691221054049557
7586695980632821012
7586700097539296530
7586712829785361694
7586715384221322517
7586735445732511007
7586735542990114079
7586741065345010957
7586741801113881877
7586761310541630740
7586770703186201863
7586794663831424264
7586937281060146450
7586964746365062455
7586975125644299531
7586980821647510805
7586990431011867959
7587004247674326284
7587023424577408278
7587037526544665863
7587040335310769421
7587047336887569686
7587069388881186070
7587090334107127041
7587102700878187796
7587112135382338824
7587128277026901269
7587136804592160018
7587139321300258068
7587218023828770069
7587218095693909269
7587218295279930645
7587226668733861142
7587347343427505463
7587347927534750989
7587355350454504725
7587378322590698772
7587378424281451796
7587423935507991829
7587444265148599608
7587447125059931413
7587451760697003285
7587455039866752277
7587474231965912327
7587477764736011540
7587490445719211286
7587690378959080735
7587691862111161630
7587713422544915732
7587717333519682824
7587736261889232149
7587740429869698324
7587753900049009934
7587757751812508950
7587759354888080660
7587784853093977364
7587801116075658518
7587840751678033172
7587842197198785812
7587847534521928992
7587874639880129800
7587891649557187862
7587902841373723924
7588091829665402133
7588093875709938965
7588098453511687446
7588100994408418581
7588132545888275767
7588142502692195607
7588143484918304012
7588165048137256205
7588187141482581303
7588228826014993684
7588229179733232903
7588241182031973654
7588241558378532116
7588429711710227723
7588458787749612820
7588460823434120480
7588534189373410581
7588535743690050834
7588557628188544277
7588590556998077716
7588769764688973059
7588799356568882453
7588848550256151821
7588850126144228621
7588862044338785556
7588871771256786199
7588872460917902599
7588883131428556054
7588903155388255508
7588937736581565718
7588946241388694816
7588957364095634743
7588985563928071455
7588992582877957396
7589001663202037047
7589178681310956811
7589192053532134711
7589194356729466167
7589214126786776342
7589220803372256533
7589232102009326868
7589281923529329927
7589290675955371278
7589324369483025685
7589371291128319253
7589371944756104469
7589376876477451541
7589398192446278932
7589400434989731092
7589400755417648404
7589540928176573716
7589593516586634518
7589597886988553527
7589598803351670030
7589619013827792142
7589639164375698743
7589657604494904579
7589658450007821589
7589661889089801492
7589693608228556053
7589696595239767298
7589706143572806934
7589708012692966677
7589718122035301652
7589732608083348743
7589734044653374742
7589739635656527127
7589746035384143107
7589791736637951253
7589818147801451794
7589920561908714774
7589921851170639124
7589981882914245909
7589984204612570388
7590013046840446228
7590027246962756885
7590055124752551189
7590063936343575828
7590368279345073428
7590388746936241439
7590388787629362463
7590388902184127774
7590389351062850847
7590389607338888479
7590389660799618335
7590389733755342111
7590389878932770078
7590390172601093406
7590390482719493406
7590408092949417236
7590465340216282388
7590486517504658709
7590677696439536927
7590723023867481357
7590739983401618701
7590761237961575688
7590776326655675680
7590779509213809975
7590785628137164065
7590820751700266270
7590820810026241310
7590820894793092383
7590820954238995742
7590821175954066719
7590821276751564063
7590821403390119198
7590821476224240927
7590821584135408927
7590821779807948062
7590822212416916767
7591017250228817172
7591023544071376149
7591091795803639071
7591091851411737887
7591091895372156190
7591092007741836575
7591092060795571486
7591092136758578463
7591092228911615263
7591092278500838686
7591092318606773534
7591092415772118303
7591134221482134791
7591138972974206230
7591157049447222560
7591163004608056584
7591191759170899220
7591236674714209558
7591255859473321236
7591265468464303367
7591422250440461600
7591507935088545047
7591531740540243221
7591532013623069983
7591532040399457566
7591532044098751774
7591532105012694303
7591532158808870174
7591532171949640990
7591532204942019870
7591532477273935134
7591532522287172894
7591777203260525855
7591777224727072031
7591777267907317022
7591777344726011166
7591777408034917663
7591777445057940767
7591777458391682335
7591777515086040350
7591777567078731039
7591795594838986005
7591805364132269334
7591825585719037204
7591868780192517397
7591886041439669522
7591893024091753748
7591895937224641812
7591901615389478165
7591903808146410773
7591923087524842763
7591963552382979358
7591967664411512096
7591971361116015928
7591990890743270677
7591999424251972884
7592132638681337118
7592132686525762846
7592132767308107038
7592133071739161886
7592133085861268766
7592133291772333343
7592133369299782943
7592133387217882398
7592133438845586719
7592133444981869854
7592209129133985031
7592247946897394952
7592251315594595605
7592254829003853077
7592265146853035285
7592304045700713761
7592304625819192596
7592328452116581652
7592334575464975637
7592347777401654584
7592589313062227220
7592632731461242133
7592636576384158997
7592637977881234702
7592640307938921750
7592664511757176071
7592676466630872340
7592679823567342869
7592692721404431623
7592694874126699807
7592699704983522581
7592710886758862088
7592711328666635527
7592717461519174919
7592921708022074631
7592930725805034772
7592931276978507029
7592961660944469278
7592961693970402591
7592961771980246302
7592961819963165983
7592961912439131422
7592961941702888734
7592962159131315487
7592962213472767262
7592962258049797407
7592962548891176222
7592962591970938143
7592962942228843807
7592962977804979486
7592963151176469790
7592963186723261727
7592963271506857247
7592963340385930527
7592970183472352533
7592971015119031572
7592975200220712206
7592983013290757397
7592994038077312274
7593006663599279381
7593013995678846229
7593014674648567061
7593026297966759189
7593030665902361876
7593034970294258965
7593045393097706773
7593050222461259024
7593095490170834196
7593095962797640968
7593119308595711240
7593169730958019852
7593268319315152146
7593274981526539541
7593283448450616583
7593301649674882325
7593355133728197896
7593356659083283729
7593367621806935318
7593370292735479062
7593379951882013972
7593393022600088840
7593393323465903416
7593393404071922965
7593404515135835412
7593412408236838165
7593441666359364895
7593441974196161823
7593441975232138526
7593441985147555102
7593442068492586271
7593442110091676958
7593442131486854431
7593442241109118238
7593442256670018846
7593442450052517151
7593451611293355282
7593463931398622481
7593479495865224479
7593506518494874882
7593639503353367828
7593641787336428811
7593647948102225174
7593658373090888978
7593659003968834836
7593659321775394068
7593724475468729630
7593743777030786334
7593751366338710804
7593760004839099669
7593763787937762580
7593776547610266901
7593779916471143681
7593781687998352662
7593789412018785543
7593790435391196436
7593910913867009298
7594024905201552647
7594026647473360136
7594042824497335570
7594048448773573919
7594058135795404053
7594109497405164822
7594110317139856662
7594119887895760149
7594119926869232914
7594153198340853012
7594159149014043925
7594164096413502731
7594177925595942162
7594194128431353118
7594376911766179092
7594397098573876498
7594399178776644872
7594422662978473237
7594447043347664146
7594451281289202962
7594453534876175623
7594454995743919368
7594456436260752661
7594457028450422023
7594460043102227729
7594462141982231816
7594468439880666375
7594472879413005586
7594478002952523020
7594484423886638343
7594493270349139255
7594501725101329697
7594509596547517718
7594521210898173205
7594576727515467024
7594582648954080520
7594783634981244216
7594784465147219221
7594795252943195413
7594844874759752980
7594847955295800631
7594848972846451975
7594854799548501268
7594865080152378644
7594877468264140064
7594879055468563725
7594880579733179668
7594884553257405717
7594890550789016852
7594912016154807582
7594922423473016084
7594923048080330005
7595116154268421397
7595127831194176776
7595136531745148167
7595142399110728968
7595149561551686930
7595156429607243029
7595198755368914189
7595199462558027029
7595200829716630792
7595213947884686606
7595214000237923604
7595274214496537876
7595279949871729941
7595281133890293024
7595286699094084894
7595302715761200404
7595474190984088852
7595492814616562960
7595500234617130248
7595502802470849814
7595526164328893751
7595548088094412052
7595549567026826516
7595552305131359501
7595558171838532882
7595576809874394375
7595581124605185281
7595589961320025358
7595596811679616312
7595623907684551954
7595629688798645534
7595644588572953877
7595645325059050773
7595647248244034832
7595849507208793399
7595867515276905748
7595871915491790081
7595884887853370644
7595892880787442962
7595905751609003272
7595921585555508498
7595956287708335381
7595985429438975253
7596000807259065616
7596004292377464072
7596006291114462487
7596020856715791637
7596034807100935444
7596038860581260552
7596093073025781022
7596248918799813909
7596281867771333905
7596287086664224011
7596308409247354132
7596314907788840212
7596316685259246869
7596319604385828116
7596325246777576760
7596326127723908364
7596326985803123989
7596328747607870752
7596332323872787733
7596360423834717460
7596370157866388750
7596389724651064584
7596393306901335314
7596486468848094480
7596575016507067669
7596613395042913552
7596634970995625237
7596652383938333959
7596690831256358164
7596702046481321246
7596706385920806165
7596727235294399758
7596728447284661535
7596746646126431510
7596788747102965012
7596797091557461269
7596889211270188309
7596919234740063510
7596942567347096853
7596954034439818517
7596980386673085718
7596997772352539911
7597033088337677588
7597040478315433247
7597048483433958676
7597070113338330386
7597073791704927509
7597074106747522311
7597082256049442060
7597092937729658125
7597093894832049422
7597094645826325791
7597097952686918967
7597113417316584724
7597130069798178066
7597133841513418004
7597134870451604744
7597136553923579143
7597159461999922463
7597332726080998678
7597366298544327966
7597380955938065684
7597384929223232789
7597385647560609046
7597393988731096328
7597401932495441170
7597402451322588419
7597428674333363474
7597441454809615636
7597481196452367648
7597495740616707361
7597508373495713047
7597511658499542279
7597511841400573196
7597517521540975894
7597524397708037397
7597526398969908498
7597550743750495509
7597552970493889799
7597575914997812535
7597650513680682260
7597730668440816897
7597732960065948948
7597734710239890719
7597749469022932244
7597761083918601493
7597779383528606998
7597809882066324743
7597815592065813780
7597815839684840725
7597818391612673288
7597818842429148438
7597822782877043989
7597846190142557447
7597848394924707080
7597848781031230738
7597878391466888455
7597882214109482252
7597884338788633876
7597889764427042070
7597892166089739540
7597893646582549782
7597898397114174741
7597900895237475606
7597911142438096135
7597931084239719710
7598064790736620820
7598086450164387090
7598097325105450248
7598098457630379271
7598118137791401234
7598129254307466517
7598158910008216888
7598184279058812167
7598191299514305815
7598193975719169294
7598195156763954440
7598201454909721877
7598211729838837013
7598217995969727752
7598219545576361246
7598226131854183710
7598250896522333448
7598251979621584135
7598261690764938518
7598262104923147528
7598263044505914631
7598293187295268103
7598444897569377554
7598471913853373717
7598475500381539605
7598487465267186964
7598512590066552082
7598519294728654101
7598539531352313109
7598540001969982740
7598540659460443393
7598561010466786568
7598573346799865095
7598573662685449492
7598580267099475208
7598580762773966088
7598581143025224967
7598581471229594898
7598602829774753031
7598634503669746965
7598644663590980871
7598646640714468626
7598656489783430408
7598808272711257362
7598810106419105045
7598817474783497492
7598842635884809480
7598847431870139670
7598853324225547538
7598873622429650196
7598880096518245640
7598880274855857422
7598889536680185089
7598889815790079249
7598896364403084565
7598905482476031250
7598916963741617429
7598931343145307412
7598932113504718113
7598958559564533010
7598973023286283527
7599008098610711828
7599013241838259487
7599020952407510289
7599118754697579783
7599198526102359314
7599198596214361362
7599202069580369172
7599265257323924743
7599291749516856608
7599303129661705493
7599303267444641031
7599306189523930388
7599315096501849364
7599323576407264530
7599326339094678805
7599335726295043350
7599335989756136711
7599358221685460242
7599404129307331847
7599411543343762708
7599559578530974998
7599605220934421782
7599640576429952278
7599650520504093984
7599652412504182023
7599652499821186324
7599662365289843976
7599675858399415572
7599687230398991624
7599691897778539784
7599693889443777813
7599696542856957191
7599699786756820242
7599702458956336402
7599707603513478408
7599707693971934472
7599707797411941639
7599708257979993362
7599708376322379016
7599711600244821268
7599716621145476373
7599719164839742740
7599721310784064789
7599731760028470549
7599739113872329991
7599741174689189138
7599743873581174037
7599765279568153877
7599947579970915604
7599951167271079189
7599977685518978334
7599978333874474261
7599989363019238664
7599998544237317407
7600028535566322952
7600040208104443154
7600041926598970646
7600046490521832724
7600046869531659540
7600047008270863638
7600049045536607510
7600061586010557717
7600072959914478866
7600088140665064712
7600095552772082951
7600109622824946964
7600111795692473620
7600112726827978005
7600123133709847828
7600126040266001671
7600132874536242433
7600137084027899156
7600137740671323423
7600140612528114965
7600149500107246869
7600295025422896404
7600311991533653266
7600313922175913224
7600380198340791573
7600384652389567764
7600416153411915009
7600423651627912468
7600426541029412129
7600431570071178504
7600434245068279060
7600458561004555541
7600471818645867797
7600490342722456852
7600491776834571540
7600507847675268372
7600671999630855432
7600684515488697602
7600685460276382998
7600691897396497682
7600702401355451670
7600726194698423559
7600742832017657101
7600747780893707541
7600776514786872577
7600785890444594453
7600799325245033760
7600802032307555602
7600810082686881032
7600812162709409044
7600835859868355847
7600836189997763848
7600850448563588370
7600861276125875478
7600864466036624661
7600875210795011350
7600885456594652437
7600897925098589473
7600932951097920798
7601072662806351124
7601086102564392213
7601095784980827412
7601160204390010133
7601167261293874452
7601174558418242837
7601181620032261408
7601201252210560276
7601203262015966486
7601208345789287687
7601224243392662804
7601248387442298126
7601265855766334727
7601414096793160967
7601440385503694102
7601449197782568199
7601465024078564639
7601470625051348255
7601501761840368916
7601502576336637205
7601505316424928534
7601507715986296086
7601509452121967894
7601515172242541827
7601518075006979350
7601530497524665621
7601538781367307541
7601550775281536263
7601551779536375062
7601551838915136775
7601555483303890194
7601558737932946690
7601559544606608653
7601560448139414785
7601562754129988884
7601564099750743318
7601575824558525728
7601617140763954464
7601621305175182599
7601658801002908949
7601892605995044116
7601892644964322592
7601899090917510420
7601908570963184914
7601923399270681877
7601930060643323157
7601930912359582998
7601934361906302230
7601934552172465440
7601939679499455765
7601942381595839751
7601943346302569748
7601945558525414658
7601947431370050834
7601955162265062664
7601978577235545366
7601985095020432658
7602036461784829215
7602177166654049569
7602205452541250837
7602220437338066197
7602221060863331605
7602240217348574477
7602244159306517767
7602278506529066262
7602295293828271382
7602295790584859937
7602297087757143314
7602300882335632662
7602309308298087701
7602312351005592865
7602320234988588306
7602320271856651541
7602359341412470037
7602365559941926164
7602373756895513876
7602538962942528776
7602556451764194582
7602562735699660053
7602567968395922695
7602584270456016158
7602608730202508565
7602616850429529362
7602621858688552210
7602628185129323789
7602630360123346194
7602648664401562902
7602655270275190023
7602656125019802894
7602662238125706516
7602663381543275777
7602667586236484886
7602686504925678866
7602696700238548254
7602699672561437973
7602699811569405205
7602701354108259606
7602701647432781064
7602704036399287572
7602710339997748501
7602711416465837332
7602719136938085654
7602763118074252575
7602935010496236818
7602936592038219015
7602937188614950152
7602941513756200212
7602941534748658974
7602944267400563990
7602953907098225950
7602995510638611730
7602996976258419988
7603000301691391264
7603015535495810326
7603023374184533268
7603027365077208342
7603032364364598548
7603033039395917078
7603034019890023702
7603035871348034838
7603037417536228630
7603038347124149527
7603042114573733142
7603043176005373206
7603045319785336086
7603049133653380355
7603050007826091286
7603080766251158792
7603083267239070996
7603087806902193429
7603094656003378452
7603107948294016276
7603119686103911701
7603300344600268039
7603330647016393991
7603333945744182548
7603362300417805586
7603364765552938254
7603367362099694869
7603369905022422290
7603382028553293076
7603385587634162951
7603390558492495111
7603394769154313480
7603395138848623894
7603396548512386324
7603397394323033366
7603401234493656341
7603402292796132628
7603403183087537428
7603405293225037076
7603406084656893205
7603414339864775957
7603414464905366798
7603429345213844743
7603430206338125076
7603432643006352647
7603447814193958165
7603470424806034709
7603496445357985046
7603510430513859847
7603639610043813133
7603654915797404961
7603704763473038613
7603712633157537044
7603714082935557396
7603716194004241685
7603718370915011861
7603727413037534486
7603737517850119432
7603749836956978452
7603762173944384790
7603763664922971413
7603772098632273173
7603775613375155474
7603776564605488404
7603787972906994966
7603795603071520021
7603841740360912144
7603853032958315794
7603855292887026964
7604023191182314759
7604059586953334048
7604067489139428628
7604068708042001686
7604077427098209557
7604098634187017473
7604112021683997974
7604120055147744533
7604120467678530834
7604127484996586759
7604144771761704214
7604151128762125576
7604155397678681365
7604157443681127681
7604160544639274261
7604161940423970056
7604162828127178005
7604168258941504775
7604169311585881364
7604191692144643349
7604243767595420929
7604246394865601822
7604281441383484692
7604396687972502806
7604413905414130964
7604429302188313876
7604442303477878037
7604448351265819924
7604454432327191830
7604456255326817558
7604464274223795469
7604479094062992660
7604479196827618580
7604492878546504982
7604495351734717717
7604506520864443668
7604511746417544469
7604521581368462612
7604532401481567520
7604532623356005640
7604545389366234388
7604550369934445844
7604569756645051670
7604571922453613845
7604575140604661012
7604577727999479061
7604600272114945287
7604773174126988558
7604823909992566036
7604836339325996308
7604854362640354582
7604862034601053460
7604884203456433428
7604908666709462279
7604909026350058773
7604914939760807189
7604921025368689940
7604921065462074654
7604930837217348884
7604932681796685077
7604936909994921238
7604937133555567893
7604938452794117408
7605091069671279886
7605112595284053270
7605184235699211541
7605190221436734740
7605210417140436231
7605211489225526549
7605228963673296148
7605234578655137038
7605235788401364246
7605236732526644502
7605291299884829972
7605305457019718920
7605307382075247892
7605313557491748117
7605315270348967189
7605327741872819476
7605370948224634134
7605458120327974158
7605464934281317652
7605503503590640917
7605513332577078558
7605532482129202453
7605558623456005389
7605596484968418578
7605609486782418196
7605617625850285330
7605631503392935198
7605645069365890335
7605652623684816136
7605653893975903508
7605654632752303382
7605655471239875847
7605660545521356055
7605672395042557204
7605674092427103508
7605682147323579679
7605690596598009108
7605691386335071508
7605704911677967630
7605705964095917319
7605717012249201940
7605831176082820372
7605851698170481940
7605858954282798354
7605860178423991559
7605867292487961878
7605867869791948039
7605876534297038087
7605897179106004244
7605900016275737874
7605904253739109646
7605905356841110805
7605921081106418962
7605927318648933653
7605939311350910228
7605945508233760021
7605949455073807637
7605964165223615765
7605964836383575314
7605976956080868641
7605982053070277908
7605994166631353630
7605998603022159117
7606014917795171604
7606020742479826197
7606025039003061526
7606030313717910804
7606031501397855521
7606044184126033174
7606049480579796245
7606054740954205460
7606058820263038229
7606086624417516822
7606092150723448084
7606202919087639828
7606203777166642454
7606239355572718861
7606248691535482128
7606261796160244999
7606287675355680021
7606290918584405269
7606323399299829009
7606325768523681042
7606390765450956040
7606396456588774678
7606400110867598613
7606405640264879380
7606413991904136479
7606414149190569237
7606428177447128342
7606429289868725535
7606436773362715926
7606446033530375425
7606579119018790147
7606598623564156180
7606608653604408583
7606653541310008583
7606666800742288647
7606688123585645845
7606692141494062357
7606700271145700630
7606716468390055188
7606732278974156052
7606763570004512018
7606789703622348040
7606804695264414998
7606827539377442056
7607020423217253640
7607022913820151058
7607035370114403604
7607037918175153429
7607056156216921364
7607063277037751560
7607068143948778772
7607085594082135316
7607089744668921108
7607113401797594390
7607120228291530006
7607120747642883361
7607136172971724054
7607137445766892808
7607137598766583072
7607140843463429384
7607149474758135060
7607168861275753750
7607187651648654612
7607187851133947156
7607188015064190229
7607196158099885333
7607198130404117778
7607383489553419533
7607408054358805778
7607409054608100629
7607442737155099926
7607447014598626580
7607469684211879188
7607472760994024717
7607474692286418196
7607479770581830926
7607486178861894930
7607498771387157782
7607504198028119317
7607506163256544532
7607506402214415636
7607524630966078740
7607525396766035221
7607538469824384276
7607550526670081302
7607558029835242774
7607562632094027028
7607563433864662293
7607563539577867540
7607563927542697236
7607564639076928788
7607565133384125716
7607565563082067220
7607566053450861844
7607703855660322068
7607727230118137108
7607730168425123094
7607773473259244820
7607778373795925268
7607793842170973461
7607795970872593671
7607798238665526550
7607807983539522837
7607813762296335647
7607813973504740629
7607844590254673172
7607859241470135570
7607870841287625997
7607884091630882065
7607888719776877844
7607899691270884630
7607901807855029524
7607902957924912414
7607911747025997063
7607917120193613076
7607918255335820564
7607921854526786837
7607935703430827286
7607950353069346056
7608121226749332769
7608122241947110676
7608142457150229791
7608150643475352852
7608168419912961310
7608170453491830046
7608189542708808981
7608192555800399125
7608222618331680007
7608223945577499924
7608223979144449300
7608226578685791506
7608229304933305620
7608231839806819586
7608237540361047314
7608239572148817172
7608254560330730759
7608260296968244502
7608309023879744785
7608311062093401364
7608319029891190036
7608448512786795784
7608452759960030494
7608490528669256982
7608497820714290462
7608519020018502932
7608544471504014610
7608545722660572423
7608547007644405013
7608552109897829654
7608555671923035412
7608563243077963030
7608577874886528277
7608578881171344671
7608586002097032481
7608592083577785621
7608598723144338710
7608604626719362325
7608609388634443029
7608612086184152340
7608618996916555015
7608619662997277974
7608629459859655957
7608631518147251477
7608633717409598727
7608636381123890439
7608637255275531542
7608646293031800078
7608651938825047304
7608655445565213972
7608658402507574549
7608667001829068052
7608671962772081940
7608673849269325069
7608691102866083093
7608824918268038431
7608840942627409182
7608864932360310038
7608901989732257044
7608915799083945246
7608916372130696468
7608923569527000341
7608926888798539028
7608934956097670414
7608935472840051988
7608945065482030338
7608946923659087118
7608950671009746183
7608953503528144150
7608970746466962719
7608985195030646037
7608988298588982548
7609004984390159637
7609011295307762966
7609012674441121045
7609019333653630228
7609019484073987349
7609023403890068756
7609030879205182728
7609036985398758688
7609039094408105230
7609043237042425111
7609045292633050401
7609050832591424789
7609262980789751060
7609268730635324694
7609271158982200597
7609279772555808013
7609284815430405396
7609285825645301010
7609296655157857558
7609339147320446230
7609354725359668501
7609357247780572424
7609358164546505987
7609364200443464980
7609382657704725791
7609397055768907022
7609409026899709206
7609446674318085397
7609462334351740181
7609496000507481365
7609539338292006164
7609563187725323527
7609630324959694100
7609630810773277983
7609640106483256594
7609655990824209677
7609663450293243137
7609664077195005216
7609665027053817102
7609681396487048468
7609688815980039441
7609708278980889876
7609712494390594830
7609713186404568340
7609723517696806166
7609723826410212628
7609727568853437718
7609741192045104416
7609750116475456790
7609752537633344790
7609756101562879235
7609790653685452054
7609791881123335437
7609792084643466526
7609794853244800276
7609830371336736014
7609950411025354014
7609957477911678238
7609959136016600342
7609998574289423634
7610014257350053150
7610016214240283905
7610029287814499604
7610031051238558997
7610038748109196565
7610039874380483858
7610052902933073185
7610069722121407757
7610072439636217109
7610072738559954198
7610075428702702870
7610095234311114006
7610096173696716039
7610096397769280776
7610097576326565141
7610097605980196117
7610099213614976269
7610120607316839693
7610122733325716737
7610133760633310477
7610134774581185813
7610144212868205846
7610144884586024225
7610156040369458435
7610159364908895509
7610177924867656981
7610254394361269524
7610276473684921618
7610326477376179457
7610336695803792662
7610345941257735442
7610346157218204949
7610351504859385109
7610362137533320456
7610363452791557389
7610392988740570398
7610412907867786517
7610417269654473992
7610431012081847566
7610446498974780694
7610470047554800904
7610470297770183957
7610472958317939984
7610472983743745298
7610473542651596054
7610474741941521686
7610480370806541576
7610499956104776980
7610511809338035476
7610511857530572053
7610517378316766487
7610520882603117846
7610686486459010326
7610700591496514847
7610764247961914644
7610774951557074196
7610776238201900302
7610797033443577120
7610806507885677837
7610818145917373718
7610831031465266464
7610845533279685910
7610853339034553620
7610855461721787669
7610856256483429640
7610868709900438806
7610873175907323157
7610879474971725076
7610888703908629782
7610891816891665684
7610891840178441493
7610895614766877972
7610911924175359263
7610919315990269205
7611030495735893251
7611049165547785503
7611050095953382686
7611074503338200327
7611082629433150751
7611105097140931854
7611125989468310815
7611127595278568722
7611139131636305170
7611142762485779732
7611143636838894862
7611151298423033106
7611154233101913364
7611164792690199828
7611166955617225998
7611188436564708624
7611190304019959062
7611194316266016008
7611207568718892295
7611215192428449056
7611228824407117069
7611230192438201616
7611230748330183958
7611237672538868999
7611238407427149063
7611241740783127829
7611246762858220820
7611246814569843989
7611248008281230612
7611257964116086046
7611258661985422612
7611261953092177174
7611262103940254996
7611384820064587029
7611395396585295125
7611395644657339669
7611396052637224213
7611427337300675871
7611428259296791839
7611431091374689567
7611435374665059605
7611505544234372383
7611506329152146719
7611509902468533525
7611512340671974678
7611516328746306823
7611518327604710676
7611527504737799441
7611528786076749059
7611537179398950164
7611541606910463246
7611543565344197908
7611545040749448449
7611547729927343381
7611555182186450196
7611575803125501206
7611576431096974599
7611577193096908053
7611583533420678413
7611588458754084104
7611591928924163346
7611601540146613511
7611613943198387478
7611631597791530273
7611659490483604757
7611661678794591509
7611665979675774238
7611669545425718558
7611680955643841822
7611806558384672021
7611832017189227796
7611868134508662033
7611868329191492880
7611872926635363604
7611887186383817992
7611891181798034695
7611899168516312340
7611900392296762644
7611902227938102545
7611903579909066014
7611911751717768470
7611918403233713439
7611920804309208334
7611921403872283924
7611929426514808066
7611941368377658644
7611941688021454102
7611943564947279125
7611943607401991455
7611943625164868882
7611955264278875399
7611963517692071189
7611964176105245972
7611965888878710038
7611977133765954839
7611982954683763985
7611986953025686804
7611992964172172564
7612001297041984798
7612012404569918723
7612192525528337694
7612198528529501458
7612210342000676118
7612251610965757204
7612296608952208660
7612304696165879062
7612309578134375701
7612310126615153941
7612313813714488607
7612320246749334804
7612321465936907538
7612331384782277919
7612336814245809429
7612336965999938837
7612341623174860052
7612347843751267604
7612348303287651604
7612348769576799509
7612350913277086990
7612387516917796099
7612388097468173598
7612392387666644246
7612392469426212116
7612411432814054663
7612411616990186759
7612563287447833874
7612595461400087830
7612609319971966229
7612617777228287253
7612625273720245535
7612639475759320327
7612663902077521172
7612681002112044309
7612683975315705108
7612700341779336470
7612706344969243924
7612712021372587284
7612721221234380054
7612736456250985748
7612748654830521621
7612749617603611925
7612757255062179080
7612758291235474709
7612763898109758721
7612766238234021140
7612766319330462996
7612884266677996822
7612945218458946830
7612948127003200775
7612991039883791638
7613001099670392087
7613005446319820053
7613009017522195744
7613029706425797909
7613037926317968660
7613053854111796513
7613059051403922709
7613068463250165014
7613076613760093462
7613090972011908373
7613091878178721044
7613095627773267207
7613096669546171669
7613100227116977415
7613103689833794837
7613113723053526293
7613116322678836500
7613116945432431894
7613118626585070870
7613139615771413780
7613172020783648030
7613252658073308437
7613312143684898070
7613321076684131606
7613333609591704863
7613336333188173076
7613355753843494146
7613379202234010911
7613387855586528532
7613407183119617300
7613408766628826398
7613443145174650114
7613450249993997589
7613457849590549790
7613458775038528801
7613460365795462430
7613466817029229844
7613475625721941268
7613477746089512213
7613481398116273429
7613492141066554645
7613492648174750997
7613497001833008406
7613518941951937799
7613647749585718549
7613674371042872598
7613678598410620180
7613689288483458325
7613698991137574166
7613699245048155413
7613705860208020769
7613709540097297677
7613730774705130785
7613735873833717014
7613741376953388318
7613756659969559839
7613791843179924756
7613802092821515540
7613822334083910920
7613827847454477589
7613827968179113236
7613831406430539028
7613847365165878550
7613850190939786518
7613883325303819542
7613900165673536789
7613983056214478112
7614017015556230432
7614037461647297805
7614060054144142613
7614086898285595926
7614113058503298336
7614116395688938772
7614116419302624534
7614119960456989985
7614129311129357598
7614144245884275988
7614145327385349407
7614147566166510869
7614147832731290888
7614173861843651861
7614196640336891166
7614222511122697492
7614222578713955604
7614222644400950548
7614223527926877461
7614224228602088724
7614225871410629908
7614227553997311265
7614228866332249365
7614233362055580949
7614240218572426516
7614242212888481046
7614248540314832158
7614253494593178901
7614259825857334536
7614383433137081621
7614393836235787527
7614404245512670486
7614438264866344214
7614469850781535504
7614470044264828176
7614470204868873473
7614474561324616974
7614489990625561878
7614491155807390996
7614495750457724193
7614519519234641159
7614520775583878420
7614527979430939924
7614544419898854670
7614545143449898261
7614580621066784021
7614585505035848981
7614586246026890519
7614586597899734294
7614586974397041927
7614595660523801877
7614604722518953236
7614779627273243911
7614783445063044373
7614789362403855623
7614825609264516373
7614850771946835221
7614879913446870293
7614897070113262868
7614916111708065044
7614916112379202837
7614923264451726613
7614946327721495830
7614953905536994581
7614965039723744534
7614966077608561940
7614974173194079496
7615087506597383445
7615215827255692564
7615216695099100447
7615220012436950290
7615230956030479634
7615235553931332884
7615240076012014869
7615261168629779732
7615264460499864852
7615266725940071698
7615282571466820871
7615283050494233874
7615287255233498400
7615293949829270805
7615304044512431367
7615306281821195552
7615310754610351381
7615311028041075988
7615314135160474913
7615321670902910228
7615357952328764694
7615361014565063958
7615475367461145877
7615527038438362381
7615547424844647702
7615547567056620822
7615561633703726357
7615571843310816534
7615578986114026772
7615600633478991126
7615614300299775264
7615625285320445206
7615627938838383893
7615630743837871367
7615633188668542229
7615639901844884757
7615645029759077654
7615645118812540182
7615658099713625365
7615659738944130312
7615662042254445844
7615672875017637153
7615677564601879815
7615682611289050388
7615692103087099156
7615694301762194695
7615696285718482196
7615697291369778453
7615729932769037598
7615787002964888853
7615837861631347988
7615924656796650773
7615954981010607380
7615959433230830856
7615962381033721108
7615982342095637782
7616002630774557965
7616002704317631764
7616028811947183380
7616032296994376980
7616037641238220054
7616039756048239894
7616046173048163604
7616057840037383446
7616091594676030750
7616097290968747284
7616097643084762388
7616244985335237909
7616245329138142484
7616270835606736149
7616301487685160225
7616318418605640981
7616326879825448214
7616330606422609183
7616349263563443478
7616361988729457941
7616368044436196628
7616371746551188743
7616387591826590994
7616387959478111508
7616400211329633557
7616403416817880353
7616412478645210399
7616413523630918945
7616420039842925844
7616422066790714657
7616425296849292565
7616429353915714829
7616434429006728469
7616435345151888653
7616442483228118293
7616449519630191893
7616451020239064341
7616456490504736021
7616457036603133204
7616458256671804692
7616460232503381269
7616461767106989344
7616466862053854485
7616468565125844257
7616480504090578196
7616655100894842114
7616673588975799570
7616678049249070354
7616717086663937302
7616727432606977301
7616735845730536724
7616745974374960404
7616750084650306836
7616750374900272385
7616770741064813844
7616772333482577173
7616784544909380884
7616786281124613397
7616786863315094804
7616788159099112718
7616788498825088276
7616795842237730056
7616802041104567574
7616855645987409183
7616856856555769118
7616859627036134687
7616861359313128735
7616967242688859412
7617027028646350101
7617039814054907158
7617043168525045013
7617047829357399303
7617051656093551893
7617054474888105224
7617056424497122582
7617077607837830421
7617080662138326293
7617084590368361751
7617090916964158741
7617117876796787988
7617122733310086421
7617140112706620705
7617141910142225684
7617151714587725070
7617157129375354119
7617167520058887444
7617174644361121044
7617176868311076109
7617206589765799188
7617207238473633044
7617228811951705366
7617298153129266463
7617302635674127646
7617303788323343646
7617306054015110431
7617307174158617886
7617308478683483422
7617311174115265822
7617397420963482900
7617418246370741536
7617431681833733397
7617434478121585942
7617444825738136853
7617453459872206101
7617468218218712338
7617473566090546454
7617479636464766221
7617486377009057045
7617512943407631637
7617530802976345366
7617538433652706581
7617569861794827553
7617611268744023304
7617745284658957589
7617798535890652436
7617802494726376724
7617827487569038593
7617827890901667073
7617828142144621841
7617828507824999696
7617828702440787217
7617841045098876180
7617843203538095380
7617866298051153172
7617866372751658263
7617867865667931414
7617877140175965462
7617877999592967456
7617883517317336342
7617883847165889813
7617883879420071188
7617884383525096726
7617884745325710606
7617884946815814933
7617886693076536598
7617889195473866004
7617897697076350229
7617902937352064276
7617928253247933716
7617928987704184081
7617973769805597982
7617974637766479134
7618097776882093333
7618142377378696465
7618150537602682120
7618155247529184533
7618165189413834005
7618175516872379669
7618175537617407254
7618179230697835798
7618205094324145428
7618230855340723477
7618235724562812181
7618236950578728213
7618239878689557777
7618244168955301141
7618245893359291649
7618249394005019936
7618252571936967943
7618255171704851732
7618255311840840980
7618262843909066001
7618264161587432725
7618279372713250068
7618284852382567694
7618305906480254231
7618311531339533598
7618319618003848481
7618333699884584213
7618338137776917790
7618339886667468062
7618340108357471519
7618342275965308190
7618427764433030408
7618453918963649810
7618471032961158422
7618521804960730388
7618564532079693076
7618604312515661077
7618617996671601942
7618629657180556566
7618632248840998165
7618637393452633366
7618644263210978581
7618658695626706197
7618668333692407048
7618680021242121493
7618699163865238791
7618710755478605086
7618712427625975071
7618836545449086228
7618849493479443732
7618889013054721300
7618893202052877590
7618929397491371286
7618931625967111438
7618934251437837581
7618947293135572245
7618948837444652309
7618951174829460752
7618977880311221524
7618996328999210260
7618999462182030613
7619015225785863444
7619016342670249236
7619025832878689557
7619051666855316768
7619060363446766855
7619060900196076832
7619091044579167519
7619091714996849953
7619158622920068372
7619225482071952658
7619233096520502549
7619247334483840273
7619248921855986966
7619251133508373777
7619253071788428566
7619283808944229639
7619303797361282317
7619307457336200469
7619318506730867975
7619321723904593159
7619322109394717959
7619325934738492679
7619327669846445319
7619329899635019016
7619332199795543304
7619334005317438728
7619352683610148118
7619361025925860629
7619364186845383949
7619366107924761877
7619369425933782292
7619372748812569863
7619390050039958804
7619393386432318740
7619400086769978654
7619404768263326998
7619418822646254869
7619430395062553877
7619533015928016150
7619631333777640720
7619637919669603591
7619654513238101249
7619674545393241376
7619746208722046230
7619758908776762638
7619772541996961044
7619786664235273493
7619789724646952200
7619795759818427664
7619796649359052046
7619809251548007694
7619811839089609985
7619959576695295254
7619960087695641863
7619986005017283862
7619988151146204448
7619990018567785761
7619997952320212231
7620000441513807111
7620005933527174421
7620006003928599829
7620012977013525782
7620016034719796500
7620023469362760967
7620026600364559637
7620041203601575189
7620070673683156245
7620076871853575446
7620089158429592852
7620096831397121300
7620097966568738062
7620099842982874382
7620100397331402005
7620111963229703444
7620130969139367189
7620132527939833109
7620171028748094740
7620185665665404178
7620211786586787079
7620271821471960327
7620287473091988757
7620297704647773462
7620351866567773460
7620397065385954568
7620409459109678358
7620426162531061014
7620438101982334230
7620452002186726669
7620469241963236630
7620470069050543382
7620474776821189910
7620483223868476692
7620483411819678996
7620483525761912085
7620485066598206738
7620497514495626518
7620522554184224033
7620527879633308936
7620533536667471112
7620538960837709077
7620551221618756878
7620556942909426976
7620560919390866708
7620646351650540820
7620720098621263105
7620720545289587990
7620738597087350038
7620753157697604872
7620754196546981141
7620765778282892565
7620792415498128662
7620793178936888583
7620793314266074400
7620810544165113108
7620811847435963662
7620813714249288973
7620815321515052309
7620829716211092757
7620832427572759830
7620832994160348438
7620844414931422465
7620853958407474463
7620859554892352789
7620863355246431508
7620866204772601095
7620866545186606356
7620867288761175317
7620894100476251414
7620901215022435604
7620903885309365525
7620908589388991765
7620914765820382486
7620918512537668885
7620925311189781792
7620962889553251606
7621037395441470742
7621073583774633236
7621099238142823698
7621143205937007893
7621167827520687382
7621168724392922390
7621172155132300552
7621188088592616725
7621201373673114902
7621203485396192528
7621208130982251794
7621241088468061448
7621245238367014162
7621249528091495700
7621254236948466966
7621266042278464789
7621275761244196116
7621286971830226198
7621296819670191381
7621383786319695111
7621468272323480853
7621471913210023188
7621480135262309652
7621481147578486036
7621495030037122327
7621496782844988694
7621497723841301782
7621561360123481357
7621562892617370893
7621565013840383246
7621570611093179669
7621582537370111252
7621584899799043349
7621585313864994068
7621585787951336724
7621588131451604246
7621613358768278806
7621627085596937502
7621638950356126996
7621662554959449351
7621670113045138706
7621843395161509123
7621843469811649813
7621847342873890055
7621861294815202580
7621863889688399135
7621868169753300246
7621872154300239122
7621878336108711190
7621897827031076110
7621901419855006997
7621911676874476814
7621933519396228359
7621939595688627474
7621940760971103509
7621950371195309319
7621957734425955604
7621958433658408214
7621973050979863828
7621983041480707349
7621986144762350866
7621999404433575188
7622003335662406920
7622013438918724865
7622027714068876564
7622029657109531935
7622031855923039508
7622033445723639062
7622035033368399111
7622040105909308685
7622052984167468308
7622161368686316822
7622188771043282196
7622196441015962900
7622204699697007889
7622206932320800013
7622222576286272776
7622225860237528341
7622239932039384327
7622260141349457185
7622268075374677268
7622268422230920456
7622294057682767122
7622294672991489301
7622295279080901908
7622316088797318422
7622318682793839885
7622320061411347725
7622327780646112529
7622338934445444374
7622341098941336854
7622341791668243733
7622345301591936257
7622353716338806037
7622355669819067666
7622356256405064982
7622361622840937758
7622382476530371861
7622402760083918102
7622414554571476244
7622421024532974870
7622540739490188565
7622547133819800852
7622570319265500438
7622575131650477313
7622580308386270485
7622580636179533088
7622599686867651847
7622603063592783125
7622607311403584775
7622617059511274770
7622620282347392263
7622627911140527377
7622636178184899848
7622642680845176082
7622650401258474773
7622663454066740501
7622691221579844885
7622704317371321621
7622707141941398806
7622707185222487309
7622715694500859156
7622722742122597650
7622732385871924488
7622740933246864671
7622765927720946976
7622768548867345697
7622962720425397518
7622973973436910868
7622976437183614229
7622989579372547349
7622993023336451361
7623009202818010388
7623010429496724744
7623042812568718608
7623046469859282209
7623052332695276807
7623053741746408726
7623055262886251779
7623057148674870551
7623057271030828301
7623057919076044045
7623059915174579477
7623064173299158294
7623066200897064214
7623077962585230624
7623085589788675349
7623086000469740822
7623092427376708886
7623093961271332117
7623099583282859285
7623101945808538902
7623106259994086677
7623114834288200973
7623116174380846349
7623124360080952594
7623171198142172436
7623186764773068045
7623187589301865741
7623305106716445960
7623331664445459719
7623344623452179726
7623348773996989717
7623383755096345864
7623386801432055060
7623393969388522770
7623406900763168021
7623413846442609942
7623415117828328724
7623418270263151894
7623432368635841799
7623440183773367573
7623452766144335136
7623455737511038229
7623457477983603975
7623458979368258817
7623459681347865879
7623472986456100103
7623483703657909526
7623494321987144980
7623508620591844641
7623511199853841686
7623529057564577032
7623530740067765511
7623536247570566420
7623546814758653216
7623671414868036886
7623678891407772958
7623680214920465684
7623706755125497108
7623709500389805325
7623712179275025671
7623731985655041300
7623743525603052821
7623743914649881876
7623750131271224596
7623760177312828692
7623776776421985557
7623788139575971092
7623803918023183648
7623806286236355862
7623807682398391574
7623813316602776852
7623818302577528071
7623826629843815700
7623853460500319490
7623860634744147207
7623866609106504967
7623903029690912008
7623909310489185556
7623913990388780309
7623918684184071444
7624052479839456533
7624089183807704340
7624093836939300103
7624095549402189078
7624104983000108304
7624116163840199956
7624117613760630037
7624141483154705671
7624147156881984790
7624148455082200340
7624149393830055201
7624168851298585876
7624173160270712082
7624179075753577741
7624186066429332768
7624198282268511508
7624199985109765408
7624200766798056726
7624220931182873863
7624239782511709461
7624244363907878164
7624245691811892498
7624247149726878998
7624251329682132244
7624279967500668191
7624418426622184718
7624418578728635668
7624455526348344596
7624482791899532576
7624487374357040407
7624494765911854357
7624494976688278815
7624497190509071647
7624502255202422038
7624508920802872596
7624518114440531218
7624529887004495135
7624534773486062878
7624534913710181654
7624539047012109589
7624549953486081310
7624552279424797973
7624553539829779730
7624561710426344734
7624568733629009173
7624587851593780500
7624595206188567828
7624622425195482400
7624625326743801108
7624646749998599437
7624668297228995860
7624788109225479454
7624788410422545686
7624791307839491348
7624792946767908103
7624829779111333140
7624853467848445207
7624855497241316615
7624871450066865416
7624891753824374029
7624892789007846677
7624893950305783062
7624896848657976597
7624911963650346272
7624914138967379221
7624934702436142357
7624937889276644628
7624943661368888597
7624958774708538638
7624965121605160212
7624974362684181792
7624981057820970261
7624981793195691285
7624984187745029396
7624986991666547990
7624987682011122966
7624998389326941458
7625012065161235743
7625026879593958677
7625143511863627029
7625172384017812757
7625181744819342605
7625185983331437846
7625237728979914017
7625245379554037022
7625254551267855629
7625260880900427026
7625266487510535446
7625278700149427476
7625280662420999444
7625282200870702358
7625293010284186901
7625294721958694160
7625295332766764296
7625304795812760852
7625306148203171093
7625306152779255061
7625307053698895111
7625317565870525703
7625322921346583826
7625323888083225864
7625330631831981319
7625336715862904084
7625337773804899605
7625338455228271892
7625354261227900181
7625360828778188052
7625362247250005270
7625364498127293717
7625379886160416018
7625380677726326036
7625390248142310677
7625520928289525022
7625545300798606608
7625545479362710800
7625546489175100673
7625546620423228673
7625546622285401361
7625546649758190849
7625548193941507344
7625548692291964176
7625551767383592209
7625551857003384065
7625551918529514753
7625552068870229264
7625552122993511681
7625552197404593409
7625552336202632464
7625552477445786897
7625553440873139473
7625553444455124225
7625553686344862992
7625557584082226440
7625638766270549268
7625639963333250305
7625641223205752071
7625658693727702275
7625661851669417238
7625669719797796118
7625676474820906262
7625680510802529556
7625683095127133462
7625684019983781142
7625689542808358151
7625698391778954529
7625699911945833736
7625702666538093846
7625709063971556630
7625709608266485014
7625712600197664021
7625718365377531158
7625727012254027029
7625731027251825940
7625741443365080340
7625746557496741140
7625792657025010974
7625794704885533983
7625869551665712405
7625884213878738198
7625885849774869773
7625893372242267410
7625913298977901827
7625924255426907413
7625951953712958752
7625961057470795030
7625973184055086344
7625996884280216854
7626003506457251094
7626011840719555861
7626013653866679574
7626016692019727636
7626032505522638098
7626043141442850068
7626052023762439445
7626059794985618709
7626060503042903318
7626065026905902368
7626065157885660438
7626065689064770838
7626068027599080711
7626078309893278996
7626079967520050452
7626082625559481630
7626107691634609415
7626111333854940429
7626111713489734944
7626112304723135777
7626116182873001249
7626121391443660046
7626123366096850209
7626198356033047816
7626199152040447233
7626287375525645588
7626295205913742614
7626312185404656916
7626323083237887252
7626341162391031047
7626344748969741586
7626345220430433554
7626346696611499272
7626349447487720722
7626355638821489927
7626356752610561287
7626358362241830151
7626359226302024978
7626377452138417428
7626384182754921736
7626387568057257224
7626394018687012127
7626399670348270870
7626401127453429014
7626403645256502549
7626405064394968327
7626406617336040725
7626415788538203393
7626419536371223828
7626419846598708501
7626420022331657504
7626421706952936724
7626422428515781910
7626422660884450580
7626432405015891207
7626436907257597207
7626444534431468808
7626452791296363794
7626454655387569440
7626479128677567758
7626480693098351879
7626481963506961671
7626488146032676104
7626602221836225810
7626668391528615185
7626693968381742350
7626700922911018262
7626707770611485960
7626708124648394006
7626712704480218388
7626720829123988757
7626725161009548551
7626732296451755285
7626737335388114196
7626748143794883842
7626757697341345032
7626758083238235413
7626761996783947028
7626766263037234453
7626766404544367880
7626779146030517524
7626785344024775944
7626785838399048968
7626790717104360725
7626790760779615509
7626813482272443656
7626816592654912775
7626818181658594578
7626822593370197255
7626827842021526807
7626827877832543510
7626832793468833044
7626851625478458644
7626980479039819016
7627026500520250657
7627046355411815710
7627050938888473872
7627052612742843662
7627055887047347478
7627062066595040525
7627079046882512148
7627097493653818644
7627109754141297940
7627110919436291331
7627112376004840712
7627116124802534676
7627132639744478472
7627132780291296545
7627143956098338070
7627145548977540374
7627153167507229972
7627153445237165334
7627155102465395975
7627164198711217429
7627178632380796168
7627182362257820950
7627187914065104148
7627188632306142486
7627203000754392340
7627203242253946134
7627203664943287573
7627208544894422292
7627212735683562759
7627216331997285650
7627222784741035286
7627239629795724564
7627281155968027925
7627387392529403138
7627407263132667143
7627412092517158152
7627414215120162070
7627424486626708750
7627430157594168584
7627463399051382038
7627465520610102561
7627471049952627989
7627503162039242004
7627523610432785696
7627533069045566722
7627536993680919830
7627537677855821077
7627561293414763783
7627562975947164936
7627566586110561558
7627573732403383573
7627584952288234785
7627585541051075854
7627598382416137480
7627612183706340628
7627624006195088662
7627626041028250902
7627662284076092692
7627670272874728725
7627778400203115798
7627778926051364116
7627778959886896406
7627780806899027222
7627783818648341780
7627798310358633750
7627808101181197590
7627809625433492744
7627815252536642838
7627816155088047392
7627829521785376021
7627829998996442388
7627835805578333448
7627836750899105044
7627841351903612193
7627841808055176469
7627846423442230550
7627860999789497631
7627864403286805781
7627865222551784724
7627865579105373460
7627875367759514887
7627876408324443412
7627877975500868897
7627887006185426197
7627890588804713748
7627894172451720469
7627896662282784022
7627899718890229013
7627901829120068885
7627904033952369936
7627907566596590868
7627928450153729288
7627934852037315873
7627935401088535829
7627937023994711316
7627939694013189398
7627954997036190998
7627957836512873750
7627958957444730133
7627959221744586004
7627966353512729876
7627966597331701013
7627975879880166676
7627981464172268821
7628168861086387476
7628191554896694548
7628208583070485782
7628213582076841249
7628232451663367457
7628235022255787294
7628238105601953038
7628253412043263253
7628255615403429127
7628261169354018079
7628262876339358997
7628265226630090006
7628270984612613407
7628275308109532449
7628275817247739156
7628301271514090766
7628302528886836482
7628311898718752021
7628315634065427732
7628357300461276449
7628480300623891733
7628527425869319445
7628532935708232967
7628534419392957703
7628553653749599510
7628560958268509447
7628570383339359510
7628571471081901332
7628583846350523656
7628584887796141325
7628586716156202247
7628587964574190869
7628606619726875927
7628620148294814998
7628641498707315989
7628646098059463957
7628647719900368136
7628648784817376534
7628651803147504917
7628661372326350102
7628669396143131926
7628670572385357063
7628670659404614932
7628670969896357151
7628672593096117525
7628676606369762581
7628694291166088468
7628697643048307998
7628705015955229973
7628705033969782036
7628716182635433236
7628723531622239496
7628849455567244564
7628895800755637511
7628905066342173953
7628914274605239574
7628942816948899094
7628948453757914384
7628954849127812374
7628958556821146900
7628968281860263175
7628970426345180436
7628984380282801429
7628997210033720609
7629001782118616341
7629006679010544914
7629012126039919875
7629018576699084052
7629018661495295252
7629018694563220756
7629020111550319892
7629030438954175765
7629038301671918870
7629041407751146773
7629047497524120853
7629055711439277333
7629077979095682335
7629088616270220564
7629093807316798753
7629126973159165206
7629200301819514134
7629276791298919701
7629284332955241750
7629298396175617300
7629310689869303062
7629319293015952661
7629324083041176853
7629326405943184673
7629332109273910548
7629333455733624096
7629334504586448148
7629348826662325512
7629353873873866005
7629363996163869973
7629364342382693640
7629368926433987860
7629369436461354260
7629373731089009940
7629387031172402452
7629389355198565652
7629390700240506119
7629395872404540694
7629397072298528020
7629400477158870304
7629412660395658517
7629413187888368917
7629421203760942358
7629424440756997394
7629426613179976982
7629433134563659029
7629433953941720340
7629434126847823125
7629450133226147092
7629452114951015701
7629459692657446151
7629472545196051745
7629478240725388565
7629487419984923924
7629565535251942664
7629654212271475989
7629658964535381268
7629690991624162567
7629692392433601800
7629692529100868885
7629703610040847636
7629709130810346755
7629716065731284256
7629723861914782998
7629726565861035282
7629731266967112967
7629735701436976404
7629739082435939606
7629748457984593185
7629756556673928456
7629758777797102868
7629761315157937430
7629762062855507202
7629762523327302933
7629765022767435029
7629766294711176455
7629769530558008584
7629775531218717982
7629775701436124437
7629779912194297106
7629794635962944775
7629797228395203847
7629804921134550279
7629810453144816914
7629815903550541078
7629820704879430933
7629827408379546900
7629843429689691413
7629847728947825940
7629998604098243858
7630001151018159380
7630005062491819284
7630014304024005908
7630027095682338081
7630031283577507094
7630058710617885974
7630068434444848405
7630073401813568801
7630082145037389078
7630083108888464662
7630089909600029985
7630097787618725134
7630111602892737812
7630113276931607828
7630142593904463112
7630164925226224916
7630165614706904340
7630178080736169237
7630204632182099207
7630207363772845333
7630213514233154836
7630243964246920469
7630287707607944480
7630327062804303126
7630338904608034068
7630362117450910990
7630362240578784533
7630379153732259088
7630383886677069077
7630390273691979026
7630390521021697302
7630390854787583254
7630399355744161046
7630400019916524822
7630405881217240328
7630414383839055126
7630424359491947794
7630429274389957896
7630435261939338517
7630452380395474194
7630454062118456598
7630463338505456917
7630463387838827808
7630465269244169492
7630465882845728021
7630467539440520468
7630470671579041046
7630472652473322773
7630473438242688277
7630475471771143456
7630475836814019860
7630478222945275158
7630487528939998482
7630493625994071316
7630494454343798038
7630517708538367250
7630520537474714902
7630521692523138322
7630525313830620437
7630528728581295380
7630529163887234337
7630548464190885142
7630554058838920456
7630556740077128967
7630561101280824598
7630568061149515026
7630568456441629968
7630570821513137416
7630578892763319573
7630705543048334623
7630709890398293278
7630732925335522582
7630744686541491477
7630746217038892304
7630771368115670280
7630784307778440469
7630794531461451030
7630795912217939222
7630807088020622600
7630807984083307797
7630810493220900103
7630832379312999688
7630834437433052436
7630835891447057686
7630843482126552352
7630845928521633044
7630847221117766944
7630854783666097415
7630858078476373270
7630861362025090311
7630861429679181064
7630863222257503506
7630864245516700946
7630871592163085575
7630871986532535584
7630872021471071496
7630872749992578325
7630874097865461010
7630874136859987221
7630876648497319176
7630884492013554977
7630886978107559189
7630890763953442056
7630892018830445831
7630894187545775381
7630898669050481933
7630901818964380958
7630903925897481493
7630906062090046741
7630908544199691540
7630909957575150855
7630911608792943892
7630923932820000021
7630947835097206037
7630957786045762837
7630961039256947989
7630990316832853269
7630993911657565460
7631002002461412628
7631060333263654177
7631061725529394454
7631082597707238678
7631084962069892373
7631102653635874078
7631109337393433888
7631110506899672327
7631125389720423688
7631125722601508114
7631126226811374866
7631126937045470482
7631128148989512982
7631128606197959954
7631135931977747719
7631137579412360471
7631141414742592789
7631146007954328854
7631172393729314068
7631173854664215822
7631174958537870614
7631176646715821325
7631177594922175757
7631180228999630094
7631193340096089352
7631196586961407254
7631198162169974037
7631201303380643104
7631202364237679894
7631212802857930004
7631213897680227606
7631215152498511136
7631224913449241888
7631225470708682014
7631227084555210006
7631227099021348128
7631227296459787522
7631227346191748366
7631243110739152149
7631243154405985556
7631243771069484309
7631254108640414998
7631254791636782344
7631254895315651862
7631263653135797526
7631264612020849938
7631267900967472404
7631275110254611745
7631278755142487316
7631284311383133462
7631300022880996626
7631351135604870421
7631410088032472342
7631440684137876743
7631484911030979860
7631490304452873486
7631491313317219605
7631495172521544982
7631496871034342657
7631509483210018066
7631511598435192086
7631540231958826262
7631549346605206792
7631552232147717398
7631562436272835862
7631573322807168259
7631573443611200798
7631573670413995294
7631574409836367124
7631574427062324501
7631583869677980948
7631586863492484372
7631591236171746582
7631593103375207701
7631599601270705429
7631599917064064289
7631601799367052566
7631611238178360596
7631613406382017800
7631614462759423264
7631615541421051156
7631615623138872578
7631616145598057749
7631619393625197844
7631621411953528095
7631623200211832085
7631627282586569998
7631630820440165665
7631632917789199649
7631633176212901140
7631641461141851414
7631644236038819094
7631647337512832278
7631649617112829192
7631650566619319573
7631655380002786581
7631658551974448404
7631659799578479893
7631662912611962132
7631669238264040725
7631669499741162772
7631680168637091094
7631696907319938325
7631715397183622420
7631770918657772822
7631771178343861525
7631788174418758930
7631788700531248402
7631805647457209601
7631816096273779988
7631817560685579542
7631829499465731349
7631833831288392976
7631834118296243463
7631836140361813268
7631846928124284178
7631857103228931346
7631860613693574420
7631870665318010125
7631871089521528078
7631872467094621460
7631878160828730640
7631880144541453601
7631887586067238164
7631892986221350164
7631894515305041174
7631894976661622038
7631895536978627862
7631920470878588182
7631927806846405919
7631933428396526855
7631937998640237831
7631938876982103316
7631949672793427220
7631959769879678228
7631962575307066645
7631966080151457045
7631969971848940821
7631983328496848135
7631985842302504213
7631991832020339975
7631992733980314912
7631997799051054357
7631998571381869842
7632002678612184353
7632007456012651798
7632016695149792544
7632018401153535254
7632019432138640662
7632036782963445013
7632038997103070481
7632040737366052098
7632041504638242068
7632049293372804372
7632064616318766343
7632079130359647509
7632084484262759700
7632190686766337294
7632212144527772946
7632213516912495894
7632215286808169746
7632215287378578710
7632218614258519317
7632237190352735519
7632238381577014546
7632240176487468311
7632245456013397250
7632255136030543112
7632258908219854100
7632273741929549088
7632274827952311574
7632275918182026517
7632281694783016214
7632283630949223700
7632296883616025877
7632307171476180237
7632324126853680406
7632332936569834773
7632338630228397334
7632343632250440982
7632344024107502855
7632348211792891144
7632356216856907026
7632366990660865302
7632382223710211336
7632391383294283029
7632392377671421204
7632399899526434068
7632400814962789653
7632407638856240417
7632409810897538324
7632413991561612552
7632417810081221909
7632419050567503137
7632440338971381012
7632443891702107413
7632448515364424980
7632453809729473812
7632609626692979988
7632619730389585173
7632628079415856404
7632628129365839125
7632630312232586518
7632630856821034272
7632646657531858198
7632649418285616402
7632650460507196686
7632651415344778528
7632653543731744007
7632653963392830728
7632659248845032722
7632665665354091797
7632668691074796821
7632670568130596116
7632676260539419937
7632683968827116808
7632686153199668500
7632693906441850133
7632703161030937864
7632703465952644385
7632706530885831957
7632707182349389064
7632712424910589206
7632718530017774869
7632720185866358036
7632721016954866977
7632728790312979742
7632735658246786322
7632745740405673249
7632752374855093537
7632758226395712789
7632769307088538883
7632769469261057311
7632774549628554526
7632777659134528798
7632778876355120402
7632783134005742869
7632798408536853792
7632807356409056532
7632813435549469984
7632926451897060630
7632943466288368917
7632958496517999886
7632958851045772552
7632965795865169173
7632966175386897686
7632981387108191521
7632981535477484822
7632988833210043679
7632991281047751956
7633006275038547208
7633009610944695574
7633016967410027790
7633021215099145494
7633028912020344085
7633031230379937044
7633033164016979222
7633033693409332501
7633042255091141908
7633047985710009622
7633049253346135304
7633050478804208929
7633051307653336343
7633065687363243286
7633071806445866260
7633074660288122133
7633086258058661143
7633090961450568978
7633091505401416991
7633092921079713031
7633096978691345684
7633098345761737991
7633101625766235413
7633103775825251606
7633111385743838472
7633112699294977313
7633114696346111252
7633127033802870038
7633127794259594514
7633136337507454228
7633138086116986119
7633141641678703879
7633143110746393878
7633149406698654998
7633151610444729613
7633161040678653216
7633167069156085012
7633170208215043360
7633210685899459872
7633270912288099606
7633304841753824533
7633337099768352001
7633350204099513633
7633356512940821782
7633364007725894934
7633375782403869959
7633383150462242069
7633387338877439254
7633392690054319380
7633394434897415456
7633406307315354901
7633409830295719190
7633412146272996630
7633424163885223188
7633430316840946966
7633433026021690632
7633434170731138322
7633434743052225800
7633439530481143053
7633441178448416033
7633451169972505863
7633458833922280711
7633459899770440968
7633460100249799956
7633461891179777300
7633470614833007893
7633473129926397205
7633476802073201943
7633477317519510802
7633478756505783572
7633482767837236498
7633495949427412246
7633498414898007316
7633505285214113032
7633512446279437581
7633518898234674453
7633532838557633814
7633535270607916302
7633536197519854881
7633538971208862989
7633550324267109650
7633552024147086599
7633557297419029781
7633560957205105952
7633674974082944288
7633701087467425046
7633714565225745695
7633718258968907030
7633734197433077013
7633734257755557133
7633735406516735262
7633736688623160596
7633761546153331990
7633764768985173255
7633764845602524424
7633768411562102038
7633771725443960071
7633776908395662600
7633783643499990292
7633785349898145031
7633792687333739794
7633795459231812885
7633797564629929224
7633809238829075733
7633814547165383967
7633814982261525773
7633831538542611719
7633838180956933383
7633840043504700692
7633841438442245397
7633841587398675720
7633843975715114260
7633851154576755985
7633851269915921684
7633852322665336085
7633858075551714581
7633873886668508437
7633880692400655647
7633889377483279619
7633892029667265812
7633895151064206599
7633901786922798358
7633902569047264534
7633905230312246550
7633923085665619218
7634004667596377365
7634016476248280353
7634033503960714516
7634058123807919381
7634060726994275605
7634064594540956949
7634079408520711445
7634089967278394645
7634090971571031326
7634111618636352788
7634113126962646293
7634118338095893778
7634121049415830787
7634124705644989727
7634126457664539936
7634139147812408597
7634145328974925086
7634146208352603414
7634147125378518302
7634149221859462421
7634149260988009761
7634150286302448918
7634152106320022816
7634156215701884181
7634158705235315989
7634161053252816135
7634183928877731086
7634197337048485140
7634198292968131862
7634198669335547169
7634200789421935893
7634200868925181205
7634202678914010376
7634217268297125141
7634221022472031510
7634221327028735254
7634221675487317256
7634227237239131413
7634229105524772116
7634229381560388885
7634236129763429652
7634236497201335570
7634236915654364436
7634242916931734802
7634251344202747158
7634251602865442070
7634259165237628180
7634266228583894292
7634272214409317640
7634279116606688532
7634280858660162838
7634334742304918815
7634335876025224479
7634341024139169055
7634342936502701342
7634349992001408286
7634354787676359966
7634358845048933662
7634448529942924565
7634448912522284305
7634459954291789078
7634475696869526806
7634477228071341326
7634486183405309204
7634486519692184839
7634492336910699793
7634495646556327190
7634496915631000854
7634503658733882645
7634514968905288993
7634516375897246984
7634535046820400405
7634540729590762760
7634548982198340886
7634554484085083412
7634560607089364246
7634563189195164935
7634567372258479381
7634571670484782366
7634577489678945569
7634582392648305951
7634591385043225878
7634593152619334933
7634597681351970068
7634607795081383188
7634611466859187479
7634618772036357398
7634624264968195346
7634624711569296647
7634626987130096918
7634628650339454229
7634631025364192545
7634638839381789959
7634639151752580373
7634664439500803350
7634682606184959264
7634770985828273428
7634794382717193503
7634795342696910111
7634802608133180703
7634816554135211272
7634823737405164808
7634826167782051079
7634827609318100244
7634829777857203478
7634830143596416263
7634832282955599118
7634835446832303378
7634836410863734047
7634846563499642119
7634849582102744341
7634867068453571860
7634880515002158358
7634910944023285013
7634919648168906014
7634930309968022806
7634936580670541078
7634937864337313046
7634939544558800130
7634943226343918879
7634945167161707798
7634946842177883414
7634955523875409160
7634960793901059348
7634972234062351648
7634977318590549270
7634992727557541142
7635011766023425300
7635019520201051410
7635125235087461654
7635179563907124501
7635180875566599431
7635216211298520341
7635222283744726294
7635236743989447944
7635239359473650965
7635239938568523028
7635255878983175444
7635256674768391444
7635259620776348960
7635264948486032662
7635265108859473174
7635279173015112982
7635280079395900694
7635297682638064909
7635302369428770069
7635319667300650260
7635325416047217940
7635325634243202317
7635327761153805598
7635332063301864726
7635332474142248214
7635334699195436309
7635348941688687892
7635350988739628309
7635355426296483103
7635359387103612190
7635379095647358226
7635387908454616340
7635398466079853856
7635533258133916950
7635569966732807446
7635576366355827988
7635585629488696598
7635592176080047381
7635592610559642897
7635602216828652808
7635610413379456286
7635615829203225876
7635619884080123167
7635622584138157343
7635624659924339998
7635631835761888533
7635634343808978184
7635646273697156382
7635654372927573270
7635669087447731464
7635673916542962965
7635674766812171541
7635678657029082391
7635682221394857239
7635683539249286421
7635689936674639124
7635693630447013152
7635697102160432405
7635699711927749910
7635703853475843361
7635716615987825927
7635748699762691348
7635749261895830805
7635849948277280020
7635934023583370513
7635936742121491732
7635939844123856149
7635940919711108373
7635947558849842453
7635953709138070805
7635954748499299606
7635955758332431634
7635961929386822945
7635968426107751702
7635969025855474961
7635976321931201825
7635984318023617824
7636003407471332616
7636005395256888598
7636013121391398164
7636019484779744525
7636024459748445447
7636028102031707412
7636031904306842902
7636033971322686742
7636041772413586718
7636062746680773901
7636067410465934613
7636067762879728917
7636071824161262870
7636072201732508950
7636079023986134293
7636079896086793493
7636082406910430485
7636084555723689237
7636084697461804308
7636086167875669269
7636091475566005537
7636091748669754644
7636093207796780308
7636093323433823508
7636095599636516118
7636109952494456096
7636128368299166994
7636133793895615765
7636139077183507714
7636149574469487892
7636161312879414542
7636230301877898516
7636231211475537172
7636235558615862549
7636282130456235286
7636289470026829076
7636291355332857109
7636304568048962838
7636304883041291528
7636309263685586192
7636320259888188694
7636326951233408276
7636327158595538196
7636327253202291989
7636327482991463701
7636327587878341908
7636329891549498644
7636330142977051924
7636345459451170068
7636345543471566101
7636348054983036182
7636359759158856982
7636360375415393554
7636368516383329558
7636371919964523808
7636377163591175440
7636377429669334292
7636380864678563105
7636382112760909077
7636382651582057749
7636388983538339092
7636405975481634070
7636413105404267794
7636438626871643412
7636438692306996501
7636450191331167520
7636451756951571745
7636460217651334422
7636482706683055381
7636505854925114657
7636509191582076168
7636559504896822541
7636586499789573396
7636624388745481493
7636628061290499349
7636700643897527572
7636709851665583380
7636711626334358816
7636714233018715412
7636716143197179158
7636717316473998614
7636725950452960520
7636730803736694034
7636738842522930454
7636743797052951815
7636747146280045846
7636747582013787414
7636747611273235733
7636748938447441184
7636750479950761238
7636761961996373262
7636775240873299201
7636775303490129174
7636778749849128225
7636780217893244180
7636794046010101014
7636804880593702165
7636805335709158686
7636810551523396885
7636810781371223316
7636811289775394061
7636824525576932628
7636833228241784084
7636835808732990742
7636849569942211847
7636850938015124757
7636852689128803605
7636853313371163925
7636854901225573653
7636867422103801109
7636873953205701896
7636875794781867296
7636886068083658014
7636887892022906143
7636889927845711135
7636899241201274119
7636989490241883422
7636991047855295775
7637035608682106119
7637047590898502932
7637078363684752647
7637078383846903060
7637085990372330785
7637086112191614215
7637091640858987797
7637096593887350038
7637108369983065365
7637109455188020488
7637122499293072653
7637123557507550477
7637125016349560085
7637125296298331415
7637126789579476245
7637136009284881684
7637151637500611860
7637159209204813076
7637159963688815894
7637160995986689287
7637180702203088148
7637195024182299925
7637197284660333832
7637202277018717460
7637203449796398358
7637214870773009685
7637215650775076128
7637219278042975508
7637225841348545812
7637229534651092232
7637234853330947349
7637253730177518856
7637287240065977620
7637287978766716181
7637312056408001812
7637366133212892437
7637430476944182549
7637435629462228257
7637457105103949077
7637459607606037773
7637462647188770055
7637491257861836052
7637507049655455008
7637510682556026133
7637511861872643346
7637513147603111182
7637516137059699988
7637520838333320468
7637526134787231006
7637528078679330079
7637529833538456852
7637543184570273031
7637544531512347924
7637553108775734559
7637555669905788190
7637561758831349000
7637563488205999381
7637564766977789206
7637566092054891798
7637567367198887190
7637568679286295830
7637569349506632982
7637570654858005763
7637573530082643214
7637575520342773013
7637576979545443615
7637578295625649440
7637580254332128532
7637603329924664583
7637606988129651988
7637619959782329618
7637627123062115605
7637646004501843221
7637652696555736341
7637673818114280725
7637694886304664863
7637695922452942111
7637746493977283861
7637767607831088405
7637770987114712340
7637806791883066644
7637811472541682952
7637821473054412052
7637830961232727312
7637841236627344662
7637844905510964502
7637845751007055124
7637846279141428501
7637856152566517005
7637857885497871634
7637863785654406420
7637888240913026337
7637897997229067541
7637900370915642645
7637902198579432711
7637909389046959380
7637919258239929620
7637922622210067733
7637922689344212244
7637931349730544918
7637933952904269078
7637934723297185046
7637935860671106324
7637936749154520340
7637939072308153621
7637945686310374678
7637947750742625568
7637958423409200406
7638035202354220309
7638046162989239573
7638080580424584468
7638136039932038420
7638139684299787541
7638170696476052757
7638173244545092871
7638173911397551376
7638182011852639508
7638184719498235157
7638186511778811158
7638194595687566594
7638199998856924423
7638211387608648967
7638213508273884437
7638213826860616967
7638221086844292374
7638221670594940182
7638225282146536712
7638231795900665119
7638232868052897046
7638233775532674324
7638248466325622036
7638248731170639125
7638250581940866335
7638250622080371989
7638252521252769044
7638254246307269910
7638262589255994645
7638267408544746773
7638278718607068424
7638283460418784534
7638285891869478164
7638291726511148320
7638295115500506376
7638302995217698068
7638308539970227477
7638328790669741332
7638335453673884961
7638345447681150226
7638354359645981970
7638365040382332182
7638365948948303137
7638369682747051272
7638370125636275489
7638379844006333704
7638397781576535317
7638418336551865630
7638419592225787156
7638445877929069844
7638468136555007253
7638478690669563156
7638482691716893972
7638500275501681941
7638501455409859860
7638512154894798113
7638514771796462856
7638524037240474900
7638529131688365332
7638542350867909909
7638543284960251157
7638548650775301396
7638553499847888150
7638570657428704533
7638575438494731541
7638576985173789960
7638590855833537810
7638603216858483990
7638603477073104150
7638605084053507361
7638608776521698592
7638612423821331733
7638617439315463445
7638617698976533780
7638621810187177237
7638622269467593992
7638623982551452946
7638640307386502421
7638643102915284232
7638646875704282389
7638647375875034388
7638649547165682966
7638651498443918625
7638653662058892562
7638654301304360212
7638657049089428756
7638658263818702100
7638659001428888853
7638665918230351126
7638669778478959893
7638673355872275744
7638676982410054934
7638679302833261832
7638681394713005333
7638685712807644436
7638689007576026376
7638689956650749204
7638692381772107021
7638695363133607188
7638702424575708423
7638702974021291271
7638706105669012756
7638716612111060257
7638728673662700818
7638728932132539666
7638741117969730817
7638741368466132225
7638749004951457044
7638752989917777184
7638760459469901088
7638788502758362389
7638845197236981012
7638849771502947604
7638862062856228117
7638877570510933269
7638882869565328658
7638900197313023253
7638902868426214676
7638904986109349127
7638923973694098706
7638930204538260743
7638936086592359710
7638937783310093589
7638944893431270676
7638948246794161430
7638948815088749846
7638975902130375954
7638981526692138262
7638982000614853908
7638982404635479317
7638987836020018465
7638989642724855062
7638992396436376853
7638995740596899079
7638997102038633749
7638999048732626196
7638999207621217556
7639001472247598344
7639007206364482824
7639018986784525589
7639022812727921941
7639032536458546435
7639032784249425173
7639038905655790869
7639040477156658452
7639041618548444437
7639042739518131476
7639044443114458386
7639048044578655510
7639048241069280533
7639050119547063573
7639051042172341524
7639051257000348935
7639051701336460564
7639057557721468167
7639058547963120917
7639059218082843936
7639062237054897416
7639068449909607713
7639082297202953493
7639084684114218273
7639100682875784455
7639103713679887636
7639111650112556296
7639127328399953172
7639127421974826261
7639151263485250837
7639258266383568159
7639284097751223573
7639287908452535583
7639288610088357153
7639303329918536991
7639304723048254750
7639306598145395986
7639306719482416402
7639307561283489044
7639308532600327455
7639310313300577569
7639310459094453525
7639311296516590869
7639311927230893332
7639316736281513248
7639317743463828743
7639323607969287456
7639331211395075348
7639331501191990548
7639333801419640086
7639335141902470422
7639335771299908866
7639345097271725342
7639345462838971668
7639350472146521362
7639354935385066759
7639359205308140808
7639362784760777992
7639369615319092501
7639370234557795604
7639378182944214292
7639380836747447572
7639388075885481238
7639391628603526407
7639394200013950228
7639401281097878816
7639401824218271009
7639406586162810132
7639408441622056213
7639408799954078998
7639410309836426513
7639410797898206485
7639411432462748961
7639412001214582037
7639415182384434453
7639417442611006752
7639419326667246869
7639425530340707605
7639429277192113426
7639434686829186325
7639436850561846546
7639442279899450642
7639444473998495009
7639466002530536736
7639503717997235476
7639563495788350741
7639596480399199509
7639610652981513494
7639646443111796000
7639672377902632213
7639675344022228231
7639692389166288149
7639696574230039828
7639696857991793941
7639698481451470102
7639698636091280673
7639714242739866894
7639730562374126868
7639731731385404693
7639736367265729813
7639738804252855560
7639739525899635990
7639745521409674516
7639756673099255071
7639761067131800862
7639762471133220117
7639763005940518177
7639773087663279381
7639776503705898261
7639781632328650004
7639787015004949781
7639794013511601430
7639798164190432530
7639804680939457812
7639806715432619285
7639809716482215188
7639823604175392020
7639825200321711381
7639836583197216020
7639850295459089684
7639852762854870293
7639854391524166932
7639858858281667860
7639911143217057045
7639971178232253717
7640013441847086358
7640025628502215968
7640029320286637333
7640037307327827208
7640043465652407572
7640043656203734292
7640062424170712352
7640064207559429398
7640065788375878919
7640065962993061128
7640077649997614357
7640089535644306706
7640092464014970132
7640102485377469714
7640104830157016341
7640105538923138324
7640113750766406933
7640117031202786581
7640123666260348182
7640123961619057941
7640129017437293846
7640129878892793110
7640133060255649031
7640133331933220128
7640143319988817172
7640146560168332558
7640150345280572692
7640154419258051848
7640155938535509279
7640156354631519509
7640156764737916190
7640163997269904662
7640178530000866583
7640189290252651796
7640194813094022421
7640196785805266196
7640202164798852383
7640206509455969550
7640209292355816722
7640209383401590024
7640227520910003489
7640295733194804501
7640360006751145246
7640363575739026709
7640383282823040276
7640406130501471508
7640431468061199648
7640433233280109856
7640435471465598224
7640452706804485384
7640459904284921111
7640465635947957511
7640467552488951047
7640478370639252766
7640490837897530631
7640497444316253458
7640499819559079176
7640501712834333985
7640521646691962132
7640532593670196500
7640534978660486420
7640535224677420320
7640549673035386130
7640557923294317846
7640563363864513822
7640570324953648406
7640574061591989524
7640592467775065364
7640746622481190158
7640754787482455318
7640771011318730005
7640777449097186581
7640791205961272606
7640794436061941006
7640801781085146390
7640810824117931285
7640828422133943585
7640833785910545685
7640842213630496008
7640851701586562312
7640857785051221270
7640862224222915861
7640865787967851808
7640867709445606687
7640867886143196447
7640871653601217800
7640879075581562144
7640879322219187470
7640894014316612871
7640945893335665941
7640954480296594708
7640963624265157909
7640974163359878421
7641003191844277535
7641050073450761503
7641092230983208200
7641106133301677334
7641123005648604436
7641127653130538260
7641143774030187797
7641143972093545749
7641169881148443925
7641174025103854881
7641174567842696468
7641177647296335136
7641183509058538770
7641188924911602951
7641189799549799712
7641196708826893590
7641199289498111240
7641201069581749536
7641206530041203981
7641212988447378701
7641217245179366678
7641218817049333023
7641220432766586133
7641226705432022290
7641229277949594900
7641230510773079316
7641242548245237025
7641247688130039058
7641250809925094678
7641258562743799060
7641262513341992225
7641265778112613652
7641266623093001493
7641267276624301319
7641271175242435872
7641274629604035862
7641296242277993736
7641296770877689108
7641305917660597525
7641311567971093767
7641319579951729928
7641322929153723680
7641323837086387476
7641352508778106132
7641354870427028757
7641356043666115861
7641357433021009173
7641421120876580117
7641440356411755796
7641456358843354400
7641507313668410645
7641514684641742113
7641532493090393365
7641549877587037447
7641557264607808789
7641558906543541537
7641562474654878984
7641565881285315848
7641568004471328020
7641568350002236693
7641580115301797127
7641582059697343765
7641585632766135572
7641590237399076114
7641602174543318280
7641609177663655200
7641613422894894354
7641615084594203936
7641621990171757855
7641622880379342110
7641625943303359751
7641627007142464801
7641627975263325462
7641630004605996308
7641632397963955477
7641644833043451154
7641646235077578004
7641647824978857234
7641652249067834637
7641669279636540693
7641675931869793543
7641675967152327968
7641682127108525332
7641683823293517076
7641685639078989077
7641691843364670733
7641692611828370721
7641699685073259797
7641705270883716374
7641722893197446418
7641735724496194836
7641740570850807061
7641821494863056146
7641848532294536470
7641855335656967445
7641874038230469895
7641885189639064853
7641890945318915349
7641900563315051808
7641919923404459297
7641924758723923231
7641926910146071829
7641929007314914581
7641944866750024982
7641944899054603528
7641954782177021197
7641959860749274400
7641960024562093333
7641963463002115342
7641966383131086094
7641969107700698401
7641969712615673101
7641972610296712469
7641983516548369686
7641985244878343444
7641985246287924488
7641992483496529173
7641995694814792990
7641996997335026974
7642005509834411297
7642005556189744405
7642005827091516693
7642010672376630549
7642011755559881998
7642014113333333268
7642030996753239317
7642039159728672008
7642040860808367367
7642042968936860936
7642063419159366943
7642072763066305813
7642074652071775496
7642078134480719117
7642106996711247124
7642171751245368598
7642254893289311506
7642266663768935694
7642266926621674773
7642291752644480277
7642292261564206356
7642292933126819092
7642295010431470878
7642295521431801108
7642302583570271510
7642305181740190997
7642306850150501652
7642324819526110472
7642327713788857621
7642348712588578062
7642362256923135265
7642362361373904136
7642366763480419602
7642374245003070740
7642379550575381782
7642381438658170132
7642387695271955725
7642407683697528086
7642411002289507602
7642430866379132192
7642435013446733063
7642437666725793045
7642440809400241429
7642459472325102869
7642491604871154965
7642598166126136608
7642629056952831253
7642634998092156182
7642645325911674133
7642661315063876896
7642674926314409248
7642675612632616225
7642675837707373832
7642680995459763477
7642685632380243230
7642702155324919061
7642710498504461588
7642713326866140438
7642716348698610966
7642718345871183125
7642719698181819670
7642721873955982624
7642722116474850580
7642729090935557378
7642742904099769621
7642749212685241630
7642750155132833044
7642751094288092436
7642752669416705310
7642757641441119495
7642764147691752724
7642774079820287253
7642775963213843732
7642780778408971540
7642781764112485639
7642797827969633556
7642802195699600662
7642813537022266645
7642821987332656398
7642827189725023510
7642832689422175508
7642926457336892679
7642935123767250183
7642949648914599199
7642952075193715989
7642956434485038350
7642975696121335047
7642983374209961234
7643002247458327828
7643003491224505620
7643016797280619793
7643017054433316117
7643024154546949384
7643025181589523744
7643028944572255508
7643032736004918548
7643033095473466655
7643034614210088213
7643036055347809556
7643039054208044309
7643039586716896533
7643039932293975310
7643040370497965334
7643046641175448850
7643046864996093192
7643048481086508296
7643054296182918420
7643061614022774023
7643065502616620309
7643065925054270740
7643073699976957204
7643075372082334997
7643079869244394784
7643082019106327829
7643083084874763541
7643086068966804757
7643086123451043080
7643088984389831957
7643095112133856515
7643122106582027540
7643128582922898709
7643128637369142549
7643129021613542663
7643129970960633109
7643133328048082197
7643136784255192341
7643141020821015816
7643142943712267541
7643161778024697102
7643166347765026056
7643174000939617566
7643175030091828500
7643186833223847182
7643193605108108564
7643195399154502930
7643199951224245525
7643211508628901128
7643299515990068487
7643321587365711126
7643357390397508894
7643363991334423821
7643365614626540808
7643370057615019285
7643384414017260818
7643401750447197461
7643414093184978189
7643434918642568468
7643434997449362709
7643442480540585217
7643443855458700566
7643445631607983381
7643446330081283349
7643449080726785288
7643457293757041941
7643460787599576353
7643461252898966804
7643463414882307335
7643467424779570452
7643475387032276256
7643481910592687393
7643505418731277601
7643511464443038989
7643517742959693069
7643529221897309447
7643532994564590856
7643533342087990535
7643537537209781524
7643545668748856596
7643548424058506516
7643551848468679968
7643590240938003744
7643595705973542151
7643682349649022229
7643718841020861716
7643744518914755861
7643756765137440017
7643761007956856084
7643770697965178132
7643770968292232469
7643777727614487840
7643786037029883150
7643790487970663698
7643796287644503309
7643800834370784545
7643802649522900242
7643808904090078478
7643813737001930004
7643814331557104928
7643822252944870678
7643824343486631190
7643832803112602901
7643833906122312968
7643835304314506517
7643835873469041940
7643838218730868000
7643839792655912212
7643877583938931975
7643878433344310535
7643878464256232737
7643881516069686548
7643882678449687830
7643892071891225864
7643900866130382102
7643907877429644562
7643909228523949344
7643909780049825056
7643917286448975125
7643923398946458913
7643925246814293266
7643931935764417813
7643933059410169106
7643938903459712276
7643942123418520839
7643956966737333536
7643959841861504263
7643970986370469152
7644047877358210325
7644119104273648910
7644121310683221268
7644123096722509088
7644124502762261781
7644128496725429525
7644136702939827464
7644145174645329160
7644146793252539668
7644150467596913953
7644157505781681415
7644164436932005134
7644168851462130951
7644179239117344008
7644179964190887176
7644187410787487008
7644188075362356487
7644203896407133473
7644204194722893063
7644207273199308050
7644212470155971847
7644213185234373901
7644216246694694164
7644219577383144711
7644223247139015957
7644241340427095317
7644244048919710998
7644244728552115477
7644245086338829575
7644246955522002197
7644248229743267104
7644250184079215893
7644251552307219745
7644266786849869078
7644273789756247328
7644285487775042836
7644308564579749141
7644309150264053013
7644331399696141588
7644439541067091221
7644468204730862855
7644478114394885390
7644504209202613522
7644504694265564448
7644505570011139335
7644506018914815239
7644507635785436423
7644511967763287303
7644514092476140808
7644514538267757845
7644521584425848085
7644521794413546774
7644540914500783368
7644545784108551432
7644552617464663303
7644552955546307860
7644560926816881934
7644562601392835848
7644565473501187346
7644565798337481997
7644570072903716104
7644572736110546194
7644582925639503137
7644585123236613383
7644585398387100948
7644585860914236704
7644587058899455254
7644588293308370183
7644597927121358088
7644599677458992404
7644600396735876374
7644601809104948502
7644605214929980693
7644607861464567071
7644613180416675093
7644622937898732821
7644624540470971669
7644627462915132704
7644627806370024711
7644631747681963284
7644636904830307592
7644643346735992085
7644653134748585236
7644665852704361760
7644692634715393313
7644694923383426322
7644711279545879815
7644793313618398484
7644796284007632150
7644827139681914133
7644831185243426068
7644837160130039057
7644839773558934805
7644845422955056406
7644848454774033682
7644853537318440210
7644856486987861266
7644866754367311125
7644874651398688001
7644875814416272656
7644876063939775765
7644876881828777217
7644878882276904199
7644886592196267272
7644887595037576469
7644887916031839508
7644890266381618453
7644890500964666645
7644891770429459726
7644894982121229581
7644895441397484820
7644896601575656737
7644898478572768545
7644900531684560148
7644906966367636750
7644908818584964373
7644909736688766228
7644912669111340308
7644921682670488850
7644928474557353234
7644932137338080530
7644932198570904835
7644934636430232852
7644939550711729429
7644940849696001300
7644943274175761677
7644947763389648135
7644948844899208466
7644952262413995285
7644954877839346964
7644967015203015949
7644968091092307213
7644968402594991378
7644971781018750229
7644973881333271815
7644977692064009480
7644980187146276116
7644991332477373712
7644993069611371783
7644995567470333205
7644996331131440405
7644997756565622036
7645000475221200148
7645008209115122977
7645015062071102728
7645021374217489685
7645025789812985108
7645027754760785172
7645034771650792737
7645035615276322066
7645038648655727890
7645039069801598229
7645043123227249953
7645052586516679956
7645082754350058785
7645113491149425951
7645114826452159774
7645179570513022221
7645220149494172960
7645222564410805525
7645232267178085652
7645254998112079137
7645255984348400917
7645257915183435016
7645268419507408160
7645269878051491094
7645272331350183188
7645274163132828941
7645279182989102354
7645281361842179348
7645285448780205332
7645298301528444193
7645303557301816583
7645310613945666847
7645314839308487968
7645316160858098962
7645316406573108512
7645316459589143824
7645322723538996502
7645323500479155476
7645328259277688084
7645330785309854997
7645336359992954130
7645345826734099732
7645348637584788757
7645349215790533909
7645371879879871751
7645383419005881633
7645384823556574486
7645394371562442004
7645395660358880532
7645401772927798560
7645402094710607117
7645402548848889106
7645404048903933204
7645405591707438369
7645411646118038817
7645418943347297554
7645426969609375009
7645454733599182093
7645455903583522081
7645463192889609505
7645548493821463839
7645580054042397969
7645625120555388168
7645626314946399496
7645630608131001633
7645641133913034004
7645645029226171680
7645646909863890196
7645655866154290462
7645660132344417557
7645661502313172244
7645665045782744352
7645666356418907400
7645682840281255189
7645685206510210311
7645685785575836950
7645691716749626657
7645691761024584978
7645693336640179469
7645695598120815904
7645696070416108801
7645698511656209697
7645701084895284500
7645701689118510343
7645704012251008263
7645705453946604807
7645708927308516615
7645715156554566933
7645716167805406478
7645720406170537229
7645721427374607629
7645721442826325266
7645725705723989269
7645726443485285664
7645728021260864801
7645728214152645909
7645728891147144469
7645733606291213601
7645739139794586900
7645739226008407316
7645754713794727190
7645762740140739860
7645763378228514069
7645771301461757206
7645776610913717512
7645781037401771286
7645785913565482247
7645787853049302293
7645788842640952608
7645798788451405077
7645800951269313805
7645803673053842701
7645808195302100237
7645837650439523605
7645925398320074005
7645926058352545044
7645941778847108384
7645945945720392982
7645949874445323538
7645966618572393749
7645974240893603092
7645990193450863890
7645994835576491296
7645995805597256992
7646005266609212704
7646005279355669780
7646017125898931477
7646031270471896341
7646033101289868547
7646033699938651413
7646037405274869000
7646039248998649101
7646040326116855054
7646041427138399521
7646043236590587154
7646045894063705375
7646051313033170208
7646053963346824470
7646054589719989525
7646055341679004949
7646055609946623253
7646057599749737736
7646058766475070741
7646059807350312206
7646061077171571975
7646063533158862102
7646070808397352200
7646073731546090774
7646075188831898913
7646079389565750549
7646082940845182228
7646087324660534548
7646087334609358100
7646088137994882324
7646090094839024917
7646091154336910608
7646097612025744672
7646099613979757856
7646100641718340878
7646105327531724055
7646105985076989206
7646107031828581640
7646108798238608647
7646129464572742919
7646132908477910293
7646134202605243662
7646139462463835408
7646140164745596177
7646142845073558804
7646148260318563591
7646154011720125716
7646154947968371985
7646156088009723159
7646158003078581512
7646166129064348960
7646176121314200839
7646184735592533268
7646244375768354080
7646272118539291924
7646295088229879041
7646306473961868552
7646319968878923030
7646327134968974613
7646336161039846686
7646337861091855637
7646338347354393887
7646340274851007775
7646342477376408849
7646346855197969677
7646362227942935822
7646363565942689057
7646367830291598599
7646369798963744016
7646373393733831969
7646374237158051102
7646377764748135711
7646378878444883231
7646380119249915143
7646380595743919374
7646384750877232402
7646385992756153621
7646388612317072654
7646398790550736146
7646399732457164064
7646400596009897234
7646404381876735264
7646405338689752334
7646427514218335506
7646429608631405831
7646432089339940118
7646432574230891796
7646433111831547156
7646434576910322975
7646436111811677473
7646436277759364373
7646437311663607071
7646439185137667348
7646443150705216788
7646447096517709076
7646449769044299028
7646452265724808464
7646452273723280661
7646452532427967765
7646456124346027284
7646458030225181959
7646460039649119508
7646464070492802325
7646464833096928529
7646468622835076373
7646470990838418721
7646471052582751508
7646472103826394389
7646476800951979282
7646479300895575317
7646480091366624534
7646487669744143636
7646492369671441694
7646495333790403872
7646499207192481044
7646510335339384072
7646517756099153166
7646522702794083592
7646533209836014856
7646534650319490334
7646548038068030740
7646680152914627862
7646685590255127816
7646702898444832008
7646711388274052373
7646718703031258388
7646724032620023061
7646729955472084245
7646731097656823060
7646735437733629206
7646737120081628437
7646737328056126753
7646737512307674388
7646738391672868109
7646752289075645714
7646757773459361044
7646764379316276501
7646765275857095957
7646777406237183239
7646781942678998290
7646782260112346375
7646783809664404769
7646788758578285837
7646790526666132758
7646804976789933320
7646821939775802637
7646823227385318663
7646823561180499208
7646827447702261012
7646835131826654482
7646835554834926868
7646849199421590804
7646851477696187669
7646853008239709461
7646854020627205394
7646861747567086869
7646866307031371041
7646869453413649685
7646869599471930655
7646870848682396959
7646875835613449493
7646880300684872991
7646884923478904071
7646894556046249248
7646903127030910229
7646907568735980821
7646908175077133589
7646914710566227233
7646917357973114130
7646917429804731666
7646918095373733127
7646918175438687495
7646918428946615559
7646918543191117064
7646918648522755335
7646918857042513159
7646919689351793928
7646920900763192584
7646921466084068616
7646986026019212576
7647057192985562388
7647057843811618069
7647060917082918158
7647076695370943762
7647084299249831188
7647084482100530450
7647102200371514637
7647102716933704981
7647106865012198678
7647113223170264341
7647127963074415893
7647131700174114068
7647134275091074324
7647138374762925330
7647141131259514126
7647147815839288596
7647153056047582484
7647153801085848852
7647159015264341255
7647159083916643604
7647164915039440151
7647165355932060941
7647166541183634705
7647173915432783111
7647175649215434005
7647176821569522965
7647177072535751956
7647177212797488405
7647181199902870802
7647187018648128799
7647187639635823880
7647187718371298580
7647192528789196052
7647195507340643605
7647196588267293984
7647197927147932960
7647198053983735047
7647199626625338632
7647200533962312992
7647201580374117654
7647202064078048525
7647202316226972949
7647203174809390357
7647205563830439188
7647208016550399252
7647221175889759509
7647236179066178836
7647239523302116629
7647239940073458964
7647241028923100434
7647249392365325569
7647252246295563540
7647257166608518418
7647257398771502352
7647261584397454595
7647271037989620999
7647295417796873504
7647311867894828309
7647427644799061256
7647428342332853511
7647429937007250706
7647430781517712647
7647439985410428178
7647454562776861973
7647473795816492295
7647480368999779616
7647489472556207380
7647491182116785425
7647496078694075668
7647499730276224258
7647504566967176469
7647506195997101326
7647509880101735698
7647519267872886036
7647527196369734933
7647527700202081554
7647529731302133012
7647533781326286083
7647533895595986209
7647551231354768660
7647554222849821968
7647554643861884167
7647557116672216342
7647558226321460497
7647565482534391056
7647566178122026256
7647571756160437512
7647577360962817301
7647578523112115476
7647580012098358546
7647583965498608898
7647587029470989598
7647590726229904661
7647593328267021588
7647593540884794645
7647595297471745311
7647600607494278433
7647604311991569695
7647607495409552673
7647609293889391889
7647609913694276881
7647610014894509332
7647613270769011969
7647619105666714912
7647619131952450829
7647629371695566100
7647635488433769748
7647647919813692690
7647648132402040072
7647682694859525409
7647779054883589396
7647782311089425697
7647798498024492311
7647805492995247377
7647812242368515341
7647812268587060493
7647812427509157134
7647812484774071566
7647812777398013198
7647812847526759693
7647813080851746061
7647813162904980749
7647813596788952333
7647815116729158926
7647815167551524109
7647815236879125774
7647815258068847886
7647815302419401998
7647815492782116109
7647815790145572110
7647815814229363982
7647816375649455374
7647816709872553229
7647818693963042070
7647832729433722132
7647835676808908053
7647837341607824673
7647841730703772961
7647848050592894225
7647848501472169236
7647850005662928148
7647851741551037714
7647854285455150352
7647857199116455185
7647886684759149854
7647897610975563030
7647903326209592584
7647909002449390861
7647912135313362206
7647912356978232597
7647916854995897622
7647918293306690837
7647918379654728982
7647919018762030344
7647919962434063638
7647925975233187080
7647929166716980498
7647938284244634900
7647941370048564501
7647951959546154262
7647956207210302740
7647960241841229088
7647963061189348624
7647965960296533270
7647966927717010706
7647972136325319957
7647978544500378901
7647985115347422486
7647986698252569864
7647991129769528609
7648005198786415892
7648007237780196641
7648007822382304530
7648009252447014164
7648010177601359124
7648011394700397845
7648017968541994247
7648018448613723410
7648048910929349896
7648150272467815700
7648150309457366290
7648150848404753684
7648150938510789909
7648195239466814741
7648195965802810644
7648197041520135446
7648197297620323591
7648206144615222548
7648206617896422678
7648207401702706465
7648213180300201236
7648235140488957216
7648236790104476958
7648248150238547222
7648252172823432468
7648257730678951190
7648272224427838738
7648274015676583169
7648279276428463382
7648286079526735126
7648322962294115602
7648332078412533013
7648332645713153311
7648344176840445217
7648373482983640342
7648373752132029703
7648381523485281554
7648382858410691858
7648387984378694932
7648389222306499861
7648390939152485653
7648405380153756949
7648507602745281823
7648554857820982548
7648557556557778197
7648567514846203168
7648569056580160800
7648585254042619157
7648598373766810900
7648600360004734228
7648602315053698324
7648615603946786056
7648615665368190216
7648619833474534677
7648620199213534484
7648621887416716565
7648628840507493653
7648629095160483093
7648632122231491861
7648643228232650017
7648645902827113749
7648648477341240584
7648652231431965973
7648656460200611104
7648657158283808007
7648658887100402951
7648662787627011361
7648663115105635606
7648664150712798486
7648665193127464205
7648670280788839687
7648673140050119969
7648674175573314824
7648675272580959509
7648677419267689749
7648679474380180756
7648686260646694166
7648686532366241037
7648694329409588513
7648695963569212692
7648698116928998676
7648698782191865109
7648703628789697809
7648704288113446164
7648704635221462292
7648712599109897502
7648714592167759136
7648722271850286366
7648731710678486293
7648732205736365333
7648734504793804039
7648736627661032722
7648740107159145749
7648741088290671879
7648746800286878996
7648748420861037831
7648750680462707981
7648759556226452743
7648760179667864840
7648800014180814112
7648807413671365895
7648827911272795424
7648895304242171156
7648929571345009934
7648931510971665686
7648934846294740256
7648935925740784917
7648939691546283277
7648940546001505544
7648949380023586070
7648964871278644494
7648965849088380174
7648973039870151954
7648992724875496724
7648995188567837973
7649001181796224278
7649006084790816021
7649008755559943438
7649009772313709842
7649012032456510740
7649012975927364878
7649013548495949076
7649015309852052754
7649015643538246919
7649016460198858004
7649016639530339600
7649018619329891585
7649022709824818453
7649025578267561236
7649032356107521298
7649035396700966176
7649038465203555604
7649043086097616159
7649043407955823893
7649043768418585878
7649045270897921312
7649051897147493646
7649053026984004884
7649062514889690390
7649066689694420257
7649071904766119189
7649074441892203808
7649076466805787926
7649079559064800534
7649083299234581790
7649083584640240897
7649084441633000717
7649086838459616544
7649089421001739553
7649091371873193234
7649095065209425170
7649103140289105172
7649107495822085390
7649107737216945410
7649111712456805652
7649128091305970952
7649128575471193351
7649131492299427092
7649159334814862612
7649233414993792269
7649270413972983058
7649296773231611143
7649309274182667538
7649315899949731103
7649329161722481937
7649329725613133077
7649329865874754824
7649343265061211424
7649351523633237262
7649356806476664082
7649363477768752405
7649368867097054484
7649369058022100245
7649370255244004628
7649376256550653205
7649378249167981844
7649378314825567518
7649383040459771168
7649388506875235605
7649389397720222997
7649390000060108052
7649391719112363272
7649391954756701448
7649393027642871058
7649396222880501014
7649397205853392149
7649397477380082977
7649401106023386388
7649406957979323670
7649408016273526033
7649409329107356960
7649412698102680853
7649418857903443214
7649429879632530721
7649433684667403527
7649434468196896013
7649440499903876359
7649445944856972564
7649446503756451104
7649460279486565652
7649465473385385237
7649476347810581793
7649477555107548448
7649486295684631829
7649486589457911048
7649489849484856584
7649496412756937991
7649497105446325512
7649502418140400916
7649506704786246932
7649506870335507719
7649572710304976150
7649664327691013408
7649669068156423445
7649676443521223949
7649686892157455637
7649693718420671745
7649705282154614034
7649706056813235463
7649709123117911329
7649712988693237000
7649724395853745429
7649731395396504852
7649732024110107911
7649738054252383506
7649738814402972961
7649739658040970504
7649756908160601357
7649758836198329607
7649759604686982432
7649760752919825684
7649763925323631893
7649764180408552712
7649765792384421141
7649769323350740242
7649769483371859220
7649772001522994452
7649773304814898452
7649773752410033428
7649777442206338312
7649780165102374166
7649799607991536910
7649801485018107157
7649803958382267669
7649805330360061217
7649816002519338261
7649818055119260946
7649823088443444502
7649824229638294804
7649838577622338838
7649850489110088993
7649863862996569377
7649864821243940104
7649867385033215239
7649869262852607250
7649873165367135495
7649888546588822791
7649901152359812385
7649942791497338145
7649968981163445526
7649981345015287073
7650018681929387280
7650042261148830990
7650065183548640533
7650073058975272205
7650080515134885153
7650087313208331528
7650089195846814993
7650097567375707412
7650098819643788558
7650100221845785863
7650105399886318868
7650108848014970132
7650116455811386644
7650120410792611104
7650121351654657313
7650136878380764449
7650137613420023062
7650141085406137607
7650145292284726560
7650145317475634440
7650147639094283541
7650148063671258389
7650148671400758548
7650151321772821781
7650151897818598674
7650154208481807636
7650156619287874847
7650159688318831893
7650161125656415506
7650162073632034069
7650172845959548168
7650176715045539092
7650176744208485639
7650178537130872085
7650185048951475464
7650191195682999570
7650191473706650900
7650197711882374408
7650205939001314574
7650210212435037458
7650210287529889056
7650212894772055304
7650217332748373255
7650225225027685653
7650225634261667090
7650226160881798408
7650228593145941281
7650230918963055893
7650231210211413279
7650233498413960469
7650234865413065992
7650236969603140885
7650240043965058311
7650240857873845522
7650241667076967700
7650245111032433941
7650245386413591829
7650246859226664210
7650247510652488967
7650247685026385172
7650256597322648839
7650292543875206421
7650311506109746453
7650312233385217301
7650321552885533985
7650354806934097166
7650362616224812319
7650378007512681749
7650381264834301204
7650381669119069456
7650396849219587346
7650398345155923221
7650401728998739232
7650402165843856661
7650408296259554581
7650409007940767006
7650409157773790482
7650410253887999240
7650410286922485010
7650411872277024007
7650414363177700616
7650437879918775568
7650440242075421970
7650442202044402964
7650443911537626376
7650448193494256916
7650450484477578516
7650456104882769160
7650456900537994514
7650459424779242770
7650462918261198113
7650463869655076104
7650469436025064722
7650470444297997588
7650471043018083605
7650475649588727047
7650476293171055892
7650477115904724244
7650477571460697365
7650478606585466132
7650480657000434945
7650482144317410578
7650482717355724040
7650491426563689748
7650501748578159880
7650502927164984583
7650504749103598856
7650505832848837905
7650505981448719637
7650506614310718740
7650508708480437537
7650512584604470535
7650514793618541842
7650523388628192542
7650523817135164679
7650529469698034965
7650531258241387790
7650531403427253537
7650533532380630292
7650534831700315412
7650538631572032790
7650543673993596168
7650549837292670222
7650552558800342290
7650556943353924895
7650559587967323413
7650563633780411662
7650569250893090079
7650571218554342663
7650578392399613204
7650578877714025761
7650587855856651528
7650597495243803922
7650600125730999573
7650602543235501319
7650610313997372692
7650619046383062280
7650666683174227220
7650688756680281364
7650728372602998049
7650742658440154400
7650751714248723733
7650761172496567572
7650761485089541384
7650764111801814293
7650801054581411079
7650810705175710997
7650811283318525202
7650818915882388744
7650825459235638549
7650825661707308295
7650832093907356961
7650833545010695431
7650837494853864722
7650841610908863751
7650848661945240852
7650854659845934354
7650856913101475092
7650863191924264213
7650868225734872342
7650868856860298527
7650874544600698133
7650879492495281415
7650886844841823508
7650901695299456276
7650911772664139040
7650915521067519253
7650916562320280850
7650920058633325845
7650922793248378132
7650922800735178004
7650923180361567506
7650927920294497557
7650928043279535382
7650928475616267540
7650937961646771477
7650938271714807061
7650940407152381191
7650943924730744082
7650945691421822216
7650949382740675848
7650950750239001876
7650956454043684128
7650962919722700045
7650970653008383262
7650980065760644372
7650992867892137234
7650996820704791841
7651010893999885588
7651060886613904672
7651084995687238919
7651095155528748310
7651125339237715220
7651152385972194580
7651159124864158997
7651159493824220424
7651167896764206354
7651172403237817621
7651177780746390792
7651179025070574869
7651181069810617632
7651205952082824481
7651210641671277854
7651212433184296212
7651216974973783309
7651218119351930132
7651219369548139798
7651219483566050578
7651232161294535957
7651232670940286239
7651235080748240150
7651243464897678614
7651250596397223188
7651257523202198804
7651258306870365460
7651260243166366983
7651260476902460693
7651264314598346005
7651267462767414549
7651271691737320725
7651272649720597774
7651276424715980053
7651277199022148878
7651281138106797332
7651284021435026709
7651286232319757601
7651295374518406421
7651297170418797845
7651298549451345160
7651314500980804882
7651327716721052949
7651327762812144917
7651331439358692628
7651349359707082005
7651352501760888096
7651352766673128725
7651359372571856135
7651366039841819925
7651379247415594260
7651380298667625749
7651388147749686546
7651389408310070549
7651463430301289750
7651467087268941076
7651510205317975316
7651510228277644565
7651514778397019412
7651532190961995026
7651533933422693652
7651536186216893716
7651540613719969041
7651542895748517127
7651543484456766727
7651544534756625672
7651544553442348296
7651544765107932423
7651544989578693895
7651546746929073416
7651546968862297366
7651551443991711008
7651552865214795009
7651556407765929229
7651563047877643528
7651563741015739680
7651573341823716621
7651573832263683346
7651573932058873101
7651582470038686996
7651584671758732551
7651585593431919905
7651594291399167253
7651596790898248980
7651600640443026709
7651603750171315489
7651609689188207879
7651615015711034655
7651620795235536129
7651621279056940308
7651624945537043713
7651642676634307861
7651646064969125134
7651646769444441361
7651655945805729044
7651656138383035666
7651656581410540821
7651657023628528917
7651662039953263880
7651664971528408327
7651668098801552654
7651675454734372117
7651683275416571154
7651687831663873313
7651690092620254484
7651691493429677319
7651692834873036053
7651692976724249888
7651695040426790165
7651695449790762258
7651697939739397390
7651712997450108168
7651716227814935829
7651724864084004117
7651726925735546120
7651730550721432853
7651735673547820306
7651741603551251725
7651743921495608583
7651751386534726932
7651751728802549013
7651770095877803294
7651770342892932373
7651771696977890580
7651772963548712222
7651839497985903893
7651869464127884565
7651874442741550357
7651879747387100436
7651889782636727573
7651898808376233236
7651912621913853205
7651915253428555030
7651937095145032981
7651937938049207574
7651941481686650145
7651942297562664224
7651943329067764999
7651948117243350290
7651957463469526285
7651957942970780948
7651960771462597909
7651961521039330592
7651961794684144917
7651964577676119317
7651966244706323743
7651970245183163669
7651973461522402567
7651976808665042197
7651979102076865800
7651980195909487893
7651982963906923797
7651985201316302102
7651990105745263892
7651990872002809120
7651996581125786912
7651996601149410590
7651999363660533013
7652000070732172565
7652006836396133653
7652008403451038997
7652014070836595975
7652020893605973269
7652021492380699936
7652022061405064468
7652024247635791125
7652024584006274324
7652027122399087892
7652028696106208545
7652036546769505557
7652038306460421396
7652053327789804822
7652055400165969173
7652070147221490962
7652078533153459476
7652082256705637662
7652083787639180562
7652086475185540373
7652089499190676756
7652090369680624903
7652096825444289806
7652098466696416530
7652099106998897938
7652106412243340552
7652108103588072712
7652108943199603986
7652109236696091935
7652122278179671303
7652126231478963464
7652134256143076629
7652163414130822418
7652195925233847572
7652203007978802453
7652217099246439701
7652234704783199495
7652243320093068560
7652251194529828116
7652256814452559137
7652271939125366023
7652272722491231495
7652279228074937621
7652294388114099476
7652300823749233952
7652304396583226631
7652304604637433110
7652305056166923540
7652306669816384798
7652308864708185352
7652310909796322580
7652311630356729121
7652316455031147797
7652318533988207892
7652319405182930183
7652321180052933921
7652328335325908242
7652331075557018888
7652333130631662868
7652335159538158856
7652335166475488544
7652341696184798478
7652347470168558868
7652353280630148359
7652353281674464530
7652355109950622983
7652356869507386644
7652359382692318485
7652361374407871764
7652365307285163282
7652371776911019286
7652379078770609416
7652379168918834453
7652379188619414792
7652384186145262869
7652387457048136981
7652388264371899666
7652393924492889364
7652394816835243284
7652395936362155282
7652396351719738645
7652398807933586708
7652401437103639840
7652405357251153173
7652405447697222933
7652412022696447253
7652412335457389837
7652415800787078432
7652416143566572822
7652424098743684374
7652427163269991687
7652427219964300562
7652434871771581729
7652437121575292181
7652443600562818325
7652453670180752661
7652457755264961800
7652460051772214560
7652462459818659093
7652464185971854600
7652481787251133717
7652484421760617735
7652487972675292418
7652532395857497374
7652605713658744094
7652620883286084884
7652627410210295048
7652634316400299285
7652637503207378207
7652638092960058654
7652641394670046495
7652652107102784775
7652653330392501525
7652671634855169313
7652673347427372296
7652683274300509448
7652684754961042720
7652686035138120980
7652698661708696864
7652705286435654944
7652714908332739861
7652717921055018260
7652722007271853345
7652722535938755847
7652723997901098273
7652724225916079381
7652724853719551254
7652725795605056790
7652730783102258454
7652733198534708513
7652734466741292306
7652737804933287190
7652737890115472660
7652739012905471253
7652739986235723026
7652741667665104136
7652750014069951777
7652757458011671822
7652765372692581650
7652765678449413396
7652766139751107848
7652768473864785174
7652777490531831073
7652783587963735316
7652785744674573589
7652795663146585365
7652801108720553223
7652807866532908296
7652813173950516500
7652824094530096405
7652838739793906962
7652844738655063317
7652846620677033237
7652858528172035348
7652863642240634134
7652868538788564245
7652869264151530772
7652899296005688596
7652921836560239880
7652943770010406165
7652964906546793749
7652965995082009863
7652992277551336718
7652993958720703752
7652994132092243222
7653004339044240661
7653008398945946894
7653020707672083733
7653022823530712340
7653026075143900449
7653026360654433549
7653032754279402760
7653039748872801567
7653041995903929614
7653046305865878805
7653049890704002334
7653049950636428576
7653054694264179975
7653060541547646222
7653064200347979029
7653077008259255574
7653079199179115796
7653081212046593302
7653081236453330196
7653087584192597278
7653087805266005266
7653092438801779986
7653100977259580692
7653101096021527826
7653103706044386581
7653106007370910994
7653108892221574421
7653109098698919201
7653112027577109781
7653113451622976789
7653116793770233108
7653120213226884373
7653121106273963271
7653121825517341973
7653124909341625622
7653128661113015560
7653131619477228821
7653135904000740628
7653136592147696928
7653142100162202888
7653142972866759956
7653152090000248084
7653157564976221461
7653160042320956679
7653167571352440085
7653175759606959391
7653189983204822292
7653194983675071752
7653205598686792980
7653217572715924754
7653223230332800264
7653223360997952788
7653225930097265940
7653315508892175638
7653340183005285653
7653366456133881109
7653379888711322900
7653392029635955988
7653392927560928543
7653395378712136990
7653396375098412306
7653396924065778974
7653400055365274888
7653405229110529288
7653410845799714066
7653416929914293517
7653429657450089748
7653452931496201494
7653466671604190484
7653466704722365718
7653467115193683218
7653481342235135240
7653485966568541460
7653489450168700193
7653498214288559381
7653501126859427092
7653501852398423328
7653515849890008340
7653524385512426766
7653545885896445205
7653559452393622792
7653561298860477716
7653565100204297492
7653566117096541447
7653572016963980551
7653572070038719765
7653573800965082388
7653578622896426260
7653579408988441877
7653581137670851860
7653581524884819214
7653585239943679250
7653585382944066837
7653602351042792717
7653606169096834317
7653703385950063894
7653715385757355265
7653793832051428622
7653794828760911124
7653799146771614994
7653815647469604116
7653819748307832085
7653825419027680525
7653826755601468705
7653831377602759968
7653833248925043986
7653834355625790740
7653839720031571208
7653849677644844296
7653853715933236501
7653864474067143969
7653868855944629526
7653869993817378068
7653873070423149846
7653881684730875157
7653893562496552212
7653906019352988960
7653906140706770184
7653917075848580360
7653926467792964884
7653930063003487496
7653932240669347079
7653933390793575702
7653938081237601557
7653941514917121298
7653942175851351317
7653942537622768914
7653948790742863111
7653949070465174791
7653956861737127189
7653959233448250637
7653962048669240583
7653967260540751137
7653968050865147154
7653981561808915730
7653985068280483085
7654022047890263303
7654026592338955527
7654083768558292256
7654099492353887520
7654104632070786324
7654121607127928071
7654121864326941966
7654129591065365782
7654132854049344782
7654139075229797665
7654151290779454728
7654165052907375879
7654179181164580127
7654191722645294344
7654194002773708064
7654194108356955412
7654194175260347681
7654194264515120416
7654194357309902112
7654196162236517640
7654196228971859220
7654196568702061846
7654196871769902343
7654199801101290773
7654211743006264596
7654212648677936417
7654219863413525781
7654220580824157458
7654222584749231382
7654224425407073557
7654227611186449686
7654231603878710535
7654233170472226055
7654237490299145493
7654240940571462933
7654242944719031554
7654250890865446165
7654259651810217224
7654260547193556244
7654262365768224022
7654269529031232788
7654270355451727125
7654277170898177300
7654278973953805582
7654279187284397330
7654294011305299207
7654304877383814421
7654312237712084231
7654314972654210324
7654315060206030087
7654320421835230485
7654327017768307988
7654327555113127188
7654408649305099542
7654477680032730376
7654482245117283591
7654510574092455189
7654511664682880277
7654523797483162912
7654529481125809440
7654530165363526930
7654531928623779102
7654538983615089928
7654554803611258120
7654574362569362710
7654580294548344086
7654580585997913352
7654583109974854930
7654584305766780167
7654585208770956551
7654586043504594197
7654588333191859489
7654592064281267477
7654594636643601686
7654616770623409441
7654621261469076743
7654622847335173384
7654625915216923911
7654627780969106720
7654630245324082465
7654633240380165398
7654652666596871444
7654652790706752788
7654653595777862930
7654654979952725268
7654657882197216533
7654662046444817686
7654665433898945810
7654665566862593287
7654676221497724168
7654679220429393160
7654683940837461269
7654685389084478741
7654689274708626706
7654699846561058066
7654709679150419220
7654710928629452050
7654739097197513991
7654795460439182622
7654798270367141150
7654805905669672214
7654814940259372309
7654824680246873376
7654847273322597639
7654858034249780496
7654869524793085217
7654872205917998357
7654876985562549524
7654882833034513684
7654892546849623317
7654899636540411158
7654932203050290452
7654940282454101256
7654940724076612884
7654943125114195220
7654949805256379656
7654956878916488456
7654961194561850632
7654968542143499553
7654973447470157089
7654974248057834760
7654980142678199573
7654981328940600609
7654987279852735777
7654992595315182869
7654995558678924562
7654997866464726293
7654998438425152776
7654999487672241428
7655004978053991702
7655013592160734485
7655022815086677268
7655025068346461447
7655028853034781972
7655032456520813855
7655043603890490645
7655051603442961697
7655054139369458965
7655058859890838802
7655073950933863687
7655084627060591892
7655161355179396385
7655189782355561750
7655227557805083924
7655232053050363150
7655245870098566418
7655256766355180818
7655259526446337313
7655280193250037012
7655280669202926881
7655282425517329685
7655282721291357473
7655283424466341141
7655283909915053344
7655290614812069153
7655291825212656916
7655292329850359048
7655312603564248341
7655313352226262293
7655322304657837334
7655322474602646802
7655323342962052374
7655326142324493588
7655327428532817170
7655327890585718038
7655330653956771104
7655331790449610004
7655339070838541582
7655340041493056789
7655341586351492359
7655346160458059041
7655347295264722197
7655355106455489812
7655363128670096663
7655364072233356564
7655365506144292126
7655366935084895509
7655370870415838486
7655379376195898642
7655382607168933140
7655385010572234004
7655395264420646162
7655398029830163719
7655404720705572103
7655405818266848520
7655421024099470612
7655431482453789959
7655433482063154439
7655446136009854228
7655450820166569234
7655451550411656456
7655459841200229650
7655465685828570389
7655491586310065439
7655601483324329236
7655608051629640967
7655615641692556558
7655627175994871060
7655630493051931925
7655643667213896967
7655644660014009633
7655645096754433313
7655654243721956641
7655655464679542037
7655657913716952352
7655672515775171862
7655677477926243616
7655678526141500705
7655682071985179922
7655684452269444360
7655687580612054294
7655688925964406023
7655691578131877127
7655707540981894422
7655708296187366678
7655714682077973781
7655728425272921365
7655728873107197217
7655731915546447125
7655742596362276116
7655758307025636615
7655764247363718421
7655764366351961357
7655765806722059528
7655767392731041045
7655768114147233045
7655783110872681761
7655784756352650503
7655806328476159239
7655953635142028552
7655991673566104854
7655993159721159954
7656004243207359764
7656008112675097878
7656027019217603854
7656033468219985166
7656045673753693461
7656048207394245895
7656055968324668679
7656059223398157598
7656065549805407521
7656071831555771670
7656073646645169411
7656084503030435094
7656092158704880928
7656096377277009174
7656098589235629320
7656107350461254933
7656111752068812052
7656113335384984864
7656113820783463702
7656120445447556374
7656127602435820818
7656139537562815751
7656143915929865490
7656144240430435591
7656174169658232071
7656180861594799368
7656181967586741522
7656268551094799634
7656313449277869334
7656331752838909205
7656334676662996231
7656336100239232276
7656340630536228118
7656348999707806996
7656367314710826248
7656367511948021025
7656381978509430037
7656393806463634711
7656404790997437703
7656407624174390548
7656416760618323213
7656421742927236370
7656427811913223444
7656434246227201301
7656434362229017863
7656435422599318806
7656435478689746194
7656449446707842312
7656453271078309141
7656453453279022358
7656454597606755617
7656464876058971412
7656466090712812818
7656484516105587990
7656489349265100040
7656490758505106695
7656492902138268948
7656493165427477780
7656500363100572960
7656504619631136007
7656515138627095815
7656519514254822677
7656522151930989857
7656528531060526369
7656540880597241106
7656554268618444050
7656558312997145876
7656563799855566087
7656591196780760327
7656595559825902856
7656664837057023239
7656711436474813703
7656726958755024148
7656729506291453205
7656740730567675144
7656741007345634580
7656749615634582806
7656760740501523732
7656773389566168353
7656780142441680136
7656781144821665045
7656785890823490836
7656791999487544596
7656792512224333064
7656799391721852181
7656808127353867527
7656810004204358944
7656811712615664918
7656815494661557526
7656822604413668626
7656826639782858006
7656827121146268936
7656830661671619847
7656831072264555797
7656833138961747232
7656839302357339412
7656842122582068487
7656846913504890145
7656854839703620885
7656859099853802760
7656865055488675090
7656867859078925588
7656877388311170311
7656883133026946324
7656883497474264352
7656889688715758880
7656894106467093780
7656898150933777672
7656900965852908820
7656909884985773333
7656910082491387150
7656910985562770706
7656912681965866260
7656917406677224712
7656920513029147925
7656921939763596552
7656922469638393095
7656923655888211207
7656930262617492744
7656931957254655250
7656942828483808520
7656949367143681300
7656959065993530657
7656973378292567304
7657051613118352647
7657058768169176340
7657076881044376864
7657081260061347073
7657097925226466593
7657111673685282066
7657117470720937236
7657118220578491670
7657131275215555858
7657137334533541136
7657137732526853383
7657140202544041237
7657141074976181511
7657146679765798166
7657148472323312918
7657148600530586894
7657152493310496020
7657155795930402056
7657157804599397640
7657161672167165202
7657173852392262932
7657174597577493793
7657176173444631829
7657176884626623765
7657184983399877910
7657186237467413782
7657186954668363016
7657188329586199838
7657189591224552718
7657194226496687367
7657196044597644565
7657197485990989076
7657199636582534421
7657201321430273300
7657201369572461856
7657202914632518933
7657203552095587605
7657206549923892487
7657211280104623392
7657212115337366785
7657220005196778772
7657230673698393362
7657232763505937686
7657232783139556640
7657232808716274958
7657233945213340935
7657235731143789840
7657236929540312336
7657239042232290576
7657240676068773153
7657242497692798216
7657243242081062161
7657244332247895312
7657245197566315809
7657245203329223953
7657245947545554209
7657246996436143376
7657251600234269960
7657258856849935637
7657259699431050512
7657263585478855943
7657264952964779282
7657265403428621585
7657266218319203600
7657266278599511304
7657267308959730951
7657274930899225873
7657276725621034247
7657283025054584082
7657283720931527937
7657284972809587984
7657286033217768705
7657287120347778320
7657287203055308039
7657288828654226704
7657289849291934992
7657291175455444225
7657293942601305364
7657294634946874645
7657295789852544274
7657297133569199393
7657308473734089992
7657357486462160149
7657430717370043670
7657438698631367956
7657445512085327137
7657498883777367328
7657501747266522386
7657511809494224148
7657513829101784338
7657522497574735126
7657535435941367058
7657543674980470038
7657555073035259158
7657556554303950101
7657556619005381906
7657568641424330005
7657569401293655316
7657574750335569173
7657576658165124372
7657577696066587925
7657586343630998804
7657589516902960416
7657592748572282133
7657593268070305032
7657597337681988882
7657599388784676104
7657601569747324192
7657604535229205793
7657605102374604053
7657623149730729224
7657629170008116500
7657632680749649172
7657633412290858260
7657641785459543303
7657650854899551509
7657651475245501717
7657655541430226194
7657694440022183188
7657700088437001493
7657701161037778184
7657725907641093397
7657726386316053780
7657737042301881608
7657830994581671188
7657834239651532045
7657838072381377812
7657853378357202196
7657859553773489440
7657875564782505238
7657877718083620129
7657894068772490514
7657896772576316680
7657897062096276744
7657902483238292756
7657908637708422433
7657910369381322015
7657910398498196743
7657917529821695265
7657918774137474311
7657920043509976353
7657925561200676114
7657935301427416342
7657941999458323745
7657947129263951111
7657960645408656671
7657961909584497941
7657967086186007830
7657969230767263009
7657979192016915726
7657980341843578132
7657986107367492885
7657990973963635989
7657992868539223304
7657995738705874183
7657996526634962183
7657997419170303239
7658005855798906120
7658024645727194386
7658029195515284743
7658033384500825376
7658034387350605064
7658034659141356808
7658035170892647713
7658054590687956244
7658146762510601493
7658148757812317460
7658183301865262354
7658189467794017544
7658190761753693458
7658194673055304981
7658195230704880903
7658195826161831175
7658198818441202964
7658206377487256865
7658220213766229270
7658227101732064533
7658242901868137735
7658243802053856520
7658266194855595271
7658268483435760904
7658269664539069714
7658270987779099922
7658277612334124320
7658279317109017889
7658284078797573384
7658286909101296929
7658289293298912530
7658307432023739668
7658308249556438290
7658309261730090273
7658310069347716354
7658310677831912736
7658314646310423830
7658316151566486805
7658324016863710477
7658325053238709526
7658345719987703047
7658347200304385300
7658364948807945493
7658368586947267860
7658373841428827413
7658400184061185313
7658417867813129490
7658421161759460629
7658561555784633622
7658568652953783572
7658575823099727105
7658585973713800469
7658586483174984968
7658589970524900615
7658592493000346901
7658597746584243477
7658607555190459655
7658613582401178913
7658617055389699346
7658637079890513170
7658639955501092129
7658643480943660301
7658661747515067668
7658664041111424277
7658664899962293512
7658670614080670983
7658671543475604768
7658673831967542536
7658674678877179158
7658674946540932385
7658675614051749152
7658677960790166817
7658682873624448276
7658700175912848662
7658700613483580692
7658731397921770772
7658737033233370390
7658739210265824533
7658747627957243157
7658754927405124897
7658755380150930696
7658768947201772830
7658785264663366919
7658801341350857992
7658903086898875670
7658957086088285460
7658972843132341525
7658973392309177613
7658979468144495879
7658980783440399624
7658989171150867733
7658991909821648148
7658993308491894036
7659001336901553428
7659011895579462926
7659013690326306069
7659016138315140370
7659029591087926550
7659030836121062659
7659037622546746632
7659047027677891860
7659058093522734358
7659058687658429729
7659060308077464865
7659060678505860385
7659076035182382369
7659097673256996117
7659100929630735637
7659110792372948231
7659115985797942550
7659118017980157216
7659123050801466631
7659123635596266759
7659131331904916756
7659139860673973511
7659167976599440661
7659174682955959572
7659177201396452629
7659256998134893846
7659298451158568214
7659319751394479393
7659333521923738912
7659334680000367886
7659339763790515476
7659340998891539732
7659354377165049110
7659361976879041824
7659365877409680672
7659378063897087249
7659384085084654881
7659385087317789985
7659395453787639061
7659402329317248264
7659402742636514582
7659405346879933703
7659407909729914120
7659408079238335766
7659412332514118933
7659412422125571342
7659413088516525332
7659418487248473352
7659421170449616160
7659430683831454997
7659432328451722504
7659437100609309960
7659438320409251080
7659448019670142216
7659448058907823380
7659456693142785288
7659458843352665362
7659459589108141332
7659460399661698324
7659472654641925396
7659473122927791381
7659475059702058272
7659475469431000341
7659483269733321986
7659485705323826453
7659487138005814548
7659487672070704404
7659496805754834196
7659525141046578440
7659538672148335890
7659682206696181024
7659710204652621063
7659711477732936980
7659716414068002056
7659719188004490517
7659732919266676000
7659750060200037650
7659759564509728008
7659760464867396884
7659763122416291095
7659767685714087200
7659767779947547926
7659776491978345746
7659778494460644615
7659778593160989973
7659783714213219617
7659786157248613664
7659790719489608980
7659796549395959071
7659804606616161544
7659804802980859157
7659806885696097569
7659809625264409877
7659811543785245960
7659813156281126151
7659814062296976661
7659820926346775829
7659824474178538784
7659831826982276370
7659847104076057877
7659847353670667527
7659848717972950292
7659851153961749780
7659875961629871391
7659876898347994398
7659878523800341768
7659882423106227486
7659885265741188370
7659887403334733086
7659890373417897223
7659911694721797394
7659936337394486549
7659955332239723809
7659955519993449760
7660036565720108306
7660051842549746951
7660052398911622408
7660071763916836117
7660077250586463502
7660081648528018706
7660104081020636423
7660110847221665045
7660111219235343648
7660118058752593173
7660129274103418132
7660134329191959828
7660140910885375255
7660145432441457942
7660148448578063634
7660149782110981384
7660153677318982933
7660157769995128097
7660179009556483349
7660182833088187669
7660184884417383700
7660185240727457055
7660185815514991892
7660186319611579666
7660190612825689365
7660191484565572872
7660193876992609556
7660199415805938964
7660200481016384788
7660207318818229524
7660223350995832084
7660231945883749662
7660232720391425301
7660232868274179350
7660242511981563156
7660242897731718418
7660244493140086046
7660252305043754261
7660252586334817554
7660257918654090517
7660265871600045330
7660274278218173703
7660281758855777554
7660381546762800404
7660395512410950933
7660405083963739412
7660407617768017173
7660408193004080404
7660413899371580702
7660417437531180309
7660420864785042719
7660422192886304030
7660427608546381087
7660428095958175006
7660430688000249101
7660432691782782229
7660441551985773857
7660453466690587924
7660453862964202773
7660455918076808466
7660464220852587797
7660464747162144033
7660467686832393485
7660469616950447378
7660475528213843218
7660482064315321630
7660482492637383969
7660482775648193824
7660483205350444320
7660488955342654738
7660492168921910560
7660507940331228449
7660511636863847701
7660514560201313558
7660520169575353614
7660534842513263886
7660538033208397077
7660539249258695957
7660543903296408853
7660545674257124615
7660545844621413664
7660551391059971349
7660553977695685920
7660566754304871698
7660571756549180680
7660574061038243092
7660574249295367456
7660579446516223252
7660581903321320724
7660583949760056597
7660584962101366036
7660586882673249557
7660587670631992596
7660591584957713671
7660592154225560840
7660593368367484181
7660593900653939988
7660594803800902933
7660620405878705429
7660621798492491041
7660631052955782408
7660633299899141384
7660638457466916114
7660657170857381138
7660732620698963222
7660774811995622688
7660774950260706592
7660799931694861588
7660815782078631175
7660818328239279381
7660819285614267669
7660830099016617237
7660831251233918226
7660857085164391712
7660865308512505121
7660882738521656597
7660884461239667970
7660886626402356513
7660891016295173397
7660894958248824077
7660897819640909077
7660899103802461454
7660906152691207445
7660917126240226581
7660921751290793236
7660928243314216200
7660930839550758164
7660958351727004929
7660969076663045394
7660970852585983252
7660980840297418014
7660982502504303902
7660983137119243540
7660985140528598303
7660985546092694804
7660992484503211271
7661003490780597511
7661004642008091911
7661026880203607309
7661128826142985480
7661152244259163412
7661177930470477074
7661180024971644190
7661188891923221781
7661212817269345543
7661215936430787861
7661216142421183765
7661229144105176340
7661241877210860831
7661253808072248598
7661255123896765718
7661266359124364565
7661276677040885013
7661278589043690772
7661284046143589665
7661284681698020629
7661303142016896277
7661303330907491615
7661331412745833759
7661334919272025375
7661337650489560328
7661356891590642965
7661365362818026759
7661372539008027922
7661373682723458322
7661385695679761696
7661398627046198549
7661491523200060694
7661504247451700511
7661505288171703582
7661543524432743688
7661563511193046294
7661586718314876180
7661588180860259605
7661616970957163794
7661617961563639047
7661622200507714837
7661622605341871367
7661636374793096470
7661637298135780611
7661651154069146898
7661651253981728018
7661653774145948935
7661654711212428565
7661667066067438868
7661671651792145684
7661682035836194055
7661685708070997255
7661691770190826766
7661694707973573919
7661701682979556640
7661702194353229064
7661703807935679752
7661707136749096224
7661707581651520800
7661724940365876500
7661733040099446036
7661895849852685576
7661899384027909396
7661906105785699601
7661946663715589397
7661947376290041109
7661948451445411103
7661949683425725727
7661952648966393119
7661963897527831810
7661966543185644820
7661972472337648917
7661973686219459860
7661977444382952725
7661978353766894868
7661984847157611796
7661990152079707413
7661991123698666753
7661994865881877773
7662001590882077982
7662019346453105922
7662022626881113365
7662025048907468052
7662026545971727634
7662028914860035335
7662029202161634580
7662029213909667104
7662030173122120980
7662032713406336277
7662037062131911956
7662050091540155681
7662057486597377301
7662058449546562824
7662062255361707296
7662065851280985366
7662081179247480095
7662081617904667924
7662085348377349394
7662087316021906720
7662087655693307144
7662093259723803911
7662099784194362642
7662107894027996434
7662124720531213599
7662260896152161557
7662268877073616141
7662285324504026389
7662292572223720724
7662296358669405461
7662307781042621728
7662308955858685202
7662319623936691476
7662331267538554133
7662332402286578951
7662334445474614536
7662335122083040530
7662335374957546773
7662343614894279949
7662354578918214920
7662358573195758868
7662358616053255444
7662366021004709138
7662366599810206984
7662367096021601554
7662367386980338964
7662371072297159957
7662371359057546503
7662373314538573063
7662373840667921672
7662380860150254850
7662388952359324949
7662392300055710994
7662393169136635156
7662393299533171976
7662393307518995732
7662393676768857364
7662393710193282312
7662394742285667592
7662403797355875591
7662422659849784597
7662423530176253214
7662453283113422094
7662453552631139602
7662455226733006100
7662459012830465298
7662461018391481620
7662461797173071137
7662467638127250706
7662470141585788167
7662471580001258773
7662480954753125665
7662486121758084359
7662488781928303880
7662491481755929889
7662493208676502798
7662497988459138311
7662498975332814101
7662505278784523552
7662506501130505479
7662512578526006560
7662517464621747469
7662517539834023169
7662518147752152341
7662521932373380372
7662597199737539861
7662624979116166431
7662626551862791444
7662642100839664914
7662654040119004437
7662659927751609620
7662661719289842965
7662665048233479445
7662666662801444128
7662673064588512533
7662673882804981024
7662677378396638496
7662677404917239054
7662679408465005832
7662682012439858439
7662682638913735944
7662682697705295125
7662690552537812244
7662690823368215828
7662693217007095061
7662695133816622344
7662702815462346004
7662712385106398486
7662716354557955360
7662717719506111774
7662730685542599956
7662734191154531602
7662735179684859144
7662735839708990742
7662737557180042516
7662738631777422614
7662738748395883784
7662743677801893140
7662743880760167697
7662745548872568096
7662746227523489045
7662750381729926420
7662750864184036626
7662753190756076820
7662754819920301332
7662755466358902048
7662758222872415496
7662758991243611410
7662771203756526880
7662774259244223764
7662775903499406625
7662779214667500820
7662779506565958930
7662780149871512840
7662782553933270280
7662783644804664583
7662786569408908564
7662789659176520968
7662792282499796237
7662794843659226401
7662796240207219981
7662800210011245845
7662802586654772500
7662804407339339028
7662805985983155476
7662806532693806357
7662807676723809554
7662808902140022037
7662809685657013524
7662810692587654418
7662816076438277396
7662816806750457096
7662818223003372822
7662822176722013460
7662822206086466829
7662822338311769376
7662823123133287700
7662824776527858976
7662828530224368904
7662829080039001365
7662831373459197191
7662833987122973970
7662838672416328968
7662840934865947937
7662841709109202184
7662843022475971848
7662844703964007698
7662846607460748566
7662854031160724757
7662856724767853832
7662872836461038855
7662877684225084692
7662879762431380757
7662950364546649376
7662997398016232737
7662997987341176085
7663001309108309255
7663011164066041095
7663014874561318165
7663015282310597908
7663017846976417044
7663023786681290005
7663026520419585312
7663026738141662496
7663026900742180129
7663040526232407317
7663046061501451541
7663046252078189831
7663047275073031457
7663049598759357728
7663051121736387860
7663052217695440136
7663055175296290081
7663064530930371861
7663066375283330325
7663070719135239432
7663071900419099936
7663074050469547284
7663075282051534112
7663084446299557150
7663086207353490718
7663088284968439070
7663089740597579015
7663092089282284821
7663094356114492690
7663095138272529686
7663095327293115669
7663095915200269586
7663095934913449237
7663096625279307028
7663099191035530528
7663099826103471392
7663101000865107233
7663101800546913557
7663103277466193159
7663105681880337697
7663107198389652758
7663107886675152148
7663108058700172565
7663118321948036385
7663122213821828359
7663126602716450069
7663127882344058144
7663131572970769685
7663133249203424519
7663139830137703687
7663140181327154452
7663141163339140372
7663141855558634759
7663141936496151816
7663145475402452242
7663148361247182088
7663151706116607265
7663152805040966943
7663153385113193749
7663166620570864916
7663168091450395925
7663169450677472520
7663170494908140821
7663173714241948960
7663173986632715527
7663174245123443988
7663174730970582286
7663179537710255378
7663196874182020373
7663197298830085384
7663210989696994568
7663212994658045197
7663218245729553685
7663219097991220498
7663221496013147399
7663226157168413972
7663226919038618910
7663231233563872533
7663233417735130376
7663238532948872480
7663240641853361426
7663242879950703886
7663244492241194273
7663244843132439840
7663245800486571296
7663323369814723860
7663375549082995988
7663380490417671445
7663386468517301511
7663393156397944085
7663395625404321042
7663403556656975137
7663403825138502930
7663408009401421070
7663408564718914836
7663412823124397332
7663418987019078930
7663423707259374862
7663426350220365087
7663429355053337888
7663432802943192342
7663433850244189461
7663444114238622996
7663446175818861844
7663452087920921864
7663452152488135957
7663453491150523668
7663453579595861268
7663454676527926548
7663456455688736020
7663457607893454101
7663458853714939156
7663461332917685512
7663463015999638804
7663465966210239764
7663465966759595284
7663468069448092936
7663476723501026592
7663477145527684374
7663478628616867093
7663481458824072468
7663482360058367252
7663486759073893664
7663490587756072224
7663492184296918292
7663492838990040338
7663493629104721185
7663493968700869908
7663496268982832416
7663496901077208341
7663502109723102486
7663505874719214868
7663511590049778965
7663514289419914517
7663519607633857824
7663521857806667029
7663528580990717191
7663530309153082656
7663530865711992071
7663541181023816981
7663556173194448136
7663559272181124372
7663562060772560149
7663562699149823253
7663566920381254945
7663570311610223893
7663581518270450962
7663590924806573320
7663607462091623712
7663638109195734304
7663638221972131104
7663639190881586464
7663654634808020254
7663749746208656647
7663753621036666119
7663761330540760334
7663764753679944981
7663767576220028181
7663770564175203604
7663774225760554261
7663777515936271623
7663786397714648341
7663806954141256978
7663806961443409172
7663808838017092896
7663811405623168264
7663813063946095893
7663818039044885792
7663821202955275528
7663824083817221396
7663825011991481616
7663833794360659207
7663837972998933768
7663839131545423126
7663843124954860807
7663860737646906656
7663861352636697876
7663861676000742677
7663862604963794196
7663863025824222482
7663867592666270997
7663875992204758293
7663887393916767495
7663893532339358996
7663918112013552917
7663919086602095893
7663919967552736532
7663920786264067360
7663920926240591118
7663921095585631510
7663922066827070740
7663923512226123029
7663926520510975252
7663930183807716629
7663934303016979744
7663945270882798869
7663957302638120213
7663959382782135560
7663959961361206549
7663962729929084168
7663969474080460052
7663975952497642765
7663980095807196429
7663986536391789837
7664103220234538261
7664104369444424973
7664104924501888270
7664112286772055317
7664128604565032225
7664128668813282593
7664129058988379424
7664129280573525281
7664130044134018336
7664153674490383636
7664163668141116693
7664165229697289493
7664167442310057223
7664167704508583200
7664176744605240608
7664178761503362325
7664183993058757908
7664184216594271506
7664190498692713746
7664201723249986836
7664202887198723360
7664211531743202568
7664212504616127764
7664214955146710293
7664215361520143637
7664217921245170964
7664228122929188118
7664230248547896606
7664234834193042720
7664234864199306516
7664240926885235976
7664242528929320213
7664245715341708564
7664247564459756820
7664251942239030550
7664252905431502113
7664255228463664405
7664256697074044191
7664257377771801877
7664260235015572757
7664265142221180178
7664265686851538208
7664265842527341832
7664268181191626005
7664272396341366030
7664277643109338389
7664286041192369422
7664289626055675156
7664295859990940949
7664297663499734279
7664298377139473682
7664300668311571719
7664308887977348374
7664309356896275725
7664312400333589792
7664315383620373790
7664317907811273997
7664337170139827476
7664337856420236551
7664342854994578695
7664346827541548296
7664353336660954388
7664363508083035400
7664376182158134535
7664457748159024405
7664458898585177358
7664463626572434718
7664465154981039390
7664467592207289631
7664477435731152149
7664478114214432020
7664478680390880533
7664493555427134741
7664505142879849761
7664508517239278880
7664511972985163016
7664514871106489620
7664519116962761991
7664520037700619541
7664522947587034388
7664524485051092242
7664524534053227796
7664527845200235797
7664529786135481632
7664532272925953301
7664545274265636129
7664548724315639073
7664550321032613142
7664556081766567186
7664562004400639252
7664565688199089429
7664565907678678279
7664567344110357781
7664568612929244423
7664568883256495381
7664573186675084562
7664587595862527254
7664598793286896916
7664602926681165063
7664603873461521671
7664609333317045536
7664611819046128910
7664615278281624846
7664615592703429896
7664616693574028576
7664619325088779538
7664628723706121502
7664638899523702048
7664641140943064340
7664646925513248033
7664654888814546197
7664661212369669409
7664664845416942861
7664671731969297671
7664678319929003271
7664680614259395847
7664680788109135125
7664683006661119239
7664699343655423240
7664706387305434376
7664708596923419912
7664710241984023826
7664719881417510165
7664721413256891668
7664749968091008264
7664794197731380498
7664843884916182292
7664847570585341204
7664864808348437768
7664871573685390610
7664877369601051924
7664877645561154849
7664886993905667348
7664890999533063457
7664897786051104007
7664901700670672148
7664907702212037908
7664908615169510663
7664909224769588512
7664909791369678112
7664914144163908882
7664918458353618183
7664919979673881888
7664921851830734101
7664923713476840722
7664931016057965831
7664931960078241056
7664934863744568597
7664935839440375072
7664940629889142036
7664943229736963348
7664944762507513096
7664949099757571346
7664949575584697608
7664951203293383957
7664952635908164885
7664956978032151815
7664957172551372054
7664962119070141703
7664967745590644001
7664968717419187476
7664971893727972621
7664974957952126240
7664979722694053142
7664980342197062945
7664980734276291872
7664981050703088913
7664985624839032084
7664991994967526677
7664992253743598881
7664993294211960096
7664998227523013908
7664999684909387041
7665000654003277074
7665001339381959967
7665012553264696594
7665013712864005396
7665015859441749255
7665022933001129224
7665024449174899976
7665024560634334478
7665025491853692167
7665028369150479636
7665028926565092626
7665035950623362311
7665038719438572833
7665042985402256661
7665043760127986964
7665045401556323591
7665050229917469972
7665057358380322068
7665057994807282964
7665063989331725590
7665068450447953172
7665079013035183378
7665087003016350994
7665087945237384456
7665129010728340766
7665198460576124181
7665221851664092434
7665235652933405972
7665258313260584210
7665258935368158485
7665262465311100192
7665263473378512146
7665270423541648661
7665277526528331021
7665278217762180372
7665279144288144658
7665280647958760724
7665282868934987028
7665283742386195732
7665284232243154196
7665284252920990994
7665286844082343190
7665291849417952533
7665293190114577685
7665293535104584981
7665298406218288404
7665302738984684821
7665303797782023456
7665311530379955476
7665312969533820167
7665317153737854228
7665320520241401108
7665321671213075732
7665324672489114887
7665325178179652897
7665325181724036372
7665326082458914061
7665326228324240658
7665333095641500961
7665334071651798294
7665334846020930837
7665334915243838740
7665347220698418454
7665349957896965408
7665352168500661537
7665353796075244832
7665355378896440583
7665360625983343879
7665371701839973653
7665375033023302943
7665375116120853782
7665375134571777300
7665376653744459026
7665377088899386632
7665381643032546578
7665386706199219476
7665388097240124704
7665388891368656148
7665392229682269460
7665397900616240392
7665401738089843976
7665407420960656660
7665407979616832788
7665416915954846997
7665421903494008086
7665424407900327175
7665427579150568725
7665430515440258337
7665433836783815957
7665436180213026068
7665437432002743573
7665439019639082260
7665443483989085448
7665447931171835154
7665449280336956690
7665449478761106708
7665454387094883605
7665458949172382997
7665460038403706133
7665461167292288274
7665462277163797768
7665463470661389586
7665469114047155463
7665476126629760270
7665510162974657812
7665596907489742100
7665620548428303637
7665623910569807125
7665627469973622037
7665628474215763207
7665634285130353951
7665636254188309790
7665637140994313502
7665641200375876882
7665645096490011924
7665650384953691400
7665655443087281428
7665658288041708832
7665659560316685588
7665665389690424608
7665667175138594079
7665667596418567442
7665675175404391713
7665680188138720520
7665691172865674517
7665692911387807008
7665702249405975828
7665703535429831967
7665705039553449236
7665711292249935136
7665712600428137741
7665717056108514574
7665717562251955464
7665717582208486688
7665717884433239328
7665721378112277782
7665722030506954004
7665722432849808660
7665728689237232929
7665731149058166034
7665734213022420232
7665742651068615956
7665753575640796448
7665755245019958548
7665755488772017429
7665757143957589269
7665764974408518944
7665766310495767821
7665767408631614738
7665769266553179400
7665775600967142676
7665776020233915681
7665782887354010900
7665787131071073557
7665790696393116936
7665791223503801617
7665797861291986197
7665804124948090133
7665816025316953364
7665820220950367508
7665821723442318606
7665822420674104594
7665825701177724178
7665826591813061909
7665828630777400583
7665832358242815252
7665832780886002965
7665836877898927381
7665840573747678494
7665842420021546261
7665850217987689746
7665852233422097671
7665974967623798037
7665981839013678369
7665983569214475540
7665991053538807061
7665996235567795477
7665998367645863198
7666013860381412626
7666017773100862728
7666017927803538695
7666018440863599893
7666021199331282194
7666022303771249927
7666029787286129928
7666029792487099669
7666035495075400967
7666041171915033877
7666042137057840402
7666043142214323489
7666046064461450527
7666046282385018132
7666053270498020629
7666062000610495764
7666063544043031838
7666073485835373832
7666078028883119392
7666079167120788744
7666079844941221142
7666091061122452757
7666096222087744776
7666097046818147587
7666104878258867478
7666105490207706389
7666106863502527764
7666107584356617505
7666108109206654216
7666108209165290770
7666110830823492885
7666114996828441863
7666117996540136724
7666120679925763336
7666121617570942229
7666129798900501793
7666135417191779605
7666142624599854369
7666142730661203208
7666144230166859040
7666153162537028871
7666155542938684705
7666162789471374625
7666172465843834120
7666184891805011220
7666193123256945927
7666211206054563079
7666212910493895956
7666218810978209045
7666218903160343828
7666218989609110814
7666223186689707285
7666237567917968658
7666242829185797384
7666244474921618708
7666311163008879880
7666356397394726175
7666374482608606496
7666377771039395090
7666379013061086485
7666381994275687700
7666383037936028948
7666384191474519316
7666395194987760918
7666397998619905312
7666401727264115988
7666405257328512287
7666406899117559060
7666415558220385556
7666418730423029012
7666419322163694868
7666424631577971975
7666424894703586580
7666425385650801928
7666425433021287700
7666426414308035847
7666428328345210132
7666428742851366176
7666430131933613332
7666436204136516872
7666439847061540116
7666446126387694881
7666447108622404886
7666448398953778452
7666448501919862048
7666452570965036309
7666454620683767073
7666458436980378900
7666458560854805780
7666465351529401621
7666474710032567573
7666476313062264085
7666477293954501895
7666479201737805076
7666480456367443221
7666483551927405844
7666494488071638293
7666494865869409543
7666499176296992033
7666501580413226261
7666518169342872852
7666520199566232852
7666525528626613511
7666525924074065160
7666529202169974024
7666536750214401311
7666536847664893215
7666539319464676616
7666540294808030497
7666546537434008865
7666547587515763975
7666548048994012448
7666549190079663367
7666553734154947861
7666563302692015368
7666579235854617876
7666614267596033310
7666635815514066194
7666715846718393622
7666720405717093653
7666735817024457997
7666740622153501970
7666742568855571745
7666743883270786336
7666749948620246279
7666751909658676498
7666752296113442064
7666762800668101895
7666764785714744597
7666766494373612831
7666773207298346261
7666773757335260434
7666774969094769941
7666776492298243348
7666780811277978901
7666783773454798113
7666785601668009237
7666789827697822996
7666790420667583752
7666792927619747079
7666798093748358420
7666802012587199764
7666802692592897312
7666809721801772295
7666810885746199826
7666811577634409749
7666812854569405714
7666814279982517535
7666817329866476818
7666821976316464392
7666823225917148434
7666830510252952853
7666831831366536456
7666832294069521672
7666833215746788641
7666835065682267414
7666836566177844487
7666839236766649631
7666840100474539272
7666854669666340126
7666864670896098578
7666865590295891230
7666866011177569568
7666871058238164245
7666877353552989460
7666878798230474017
7666879589129538834
7666880032467356959
7666881241462918433
7666883755000352014
7666883906536377607
7666885104710487327
7666894427079724295
7666899866177588500
7666900634314067233
7666902593200737543
7666905455834254613
7666907137028656402
7666914007407676690
7666914143324179719
7666915200398167316
7666918160662023431
7666921416872250645
7666922919129271572
7666923886621101332
7666931365228645665
7666932720857025823
7666940283312934152
7666951192253074696
7666965519441939732
7666971197833350421
7666973950211018005
7666994438794726676
7667039710195289364
7667061903423769887
7667071686763646239
7667080045332106527
7667086965287767317
7667094689589251361
7667094911321263393
7667095315874434336
7667102133556350226
7667115991913991442
7667117442786757908
7667125368540679445
7667129856181669140
7667131261688778015
7667136470410415378
7667138989677137170
7667142995522637088
7667143989476314376
7667145487413202196
7667146951397281044
7667148831376559392
7667152213508295957
7667161478767660309
7667164770172161301
7667164866624359711
7667167345365765397
7667173543238470945
7667174479490993428
7667184863274945800
7667185310425435400
7667186994371431698
7667187715791686932
7667190624893848850
7667190636663147798
7667204307862998292
7667206209606307079
7667206873967365397
7667207274640805128
7667208146104061205
7667210504573701394
7667211667977063688
7667213429639449877
7667213487789051144
7667215209953627405
7667218818464337172
7667221821514681608
7667223996974255391
7667225259766041886
7667228080246672671
7667231096383229197
7667231649897139476
7667233808525069601
7667234458801687840
7667237920792726791
7667238592095309088
7667242091214343445
7667250292878314773
7667250967238184212
7667252593181183250
7667260447459904788
7667263981165333767
7667264562227416327
7667272519795100949
7667276726346583309
7667277743305821447
7667281430287895822
7667286669531303189
7667288085553679637
7667291712548556052
7667294096062516498
7667294965180976406
7667302451459935495
7667305707422764296
7667316142989413639
7667316442584354055
7667318737044901127
7667318919195086100
7667319019883564296
7667326025218395425
7667366483688770837
7667412612509879572
7667417836608015637
7667429815804366111
7667431983785528606
7667442874845318430
7667454045195570452
7667465262903364885
7667467265385712903
7667467926496120084
7667471764338887956
7667473471688985888
7667473788421885217
7667473794260290849
7667484868313451796
7667487040254004488
7667495134338026782
7667496340200525064
7667503905579748629
7667504951190375698
7667506306059685141
7667506672696560917
7667508643021049118
7667509321290321159
7667514461950840097
7667515546673417505
7667525260937284885
7667529508332883208
7667531726180076821
7667534130405575957
7667535000467672353
7667537676442062101
7667538085076405524
7667538179280391445
7667539165742927125
7667539270311251221
7667539340788026644
7667539423382277396
7667543828672351508
7667544507155483925
7667547073138445588
7667550120468073749
7667551174651858179
7667554328651107604
7667557832824294686
7667567630227655954
7667567994351979809
7667571824032484615
7667575553917979934
7667579913154678038
7667584135401082144
7667585287488310548
7667591878220451092
7667592933352230166
7667596605624782100
7667596959632330015
7667597937815407903
7667598208180227348
7667606120948682004
7667606327547546901
7667606329900404001
7667622313814199573
7667628948271959304
7667629536904809748
7667635174892506388
7667635618771373320
7667640129464454414
7667640269046648085
7667644532162350368
7667645315482160391
7667650084993060104
7667650089648803093
7667650206317514002
7667651451451215112
7667652606906354952
7667659273324776725
7667660771987377428
7667677245321776404
7667678929490136328
7667679950211747090
7667682546859199777
7667689172949404935
7667703172223274248
7667798929001434388
7667803119606172948
7667813717429570836
7667822106897452308
7667822538570992917
7667822626139573524
7667822792926055701
7667824543154588949
7667832706847313172
7667834027281354002
7667838093050842388
7667846385760226580
7667846434179386632
7667854340861758728
7667859783176768801
7667866205369191698
7667869735899450656
7667871396319481109
7667880231100878101
7667884576450120981
7667885933957614868
7667893960324500757
7667896118662941972
7667897053586001170
7667897288953548065
7667897360579661063
7667904575009148180
7667907591258819847
7667908603050855712
7667909003283942689
7667916170535931157
7667918421203471636
7667920799617060103
7667926124374150421
7667929502168796434
7667929517373033760
7667929743211220244
7667932428173888801
7667933833559362837
7667934488852270354
7667934893917130005
7667942915506769173
7667943820776017173
7667945778622614806
7667949283907325206
7667952390687034645
7667954399435590942
7667958978378272021
7667960760076717343
7667961482872737045
7667964622577667349
7667965668418948382
7667968361946565895
7667970593765084436
7667970762212445448
7667972132214721800
7667972435471387924
7667972854813674783
7667974608515075349
7667976915411569940
7667979688320519442
7667980587868769556
7667981348052815122
7667987311849688340
7667988952128785672
7667989446536596756
7667992522177694996
7667995334387191061
7667998802837523732
7668000291995798806
7668000937184595221
7668000938346433812
7668002882968423688
7668003016015957269
7668007884390698260
7668008604867235079
7668013352932707592
7668017440097373461
7668018818458979604
7668019278200802574
7668019374086753557
7668019591754435860
7668019629272403221
7668020436705283336
7668027182064700692
7668028405673118984
7668031603817368864
7668033050726468885
7668033380327492885
7668035142136368402
7668041544934558997
7668045284265463048
7668049711772781844
7668050096667381012
7668074131161763080
7668082127442906400
7668134124044963104
7668192796813069588
7668196989670100245
7668206099224448264
7668210986901409044
7668212675373059348
7668213276756413697
7668220573738077460
7668221389169642772
7668223907702295829
7668225586283678997
7668225918111845652
7668230739066031381
7668253276449672468
7668254718367567125
7668261365081017621
7668263935342169362
7668265009054616850
7668273454231112992
7668273963163749664
7668274317842451719
7668282097567632648
7668286594918452502
7668296059776486689
7668300356576627989
7668303958275788054
7668306866123967751
7668309314553023762
7668310778323242258
7668310828852382997
7668312423765478686
7668316080334507278
7668320498031398165
7668320664486497558
7668322646316027158
7668324663721856278
7668326170571656468
7668326953539226912
7668327652251405589
7668328588118068513
7668328705281871136
7668331996459978016
7668336866722204946
7668346137958550802
7668354099611585812
7668356707470314760
7668357180420050208
7668362040762797319
7668369245440462112
7668370058791456031
7668370720157650197
7668372832698584328
7668386271756078344
7668397368152280340
7668406221317082382
7668419515998358817
7668419702401551630
7668420099472461077
7668425613509774612
7668432354418986258
7668435194969328917
7668440050207558933
7668441895164546324
7668455973811391777
7668492751549238546
7668516576466849045
7668570161955294484
7668573258769239314
7668575800404266262
7668579292129004821
7668588372696370454
7668589092648520981
7668597396149964033
7668597707917004034
7668601700885794069
7668616241833069844
7668616422989335828
7668624622497123606
7668625949700672786
7668626034543086869
7668629480247692562
7668632471151414536
7668634565703126280
7668635291204341013
7668635608465542430
7668636032329321758
7668637757538946335
7668642927786102047
7668649375886888199
7668654762388163862
7668661889181764886
7668662744597417234
7668662899136564501
7668663574960819476
7668670139142786334
7668671408821767432
7668673919464803604
7668676815652703495
7668681700259433748
7668683083746479368
7668683558638112031
7668683648714968327
7668685158853233940
7668685347844361503
7668688208980430110
7668690956496997654
7668692723691605251
7668693651664506143
7668695761336405279
7668696166229347585
7668696623396031762
7668697056441158932
7668698597881384222
7668701709023087904
7668711070206364958
7668712956166769938
7668714155469294861
7668718838556413215
7668722952711523615
7668723384003464456
7668723394761772320
7668723573892271381
7668726678880881951
7668736573869149448
7668736935749242144
7668738024930364703
7668739861775420705
7668746011069893906
7668746044796161300
7668748139549035784
7668755200395447559
7668755917357321505
7668756113000582408
7668759248024653064
7668761055488691476
7668761155820588308
7668761461103152405
7668762613613923598
7668764503349169429
7668767827851021586
7668769118731947282
7668769420877008149
7668771196468792584
7668773941137411348
7668776479425039636
7668777431888694548
7668778617341627669
7668780046122798369
7668781188504489237
7668781287578144020
7668782272937512213
7668783107515960597
7668784754614930708
7668788940354096391
7668789969070165255
7668794415112146197
7668804801370672415
7668806452244450567
7668815638290255124
7668828941704039710
7668836212953632020
7668892118319992084
7668908325764975892
7668937019313098004
7668962317316476182
7668973093313858849
7668978467848850709
7668978608249081119
7668979214057557279
7668983816282787093
7668984105635171604
7668984852959464724
7668985564628028693
7668986881996098834
7668990468960570644
7668996120231611681
7669001154210303250
7669002273904741653
7669005874878221601
7669011513239162120
7669012412674329877
7669013781191691528
7669013880890330386
7669014790039276820
7669018413397806343
7669018486433123604
7669018901895859488
7669022265731747105
7669022446342753549
7669025807037320468
7669035376748776725
7669045175452306709
7669046708705299720
7669047838654991648
7669055843588902162
7669062511215299861
7669064002361773320
7669071573965360405
7669077274091703570
7669080252651408662
7669081259858988308
7669081310664690967
7669087580234714400
7669090232008035616
7669091988897025313
7669093423751662878
7669099964756151572
7669109727745281301
7669111635222613269
7669117666673626389
7669122075952418069
7669122858680880405
7669136015222787346
7669146957310364946
7669154065095478535
7669154124872568096
7669154993458613512
7669157349319396629
7669165741530189076
7669173535587241236
7669180098758610184
7669241930533866766
7669258395223985422
7669262660596206878
7669318981295131924
7669329065320451344
7669330343723420948
7669334274058849556
7669356287976623381
7669366649908235541
7669369628237335828
7669375141431872788
7669377005703417106
7669378757777460501
7669384735625383200
7669394821148118305
7669412509375270152
7669414130956127510
7669425159874284833
7669429766625217812
7669430446630915336
7669430551060892936
7669431570167647521
7669434003539201288
7669435346542726421
7669450325618658581
7669451090416471304
7669451405521849630
7669451840009850133
7669452612206480660
7669454136869424391
7669454381087001864
7669454383792360724
7669455861877656840
7669455921717726486
7669460224733940999
7669464329116339463
7669464681559510290
7669468445544697096
7669468665003248914
7669469981674900768
7669472108539530516
7669474741291371784
7669474933654703378
7669475409573989639
7669479141653171477
7669486106466848021
7669488893888105758
7669489272088431880
7669490570129067267
7669492938644278549
7669493005325258004
7669496730362121480
7669500393906375950
7669501881739185429
7669502174308666642
7669503053925518613
7669505399824944404
7669511080577617159
7669512609942490375
7669515009310936327
7669515070296132897
7669515769738317074
7669516138153266450
7669519813135453461
7669525430927543555
7669525485218516242
7669525496652221718
7669527704160521502
7669545651083971860
7669647052418059541
7669667725370821895
7669691710443703572
7669694697148779797
7669698803636686098
7669704001159564552
7669711415300672789
7669719088280702229
7669719166730997013
7669721818449693972
7669722562896727313
7669726062602931477
7669726984339033362
7669727991034858770
7669732309540687111
7669734692219882760
7669738457559862548
7669742389409467668
7669746384454700309
7669748819919179040
7669749730850655510
7669750645594885394
7669752245122043149
7669752368287796501
7669753750877113621
7669754321986243841
7669754966843624712
7669768000068783367
7669774557024177428
7669774639203208469
7669774717338782996
7669774977712885013
7669774981659757844
7669776435015470357
7669783704729865504
7669786976463162632
7669797769426554145
7669798214198906119
7669800884028607774
7669801774043155734
7669802995000888607
7669805835912105246
7669808675875245333
7669812908909628692
7669817258964716820
7669818665227013397
7669819730005462288
7669822804681968910
7669823069858368788
7669829186516700437
7669829714218863880
7669829902895615240
7669834658481229074
7669849945351965974
7669851483751320852
7669857020211744008
7669866883897756948
7669871212088053024
7669874091997924616
7669877068116790549
7669878481643146517
7669880052661734676
7669880987865713938
7669881170192026900
7669882204931083527
7669883461729029396
7669888772653321490
7669890613252263175
7669896396509760788
7669898773832781077
7669901037599280404
7669907097902959890
7669908830158933262
7669912611055586581
7669928909328125192
7669931454209477908
7669932844700978452
7669936488301284629
7669938363419381013
7669941921069944085
7669943439013760276
7669946341048569108
7669998335696047367
7670011698526293268
7670042446461553951
7670044229720165662
7670046393486134559
7670051403066314001
7670052341650918686
7670055618933181712
7670057362954243349
7670057535977671956
7670057887607278869
7670065054091463954
7670067181522095378
7670067195925237024
7670074168645373205
7670075978260974866
7670076534450982164
7670084961491324181
7670098051385543956
7670102779981057312
7670112591837924628
7670113430937816340
7670114015124770080
7670115657857617172
7670120372544605454
7670123541953596692
7670124900786457864
7670129037494242580
7670132998070603028
7670135596236459285
7670142644269813000
7670144064284560660
7670148887868476693
7670151517541911828
7670153584067071239
7670155823045299476
7670161073416326408
7670166523033439509
7670167408061058326
7670167957216972039
7670170247630032146
7670175056382659872
7670181424493808918
7670189452588780833
7670203364499541270
7670208405071596818
7670217541473570056
7670218267981663508
7670218709549468961
7670231234089356552
7670233816975379719
7670234600735640852
7670236540177501448
7670238003498978580
7670238038835989767
7670242574807878932
7670244166978538760
7670248405116914962
7670250172965784865
7670257776685255969
7670259169185910037
7670260330601270548
7670261756077362450
7670265082005261589
7670288719148059924
7670296160891915540
7670299628402691349
7670300578471316757
7670312050525998344
7670316871324929300
7670324143975320853
7670325220170910996
7670327776364203284
7670335138676428053
7670405181913189640
7670421970080550177
7670432179566071061
7670442037623262472
7670454561055755521
7670456192426118421
7670458747952598292
7670460287501323540
7670473129352858900
7670478246752062727
7670478822730419476
7670482231726443783
7670483908756032788
7670485458505190676
7670486342421220629
7670490665037548808
7670493824359107848
7670496755141676310
7670498419936349448
7670498609472982293
7670503919956675860
7670507591415467278
7670512193678363924
7670512462478839047
7670525107554553095
7670527798473280789
7670527843314453782
7670532206686752020
7670533274422299920
7670536410025250066
7670536449095240981
7670538239345839381
7670549848248175892
7670552209335110930
7670558348579769622
7670561288199703828
7670564264482065697
7670568772247293204
7670571156298026260
7670573633701547271
7670573694455975190
7670574199408168213
7670576781367315733
7670585747052694814
7670591822011354389
7670592633038769429
7670599916674125070
7670601642860924180
7670609532988525842
7670612038510464276
7670614485891108103
7670617168760917269
7670620324601351432
7670620392540736789
7670620491337436434
7670621956949019937
7670624618855648520
7670632476087258389
7670640722667900167
7670646522559646996
7670649961641430293
7670654842028707093
7670666295901228295
7670669166617038098
7670677892367682823
7670689979349208328
7670698774917893396
7670703525986307348
7670704670133914900
7670760166584782101
7670793343428988181
7670794455590456597
7670805229260197140
7670806523739688214
7670812967604178196
7670813526570683669
7670814341238623509
7670815767868362015
7670823121305259282
7670825680791244062
7670829286194089237
7670833097667087630
7670834884872621326
7670841315881454868
7670843310746995989
7670851957346684178
7670854763453418772
7670855703686319392
7670856532417940757
7670858476540775701
7670859338742861064
7670860904254295317
7670865267454414100
7670874654336224520
7670879978803760404
7670881433539431713
7670883326789471496
7670889652471008544
7670892222396599560
7670895067481033998
7670895208057408776
7670899008969198869
7670908167500582162
7670915254678818066
7670915489522240790
7670917242443304224
7670923795011783944
7670924401168174343
7670925509928275220
7670928620638063894
7670930475824794901
7670934411575119122
7670935172228943134
7670940725902806279
7670948559486733575
7670952024954998023
7670955028705742100
7670957475952184608
7670959866294308116
7670960195807317268
7670961591114321172
7670967804941602068
7670968243678416142
7670972485600365832
7670972906318400776
7670974428880178450
7670975077906664711
7670979193416502549
7670981835106553106
7670983372839177490
7670983916425153806
7670985054562159893
7670985602300464406
7670989971192368391
7670990687197809952
7670994953790704917
7670996083698339085
7670997906580638984
7671002131230461202
7671003909309320468
7671006133439794452
7671007949195660564
7671009877644414228
7671015240485588242
7671020295293046034
7671022502268783879
7671023160485023007
7671037660873608469
7671040098909130005
7671045807054933268
7671048827478101266
7671081160507690261
7671163440806841620
7671182440668810516
7671183702118157589
7671186141101509908
7671186174173596948
7671196998262885640
7671198099175427346
7671199333592747285
7671206467277475104
7671212443955236117
7671220436792839431
7671221761333136660
7671232211785583893
7671233032094797063
7671234246006099221
7671235060577619208
7671236140577475871
7671236507134364941
7671236937281326343
7671239041118899477
7671240192682052884
7671241728019500308
7671247628889246994
7671248688802499858
7671250994595908885
7671251269289331988
7671252394805628181
7671253766418566420
7671255867358055712
7671262366989946132
7671262978708196624
7671263561892646165
7671263733536050464
7671267339173760278
7671268112813018399
7671269207786507528
7671270076552662294
7671271219903089942
7671276903843499284
7671279367242255637
7671286176266882324
7671289241564925197
7671297369031347463
7671307341161286933
7671310620406467861
7671315954806131976
7671317672075824392
7671320370007297312
7671329225713945889
7671332457458748693
7671341829102538004
7671343123808767253
7671345166610992414
7671349008673148168
7671349155167587605
7671351435275160853
7671356400429206792
7671356872343014676
7671358455466200340
7671359384081009940
7671362585937104146
7671362731185818898
7671366875107970324
7671371045152001298
7671371830329871623
7671372452731047186
7671374286774390034
7671375076239052053
7671392957664218386
7671393609786150164
7671400111091584277
7671400672473910546
7671404368293448968
7671420534768274710
7671421939730091284
7671425210318441748
7671425352765345044
7671425614863174932
7671426124550769940
7671426521327766804
7671427584642551060
7671428074038217997
7671428693348191508
7671432708614114581
7671436769665043732
7671563263280401684
7671566585395563783
7671566593318538529
7671569646071401759
7671573120456690964
7671579743313005844
7671581535195172117
7671582453814840596
7671585714097671445
7671585794997456136
7671589873446423826
7671590651376504082
7671593895834258708
7671600214448311570
7671602618753486100
7671607925638434062
7671610212683484424
7671614416353381640
7671618195714886919
7671618362060852500
7671627796388744468
7671643922854087943
7671646469081877768
7671648062649142548
7671649495423241493
7671664266071608596
7671665326815317255
7671665362768825631
7671665377369197844
7671674599355976980
7671675699018616086
7671680909527010592
7671681276692139285
7671682970154978580
7671691239351176480
7671692035136523538
7671692213386218760
7671693623687269639
7671694005528268052
7671714217799519521
7671718770964040980
7671725436342177042
7671728286896049429
7671728568023403808
7671735393242516757
7671736571221036320
7671739591136709895
7671741590351727892
7671742828359322888
7671745989132307732
7671752772705946888
7671761582325583125
7671762866025876769
7671768618291580192
7671770816891063559
7671771228880817422
7671774965569490183
7671776104537017631
7671827591279463701
7671828812488887573
7671829419815636244
7671833379997879573
7671920883254037792
7671926827299900705
7671930151017532693
7671930828531830047
7671935423261723925
7671936422277811488
7671937300577733906
7671941895882362133
7671970814757014792
7671973512906640672
7671973976054304021
7671977550876331294
7671979801250499854
7671980090506431774
7671980657391750433
7671983454917086482
7671986515374804245
7671990998632779015
7671994728552107272
7672001995699506453
7672003126764866834
7672005040550219026
7672005812981730591
7672021246523002132
7672023415775120658
7672024085790018836
7672030334417947912
7672035004582563105
7672035413459995925
7672035824703327509
7672038756987276565
7672038873467276566
7672040331872849172
7672041644950048022
7672044038794644744
7672048481611042066
7672052757628603666
7672066932824214816
7672069187946188052
7672070547131436302
7672076021796982036
7672079102928604448
7672084027477593351
7672084283577715988
7672085687272836373
7672086941101264148
7672089489656892680
7672092806042799378
7672092902515805473
7672095015044140306
7672097693690301718
7672100305923853588
7672102238650764551
7672106910249716999
7672107360696945927
7672107985958718728
7672108450037402888
7672110980704357650
7672116581106830610
7672118211567045896
7672125573816159506
7672126235945815317
7672131038759423250
7672131433103723797
7672132384891899157
7672134833505635604
7672135915757767956
7672136511592221960
7672138901649411348
7672139104569625864
7672141137276046606
7672141831051808021
7672145447493963030
7672148053226294535
7672148670585769224
7672149262225984782
7672150807000730900
7672154683607141639
7672161216382520594
7672166564057140510
7672196846059556104
7672196912514223380
7672198053733895445
7672202251456302356
7672258032838905120
7672265602005863698
7672279100253424918
7672280674467990815
7672291576965598485
7672306673704291615
7672306929439460616
7672307416452648205
7672309755653721377
7672311616242765070
7672316769482165524
7672322681038966036
7672323111404031240
7672325342593600789
7672328469321174293
7672329896693189909
7672332239924923668
7672333184310218002
7672334026132311316
7672335808619220245
7672340260197649685
7672341070461553928
7672341893975526670
7672345034854763796
7672350112772853012
7672351971080211732
7672353354030370066
7672354189657312530
7672355020813126920
7672355193534549269
7672355275713662229
7672356170140519688
7672358683006766354
7672359986797858062
7672365261902744840
7672365635724119304
7672372187566804245
7672372718746012948
7672374030527221012
7672383638020869408
7672385972394298644
7672390766282624264
7672391716485254418
7672398414793002270
7672403522196901128
7672404428476910864
7672405674235579679
7672407703922248982
7672407852107058439
7672413564748991764
7672418594386414880
7672425033863646486
7672426321439476995
7672428967378341142
7672431086852508958
7672432280173907218
7672434003982486805
7672436433403006216
7672439486126591239
7672440968867613973
7672443948928863508
7672445099682336021
7672446538810985760
7672452587182017813
7672454192950168850
7672456294166465814
7672457876966837512
7672458667953818900
7672460060206927122
7672472161130515733
7672474547576163616
7672479467062693138
7672482156353948935
7672483267244739848
7672488473655364885
7672488862341532946
7672489304714792199
7672493726396058901
7672495929500503314
7672496244387859730
7672499428539845909
7672520042084355346
7672523771051281671
7672538380806180117
7672540264895876370
7672543691185163528
7672550514789289237
7672550800094252309
7672552281769905428
7672552880724790549
7672576999604505877
7672644742542380306
7672651663055883551
7672661335750184213
7672661607050120481
7672670981969792277
7672671870742727956
7672676865408109844
7672677667820539156
7672686526756687126
7672687125204176146
7672687354028559634
7672688472012000532
7672688488625589511
7672693067828251912
7672697540441132309
7672704619507698965
7672705151576100116
7672707793895378196
7672709967715060999
7672710634798173458
7672711504814296341
7672711614319250709
7672716343745023254
7672716846516194568
7672718127070842125
7672723486569155860
7672724608197414151
7672724737415499041
7672725273137138964
7672735202778549518
7672739397179018516
7672742186189884679
7672743582259760392
7672747668375948551
7672748989145435400
7672750091815390482
7672750399874436370
7672758806568471826
7672763888663923981
7672766609831857416
7672766966226111751
7672768623617805576
7672772810816752918
7672772855607708948
7672774199089302791
7672775037882993941
7672775656974880030
7672776239127596310
7672782584518118664
7672784959739841825
7672787588368846100
7672793671242288404
7672794001711320336
7672799257459461399
7672799358487678229
7672800408028433686
7672800614111300884
7672811008171183368
7672811828761627925
7672812448155438357
7672817278974463252
7672819381826604309
7672823434048539912
7672824787936283926
7672826233121525010
7672828818775674120
7672829345664126216
7672830922802220308
7672831811419999508
7672836320607112468
7672836851744410901
7672839728785362197
7672840436813155614
7672842593826344213
7672843845930863890
7672845232903294228
7672846935727869192
7672848560710241554
7672849651619417362
7672851816853310741
7672853707842768136
7672857034886286613
7672858320390212886
7672862147965160722
7672862183893519623
7672869907029036320
7672872003837218080
7672874466225032455
7672875103243308309
7672877768618659104
7672891395065040149
7672894750860512533
7672964393986018582
7672974942454975775
7673013349164043550
7673022082954923285
7673038764779900168
7673043145277410576
7673045449468595489
7673046082456194311
7673046120527973640
7673046653955312917
7673049309876866324
7673050065300393224
7673052570956451080
7673052706205895944
7673053767138315541
7673053811308547335
7673058843819117854
7673059035695828242
7673060219794099477
7673062168488692999
7673062548173753621
7673064490358852886
7673066830881131798
7673068264121027870
7673068329703181586
7673069982959275282
7673073146731236641
7673082833233136903
7673087290847137056
7673087304428440852
7673089862513347860
7673093755909541140
7673094663905021204
7673097738157886728
7673100230463769864
7673101041398828309
7673101824001445128
7673106840539942165
7673108740035366164
7673108747266493716
7673111264020811041
7673113168360803602
7673119673340218656
7673120781186010389
7673121264491351304
7673123924309478676
7673128974125468946
7673131204836674824
7673135334498012436
7673137456677506325
7673138424509091093
7673139292235074837
7673142500386704662
7673142788816440596
7673145255096536341
7673146007307275541
7673154107636518152
7673154884216114450
7673154990956940565
7673155794661035285
7673158813754707221
7673169830404574485
7673171159151627541
7673172038873337120
7673173570855456030
7673173575142051093
7673175269015964948
7673175351283043616
7673175490122992899
7673176135848430868
7673178947760360712
7673179469405818142
7673182237386476807
7673188711194070292
7673189934013975828
7673192590870662421
7673194342751735061
7673195076377382164
7673196407385279762
7673197347161050375
7673202908523023637
7673203391144660238
7673203424103517470
7673206172429700373
7673207568675638535
7673210201079696660
7673218913462750485
7673227298732035335
7673228711772310804
7673229410371210504
7673231221794622727
7673231347988860168
7673232155589266708
7673233173190298900
7673234104036642055
7673234242557545736
7673235522617150738
7673238996784385287
7673242727743507720
7673251030687157512
7673253539279326472
7673286829784730911
7673326610107338005
7673368816193129748
7673378709616872725
7673384011460529429
7673390349494045984
7673394719644339477
7673396034852211998
7673401745875242271
7673405462200569108
7673411548206861589
7673412238874660114
7673414010682739976
7673418837550730517
7673422255799454984
7673426222168165652
7673433792433982728
7673435110645042445
7673435281005088020
7673439771389316359
7673440181273365768
7673441739348233493
7673443866594331926
7673447236033842450
7673451310481476884
7673451788691033365
7673460516311846160
7673460948421725473
7673461528112205087
7673463275115367712
7673463637050133781
7673464906863103252
7673466615156968724
7673466965746371860
7673467737926274325
7673468980409011469
7673473252978724103
7673473400655940885
7673473924113419528
7673476484899573012
7673479831731883285
7673481026026474772
7673483577086020894
7673487274583149846
7673489219678915858
7673491006548872481
7673491620012117256
7673495441509485826
7673500320076483860
7673503976670727444
7673509212055653635
7673510732461264148
7673510846940646663
7673514148436692245
7673519357154037012
7673520060031454472
7673521128383728914
7673523502279855393
7673525270346763541
7673525514342223124
7673525707057712405
7673528691573476615
7673530544679947540
7673532860669676807
7673533152194809108
7673535271886998816
7673537770576514325
7673537779011177746
7673538716165688596
7673538806770961685
7673539274280602901
7673539357583641877
7673539587712535815
7673540324542795028
7673541286003117332
7673543067911146759
7673546684055522592
7673547286231665938
7673551417709301012
7673551773662989576
7673554090089073950
7673554552099998998
7673557354549447943
7673557777985408288
7673558826674687240
7673566246754913556
7673571327323737364
7673571456441126165
7673572149835091220
7673574286447136008
7673574826149252372
7673576302749699349
7673577557538901268
7673582606402784544
7673585277012839698
7673586137859935510
7673586519734521095
7673589155896544532
7673589684446022933
7673591711997676808
7673597073450700040
7673599893763558677
7673606066726276359
7673606333698018580
7673615232786386183
7673619366583225621
7673621000612891912
7673622568636632341
7673627460214312210
7673627990374272274
7673628386182302983
7673642214945361172
7673676116649037077
7673743324032879890
7673756903209569557
7673758696555465992
7673765198448151815
7673769893883366677
7673769976406265108
7673780205269355797
7673781249311378696
7673782613684849950
7673785302942485781
7673786159251639570
7673790536897105170
7673800643655585032
7673801246905470241
7673807866335169812
7673811536502131988
7673819768784243988
7673825341265186055
7673825345870564630
7673827133743025411
7673828127365156117
7673828777406909704
7673832282905529618
7673832347703463190
7673834803182996754
7673835092317375764
7673835137108397344
7673835183367326998
7673836945302228257
7673839105289080085
7673840361655078158
7673841462466989332
7673841532046265621
7673841620990561557
7673842722796506375
7673842892808539400
7673843275765222677
7673845233762913557
7673851344721120530
7673852996517711112
7673853235131698450
7673855906026736917
7673856333157895454
7673857080863870229
7673859661287705877
7673861144221650197
7673864267153657109
7673868082279910664
7673868253109832978
7673868582350114055
7673869456036089096
7673871558812732692
7673873645390843157
7673873885716024594
7673874440589004040
7673874958333922580
7673879423581506830
7673879938189102357
7673882069704969492
7673887599479524628
7673888111474035988
7673889378095123742
7673894793650441505
7673895683665054983
7673896506570624276
7673898464975129878
7673898569216167199
7673901887770332448
7673906461377940756
7673907037658418452
7673907577339579668
7673909948169915669
7673912111331872020
7673913036842732822
7673914696109411604
7673919278248201479
7673919600957984008
7673919915757178132
7673920184918379784
7673920405639335189
7673921540693429525
7673922206002466056
7673922874876480776
7673923101343649044
7673924144118942996
7673925068992367879
7673925207211494677
7673925214979394837
7673925271900228872
7673926240155307282
7673931566816562463
7673932131172748564
7673932523751099668
7673933973688421639
7673936815191084306
7673942272563596552
7673946163120311560
7673947467020307744
7673949055541595399
7673949179726581012
7673950013327691029
7673952753382673685
7673952845623790868
7673965712636988679
7673966993967648021
7673969015546596626
7673970326958542101
7673971499434364178
7673976424184679700
7673985798756175124
7673992681034501397
7673993119972576519
7673993314877590804
7673999228011547922
7674004567536749831
7674009956445621525
7674095225740184863
7674128087457615136
7674136959014505749
7674150345379122453
7674153768333659400
7674153932452777236
7674154262158396692
7674155137706855701
7674155388773616916
7674158569901591828
7674160001379831061
7674163840371756320
7674166011142278420
7674166925492030740
7674170783781965063
7674172674133855518
7674172996822617364
7674181319978519826
7674181974965161234
7674184372186041620
7674184408189898006
7674187200476777730
7674191824822570258
7674193015174384914
7674193103309425927
7674195958346894600
7674204227098463495
7674205346872757511
7674205720425942293
7674208091398819093
7674208562331061522
7674211563246652692
7674213624193502472
7674221313195691285
7674226844232666388
7674235239073434881
7674235724236852488
7674236125812116756
7674237108176817430
7674238073718246678
7674238422415904020
7674241045336476959
7674241125699374356
7674241356247715092
7674243367689112852
7674247163819592981
7674257855314251029
7674261454526156053
7674262143809686802
7674262614435695902
7674262920292961556
7674270084084337940
7674270204632780052
7674270316520082706
7674273008474721554
7674274633159298324
7674275405750226197
7674276899199388948
7674279006497230102
7674279146289171732
7674280221809691925
7674280662593129748
7674283350567275797
7674286062461684999
7674287568367734024
7674289038932610336
7674290041774017812
7674293186033995028
7674296167865306388
7674297611020471573
7674304429419515149
7674310614273068309
7674323076015738119
7674324696099196181
7674326908636499222
7674330485614513426
7674330569861254420
7674331089837575445
7674336220473871624
7674338532143566101
7674342545597467924
7674345327377288456
7674345612875238676
7674352093901114631
7674358688924126485
7674361386662776085
7674361423769685268
7674370951089376545
7674375344341667092
7674392906890857736
7674416190332112158
7674462445502532894
7674474345124662536
7674474495653989653
7674476695130393877
7674485158724193556
7674489614387776789
7674518523049233697
7674520229916970260
7674525258887548181
7674527140615884064
7674529241630772501
7674530347832429845
7674531097450908948
7674532331822140690
7674534223885126933
7674536967022841106
7674548342831025416
7674552773819534613
7674552957622308116
7674556439855205652
7674557159241370900
7674557246684056839
7674557496081534229
7674565863898434834
7674566430028811541
7674571276899355937
7674571824537111841
7674573679593868565
7674573953075186965
7674574366792797461
7674575707455950087
7674577032583367957
7674582672248786183
7674584932257238280
7674585670039440661
7674591857757752596
7674592717292277012
7674594529328041238
7674595637832305953
7674596700278934791
7674600982969355541
7674601257029373205
7674601399400877343
7674601700421864724
7674601780407225621
7674602784083250449
7674603682482228500
7674604020513787154
7674606051290844448
7674608465104407829
7674610535341559048
7674610696696466708
7674615990478441746
7674616000695880973
7674624281753472276
7674627172291726613
7674627347588435221
7674627371365944584
7674628115653512455
7674628758728445214
7674629020633353493
7674629327488765204
7674630051811380512
7674635181298322709
7674635209077181728
7674637622672674068
7674639880361741598
7674643833899977992
7674651521736346902
7674652090542853397
7674653535086071070
7674654433946422548
7674654991268744469
7674655111406226709
7674655353207934229
7674659229537455367
7674659560962952456
7674660409365843218
7674660539779534100
7674661524211764498
7674664784939322642
7674665104759196935
7674666090122792225
7674666322176888084
7674669708116856078
7674670013860547860
7674671704693673223
7674672450461895969
7674672863529487624
7674673752780672288
7674675153539829013
7674680461167168789
7674681640563592469
7674683407514750228
7674684298120678674
7674684658679958802
7674687728629353760
7674687907885550866
7674689210116246806
7674689722676972807
7674691943888162056
7674698407365135624
7674700674445217044
7674700950870723848
7674701202168237333
7674703951530478856
7674704371216567560
7674707165252291873
7674708650530786567
7674710409659649311
7674712419377188129
7674714569570307346
7674714731197861134
7674715611825442056
7674716682618703136
7674717183208885512
7674717493792902421
7674718142899293458
7674728587647274258
7674730696824442130
7674733958025727253
7674758105477041439
7674776827809795358
7674781809904766229
7674819844801350933
7674834588858076436
7674841108970523922
7674858858937945357
7674876250531335442
7674879869150301460
7674886354123197717
7674887581070413076
7674888175810120981
7674888805022731540
7674891231448665375
7674892218074762516
7674893154419494175
7674894556323679518
7674895308404395295
7674897234151886110
7674899047928466706
7674902055143738656
7674904876240915734
7674905367523986708
7674906073999920402
7674907932617739541
7674908811424976135
7674909731730803976
7674911566545833224
7674912164368370964
7674917580196351253
7674919800375708936
7674920234024733984
7674926297860132127
7674929650077863200
7674931832873340168
7674932277230505224
7674937478117068053
7674938128343321864
7674941102134136071
7674943879548030216
7674947005507980565
7674948868932488456
7674957693630631188
7674961333326040341
7674962883662613767
7674962954093219093
7674968964002336021
7674969874220813600
7674971621819469076
7674972551906413845
7674977725714681108
7674978085413866759
7674982944070438165
7674983076480453906
7674984801622904084
7674984869654580510
7674986612895370529
7674990591553342750
7674992504604757256
7674993691898973460
7674993911311453460
7674994537223277831
7674996918115650823
7675002799079443733
7675002957951372551
7675004744540359944
7675005838360055060
7675007007937613078
7675007548696644880
7675008833638419732
7675009034310749460
7675009935989607698
7675010283936533778
7675010655925570837
7675010989590351111
7675012719371767047
7675016117110263060
7675016163289615623
7675016228628401441
7675017587465440532
7675017628880047368
7675021898912107796
7675022750322363666
7675024198141611285
7675025571746827527
7675026007828499745
7675026066372693250
7675026295947889952
7675028351697964310
7675030331967212832
7675030915680226581
7675034478540115220
7675034911912299796
7675035132360789268
7675035441321626913
7675036755073961237
7675042103864462612
7675044823057059075
7675047567515798792
7675048509954854165
7675051288542956807
7675052431264222484
7675052495629978888
7675055596625841416
7675056342368849172
7675059501942181141
7675060020089801991
7675061632417926421
7675069026934082836
7675071025264037141
7675072307076812052
7675072575331912980
7675073233757932821
7675074380879219976
7675074706608835861
7675075261225897223
7675075261389458709
7675075928778755348
7675081220899818759
7675081291368353042
7675082096594963745
7675083008407309576
7675087742619061522
7675097934572244245
7675098174066887943
7675106760201456929
7675117534298836245
7675221293062524181
7675223786878160135
7675246346021948693
7675249351957957909
7675250002117152022
7675250475297410324
7675251093097434390
7675256227005287700
7675257393508371733
7675260663853288724
7675260944359951636
7675267797743602964
7675275061862911252
7675275287126379794
7675278977145113876
7675280266906193172
7675281794220035359
7675282226103192853
7675284376543841568
7675285772387257607
7675287519252073749
7675289335272361237
7675289412200140052
7675290936192060692
7675294711933832456
7675295622777294102
7675295942274305301
7675297255351536926
7675299507202018592
7675300881813884168
7675302989233474836
7675303006279044360
7675303049023229204
7675303387566460167
7675305322835152148
7675308391622806804
7675309670763859218
7675313038987152648
7675315200416926983
7675315377336978708
7675324509783624981
7675328064968002837
7675328839874120980
7675330636487478536
7675330643412176148
7675337548897586452
7675338794442247446
7675340435069455634
7675340518955437332
7675341755083934997
7675355859689508103
7675357254295571745
7675358307766324501
7675363375064370452
7675364488329170183
7675365271493676306
7675368668263484704
7675369809218964752
7675375026790599943
7675376210678975751
7675379342469238023
7675379641158520084
7675380057593957653
7675382459810303239
7675384676961324309
7675385732256582943
7675388548559670560
7675391976220462358
7675393002784738580
7675396389043490068
7675398987125361951
7675401409508052245
7675401654174354709
7675403824063876373
7675404015009615111
7675404698165316871
7675405130438659349
7675406211843460372
7675407062637186322
7675408235477748999
7675411224921672981
7675412413943909653
7675412528129641748
7675412895638818068
7675414141271608606
7675415635400150293
7675418498012613908
7675419711278042388
7675421962767781138
7675422558522576135
7675422981773987093
7675424546190544149
7675424557645286664
7675425040124366098
7675425053353331988
7675426494067395858
7675428324381904148
7675428935030623509
7675429345497861397
7675429508412935445
7675429770246491413
7675434291626626311
7675434883065318677
7675434940627979552
7675435576090299669
7675437900258872596
7675438853016079649
7675439328331451666
7675440619887594772
7675441624075275552
7675441662134455560
7675441689204608277
7675441793952992533
7675443088260648225
7675443218355457311
7675443222407023892
7675443238492245280
7675444708688006407
7675444884416892180
7675444914267622677
7675446136051715335
7675446703905934610
7675447608042736917
7675449379381136658
7675450644676742421
7675450873644043541
7675451318777023765
7675453177122016532
7675464352668929287
7675466648840719624
7675471709415263495
7675472388619881736
7675473028674850055
7675474126550633748
7675476175069662484
7675476482038222087
7675496133480697109
7675589152439635208
7675594574185762069
7675607672783129876
7675614002252090642
7675615564693359890
7675615995041451284
7675616595405770004
7675618553613077781
7675618978072415508
7675619313549675796
7675619682791066901
7675620310439283989
7675622549765508372
7675623920078179604
7675626235279494420
7675628185689525525
7675632729672748309
7675633603606433045
7675634102069890324
7675637572508323093
7675638780858010912
7675639198619045141
7675641514336242965
7675645586724490517
7675645888035245333
7675649283332443413
7675651917095177494
7675653241375362325
7675654121860369684
7675655600298134804
7675660907522952470
7675661979587071253
7675662312363134216
7675663324427980053
7675671423599283488
7675672643533557013
7675676008137166087
7675678796464409874
7675679133304737032
7675681972710165778
7675682960854502689
7675683252417465633
7675686642048322836
7675686915198258453
7675688491874831624
7675692812222074133
7675693033211399444
7675693193219902741
7675699146120023328
7675700659429133588
7675700823350988053
7675705999637925151
7675708278722055427
7675709353533410580
7675710267015171350
7675713723650018590
7675713919884856606
7675714415240482078
7675716967847693589
7675717555226545415
7675719314112089376
7675720687117470984
7675723969919683860
7675726111476632852
7675727050765880597
7675727140695903509
7675729315581021460
7675729777193520406
7675730105846467860
7675732070324292871
7675733494567406861
7675733976325115144
7675734017244794134
7675735105687653650
7675736211163516182
7675739074858093842
7675740100420013330
7675740555485138183
7675741750534638881
7675742734426082578
7675744874284567829
7675750344600784129
7675750896667561234
7675754389910408468
7675754467568012565
7675755561874459924
7675761820358937864
7675761990975048981
7675761993323744530
7675763129820826901
7675763271915293973
7675767145799847189
7675772808638532886
7675773119570644242
7675776799476927766
7675777727307304210
7675778108737326357
7675779226372558100
7675779507873139976
7675782839316548885
7675782918068915487
7675784607756848392
7675786901122501909
7675786960111258902
7675787278303726869
7675796457093401876
7675797549931859221
7675797632106663189
7675800205769395474
7675801572953034005
7675801680176221461
7675802388120358152
7675803246832733447
7675804059579714834
7675805047854255381
7675806046077701396
7675810856600390932
7675811597994085652
7675811911572737287
7675814657596198165
7675814714303139079
7675815304903118100
7675815663629389076
7675816399100562709
7675817141072940309
7675817686496218389
7675817728984255774
7675818033947888916
7675818042374245652
7675819985570172167
7675821007688535317
7675822715378552084
7675823483862961415
7675823691048946965
7675823784900775175
7675823926554971410
7675824931132673301
7675827523841772818
7675829016183540999
7675829761368755476
7675831463178243348
7675831595244260616
7675832989556772116
7675838334777691393
7675840115440143637
7675841518237650183
7675847187338628359
7675847798079720711
7675851470784220434
7675864197355277600
7675921480798014738
7675973952811945247
7675977261954239765
7675977351028673812
7675979286427208981
7675982736192015634
7675983566890634516
7675983914967551252
7675984395781655828
7675988169623407879
7675999618546568469
7676002356139445525
7676003468246551830
7676007981942607105
7676012846580337938
7676018818778533138
7676019611464240402
7676021284794273032
7676022813521759508
7676022832446393607
7676024618917825814
7676024702246079764
7676027440421981447
7676028147854314772
7676029709263621397
7676029730105167122
7676029806496075028
7676032627115117844
7676033478487526663
7676037513387019541
7676038410833857812
7676039614976740629
7676039685885512968
7676043158664350997
7676043893758102804
7676046487045917973
7676047772704984328
7676048798422093064
7676051839019715860
7676051976869727509
7676052151658958087
7676053000514817300
7676053169389964565
7676059307963698465
7676059800312073480
7676060155397590293
7676060196304997653
7676062274167164180
7676065372155546888
7676065642084191496
7676065870740737287
7676067990835612960
7676072521111735570
7676078206897638678
7676080149049232673
7676081219443936533
7676081370405424405
7676081474067729684
7676082781587262741
7676082796212849938
7676083114757590290
7676083153320316181
7676083156318997792
7676085015670852884
7676085672834305312
7676086040561569044
7676087824931671303
7676088331884580103
7676090469226466593
7676091476039748897
7676094894602980615
7676095691642391840
7676099699111169288
7676100779261922578
7676101844057263392
7676101852332657951
7676105679622606101
7676105776498330898
7676106166492990740
7676106323863407892
7676107334225071393
7676107973499915550
7676109080355753236
7676110494255582482
7676112237559385366
7676112381596028190
7676113611642653972
7676113808703720734
7676115904442223904
7676118702722436373
7676121087486250260
7676121161209548052
7676121487006469397
7676123154124770593
7676125700990061854
7676126689260342559
7676126793816050962
7676127785319976225
7676128645060005151
7676129007439531272
7676130324597787924
7676130532908076309
7676130605381291284
7676131335882165524
7676132993156664606
7676136480930041101
7676137736197115157
7676137853180595487
7676138998263270686
7676139439407615252
7676141418007645472
7676142744972168480
7676142845316680980
7676143014955306260
7676143387610991890
7676151176546520341
7676154346362391826
7676159084504108308
7676159500868406546
7676160840864746773
7676161152153308434
7676162324650134791
7676163537974299911
7676164132579577095
7676164890066816277
7676166202602933524
7676169056503729426
7676170616537435410
7676172457660714260
7676175031088467218
7676175288291609877
7676181017085988114
7676181689974017288
7676183738388253960
7676183837399010573
7676184031502929173
7676185524293405972
7676185806763019542
7676185904490269973
7676186623993744647
7676186911265819924
7676187153046637831
7676188314814188820
7676192272278834452
7676196778072345874
7676199088299232532
7676200426244459797
7676201807885929750
7676202684797521172
7676206929085009173
7676207176607632661
7676209611262725396
7676211586234748181
7676213586066197780
7676216730808519956
7676218356067798285
7676221174589771029
7676223825423600914
7676223971963964704
7676224733666708756
7676232617511128341
7676236149060324629
7676312264655375647
7676327746431225109
7676354903522069781
7676367707129810197
7676369344393186581
7676377276228914450
7676381311908482311
7676383197046787335
7676384408991419668
7676384488938671381
7676390928147418390
7676393247467392274
7676396711904021780
7676396914467818759
7676397121175670032
7676397717567900935
7676399738836487445
7676399775935188245
7676401509797563679
7676403328372215061
7676404923327696148
7676408976082554133
7676410034519117074
7676410323754077458
7676412230312742165
7676414617597332767
7676415119274216724
7676417355139829012
7676418266079743239
7676419085789564181
7676420209724427541
7676420749535579412
7676421961030913300
7676422595348122901
7676426286272695573
7676427285494287637
7676429581846351124
7676431517958049045
7676432304981609749
7676434893445827861
7676437245129248021
7676438008555474196
7676441144787569927
7676443129188306196
7676445757272165650
7676445866412084487
7676445941724941575
7676446885971807495
7676447895624617223
7676452416648170773
7676453225788116254
7676453670317509909
7676457902021905682
7676459152910126356
7676462320624618773
7676465009639116052
7676465124344859925
7676467513869405453
7676470463215848737
7676471005845654804
7676472897895927047
7676476459506011399
7676481314765327636
7676482698642328840
7676482782100458772
7676484675644296480
7676490206752673057
7676490988545740053
7676492445311438088
7676493236868844820
7676495687248383252
7676500034690600210
7676501035854220565
7676501668455877908
7676502182933548309
7676504692964363540
7676507626049473800
7676507833097047316
7676507933651291412
7676508079873133845
7676508385440730388
7676509002045492498
7676510002714021152
7676511935373790484
7676512199510166816
7676513150140812551
7676513259909926162
7676515769202674952
7676517451667901716
7676521109348437255
7676522276883336468
7676522334844423431
7676522930985291041
7676525828565454100
7676526234918046996
7676526828739251463
7676527134067723527
7676531422022143254
7676533201732635911
7676534783588994325
7676537860526247199
7676538521007426824
7676540379788758294
7676543127619931399
7676543287607430418
7676543961107827986
7676545412798532885
7676546054698962183
7676547402916187413
7676548423784402183
7676552977858989330
7676554047029021982
7676554978722434322
7676556301643566356
7676556872974896391
7676557958800543009
7676558108164050196
7676558176250105109
7676559974746623252
7676561125194124564
7676562836595772693
7676567773190933791
7676568233616575765
7676568894718364935
7676569378955037973
7676570718489824532
7676583703434251528
7676585658512608530
7676586034330750228
7676587330240580885
7676589011279908114
7676590171462110485
7676601367288368404
7676606017307823381
7676607216773811476
7676620591402634504
7676631593707965703
7676652492502945044
7676654338210614535
7676654436315450631
7676655758242532615
7676677654594014494
7676691722797059359
7676700004634905877
7676708770541522196
7676720380211563796
7676724513584712968
7676726900340919572
7676738681050320136
7676739799260187925
7676742677429325064
7676745986353532191
7676747762901224705
7676751064351182111
7676752915586927902
7676754692600302879
7676755259796000030
7676755727540702484
7676755995934215455
7676757510094720276
7676758681379261727
7676759632735505671
7676762661975051527
7676764273816653077
7676771751723928865
7676771762650058006
7676780027144424711
7676781958000741653
7676782012027505940
7676791475023219985
7676793359666629895
7676794778972867860
7676796037348019477
7676797635088370965
7676798821665459477
7676798895397031190
7676799580926676244
7676801236397526305
7676804087261728021
7676808612316040468
7676809465680710942
7676812190556376327
7676812639565008146
7676814050579320084
7676815526764612884
7676827187005164820
7676828502900903186
7676829093534371092
7676829794239106337
7676832985278057748
7676834129488416033
7676834340206038280
7676836966003952916
7676844135055101202
7676844812028480799
7676847543212379413
7676848806041799957
7676852600842505492
7676854338140015894
7676856949979368711
7676860368559443221
7676865701470080286
7676866680416505108
7676867775788322068
7676868107075472660
7676870218295020821
7676874450284875015
7676876500766919969
7676878242673986838
7676878928400682273
7676881024496078112
7676882913333382421
7676883235829189909
7676884535937830165
7676885962638609685
7676886216595328277
7676897898650422549
7676900009450802463
7676902526897147157
7676904671394450708
7676904705779371286
7676906273043942689
7676906500035530017
7676906565131078944
7676907596506238229
7676907887188249877
7676911666809916692
7676913341733817633
7676914927755382036
7676920588144823572
7676930158837648647
7676940063141416212
7676941446674451732
7676941540089974024
7676943395817803028
7676948468870417685
7676949070295878920
7676949522399989012
7676949619363958036
7676956057113005319
7676957641293237511
7676958556645543189
7676970922242231573
7676973643309665544
7676975121185180935
7676979391787748629
7676979717551033620
7676981360052981023
7677012886627028238
7677028380100807957
7677041307100974357
7677111897149279508
7677125175652994324
7677126088778206484
7677133053357067540
7677133310618914069
7677136702061776146
7677138975315774741
7677141389385256210
7677142571142941972
7677143064376347924
7677144384894258440
7677145933372525844
7677146223052115218
7677146641001942302
7677147485579660565
7677150405981113620
7677153384037633302
7677154309808590098
7677156882770840853
7677157996283170069
7677158100272532756
7677159451559775520
7677159612059045140
7677159835904871700
7677164420786556181
7677168775157927189
7677176455519866120
7677177020115111181
7677179621552573717
7677185085338094868
7677186891749264658
7677191340739808532
7677196297949990175
7677197202787421458
7677200434804591893
7677200623846051093
7677201665522470175
7677217782647328008
7677223288833068309
7677224371836013842
7677225228333845781
7677228804556786952
7677235067911064852
7677235383247129888
7677236806886133013
7677241193809415444
7677241626036538646
7677242386401103125
7677246271089806625
7677251154446781717
7677253457987865864
7677254846646422791
7677256719705050388
7677257192038354183
7677258677082017056
7677260224801148174
7677261246508371218
7677262058039053599
7677262354077338900
7677264391963675922
7677264714140830997
7677265964894981397
7677267197898673428
7677267685532716295
7677268436728204552
7677270352967240980
7677270595951791380
7677276663989767444
7677277355181722900
7677278057345928466
7677281515658579221
7677282244859415828
7677283166201203989
7677284959756864789
7677286025000946962
7677286210573765908
7677287737111645461
7677290747544096018
7677291596122983700
7677292725221494037
7677293424692841748
7677297039289502983
7677300316638956818
7677300391599525141
7677302168843750677
7677302371663252758
7677303054756072711
7677303062532377876
7677304733983411463
7677309825906183446
7677309851361414421
7677309941694156040
7677312445790047501
7677314255481261345
7677317017023548679
7677317429004946709
7677317836947098888
7677319750048861448
7677322161438199061
7677323050207022358
7677326264448896278
7677327280833662238
7677340018368580896
7677353628377615636
7677372857688771861
7677439075770535188
7677458668215897364
7677461031718866196
7677461838493224213
7677473258899344661
7677478275404352789
7677489061019340052
7677491042521779476
7677491856627731719
7677493699995143444
7677498611256675604
7677500353536986376
7677503186206231829
7677504179296062740
7677506166884207892
7677506338892680468
7677507536987147527
7677523745908559125
7677524200785022228
7677525952124980501
7677528497761340679
7677532558321618183
7677533326273531157
7677534334173170965
7677534836839419157
7677535596641832212
7677536515236302111
7677537369930599702
7677538915997256980
7677542385483599111
7677543458030062855
7677543784930086164
7677543899161824533
7677545738745761042
7677549787440319774
7677557599608245525
7677562076532935956
7677568527502445832
7677570042745179412
7677570495209901334
7677571710828285192
7677571941577936136
7677572168485440776
7677572305815473416
7677572643649801490
7677572746120842516
7677576658555014407
7677577333733215508
7677578113852673300
7677580528454782215
7677580756230704400
7677583186586602772
7677586425314888977
7677587369981234450
7677587653553818888
7677587672340401426
7677587694637157664
7677589104908913940
7677591611613760798
7677592838787337493
7677594969531632928
7677595907193408788
7677597049117773063
7677597943968419092
7677598503710870791
7677603836441136417
7677604317163048200
7677608325202136340
7677609064905379105
7677609820299595026
7677613515028598037
7677614583854533910
7677615492093218056
7677615918457048341
7677616494813138184
7677617956301458721
7677619482851839252
7677620719781448967
7677621373338012948
7677621731913207048
7677622867348950293
7677622926224444690
7677625299424742663
7677625636743105800
7677627399030246676
7677629059890760974
7677629233765682439
7677630501691198740
7677630695900040470
7677630841790614805
7677633442183531794
7677633595258899719
7677636043373432095
7677638653119712532
7677639005311126792
7677640074095381781
7677642030012550420
7677642577792961799
7677654035859639570
7677657221760634132
7677657732538699029
7677657840449817877
7677658469192846612
7677660089934810384
7677661831858490642
7677662344356351253
7677663258282642708
7677663484502428961
7677666157624626453
7677666491793296660
7677668015063780641
7677668103282511124
7677668220253261076
7677668424855899413
7677669138084465941
7677669684547718418
7677670224547810568
7677670620003388686
7677671119264009479
7677673309005253909
7677673542489558293
7677674076206419207
7677676194770259221
7677676923371130133
7677677829064035605
7677678698199256341
7677678890202058005
7677678913803422984
7677678948670557473
7677679779037908244
7677680299219635477
7677680654624083230
7677681010661788948
7677682763381656853
7677683212142791944
7677686839574121748
7677687067731561748
7677687763730320660
7677692533694090516
7677693298714283282
7677695886251592981
7677696358563745044
7677697520306343185
7677698852664675591
7677699391959878934
7677720034931707154
7677726424228187412
7677734075167296775
7677742785407077663
7677816184632266014
7677823022274743582
7677830181901454612
7677839457948617991
7677848066342407441
7677848658674453781
7677851765236141333
7677858281745894677
7677861337480924437
7677863397479681301
7677867658725018901
7677873199606025480
7677885349712039189
7677886132478119189
7677886331594345735
7677887906442169618
7677888632375627028
7677891397151690017
7677892886746139924
7677894252474551559
7677894417457433887
7677894633111784737
7677896510155001110
7677897135651704097
7677897474488634644
7677899260083342600
7677900346299075853
7677900782250790177
7677901471760862484
7677901953426345236
7677903923268554017
7677904332993482014
7677906045364194567
7677907955391515911
7677909431853649159
7677909619007655189
7677910482468080916
7677912517233872145
7677912974379470113
7677914530571210005
7677915516958264609
7677916712729087253
7677920080147238152
7677922113679854869
7677924149074857234
7677925609707670804
7677926041062591764
7677927073511525650
7677927583727521044
7677929051352272135
7677932895973149960
7677933618550885653
7677933927390137608
7677936242767547678
7677938235670023444
7677938770888494357
7677941053231549704
7677941900275420437
7677942388807191826
7677942768211119368
7677944432607497490
7677947008950242580
7677947366804098325
7677950203265027360
7677953572453010720
7677953764631907604
7677954784233573653
7677954928077262110
7677958312947698951
7677958822052384020
7677959559096487189
7677959920867675400
7677960416726699284
7677960551548357906
7677961794740063509
7677965438520970517
7677965901358042390
7677968382192553224
7677973362345315605
7677973718634695944
7677977121272122644
7677977632712985864
7677978309640064264
7677978623139171602
7677979073401965857
7677980225749273876
7677984345998593313
7677986636529077512
7677988896797429013
7677988909242125576
7677989343511760149
7677990768878882081
7677990878241213729
7677990918959533332
7677992362743762207
7677993631092985109
7677994838381432084
7677995078756912415
7677996455231016210
7677997895919914247
7677998002027498783
7677998011372408082
7677998789214489876
7677999743531748639
7678000459902209300
7678001018528943381
7678002262333050133
7678002660531850514
7678002746141986069
7678003674991381780
7678004159567695112
7678004942908689684
7678005174736129312
7678005312678513940
7678006846061382920
7678009399792700705
7678009763275246866
7678009780287311137
7678012218390105352
7678013331701009696
7678013770601418005
7678013774283967765
7678015082562997511
7678016621473959188
7678017179362528519
7678017376431967508
7678018293294206216
7678018620076674311
7678020021712325895
7678021109455211797
7678030060774886686
7678030712192224533
7678031289798102290
7678031654522260753
7678034511392804104
7678038294285815047
7678039157930970388
7678040803347827988
7678041702464097557
7678046169800445205
7678048206260866324
7678048903807257874
7678052171660971285
7678052269618679048
7678052510795386119
7678053919544593685
7678057921699155207
7678058818089012487
7678061606869273877
7678063068210875655
7678064186936708359
7678069684998130952
7678073155356724487
7678073279004888341
7678080591648066837
7678080786830052626
7678082733154798855
7678084935298682132
7678086015789042951
7678087139455683847
7678092488095124743
7678101125689609480
7678107527720029441
7678145108868386068
7678210245348363540
7678210808022666517
7678212061800811807
7678213041875356948
7678217537338789138
7678217698089635093
7678218430058630407
7678223040785796365
7678223890249682196
7678224668062518548
7678224983876717845
7678225835119365396
7678228844272241941
7678232087727557908
7678232617032092948
7678234339603254546
7678235629376785671
7678240403769838880
7678243836283440402
7678244249497816353
7678245007425342752
7678245574247861526
7678246334691872001
7678246605979438369
7678247572640763154
7678248712472382741
7678248870819794197
7678249695214439712
7678250307536653575
7678250566321065223
7678250636076387592
7678250673254763797
7678251044211641620
7678251099928775967
7678251425935265042
7678253362592156948
7678253423753497876
7678256015770438930
7678260286901636373
7678260297018232072
7678260840885226785
7678262370686291220
7678262462956965140
7678263269471145237
7678264396207934741
7678267063894314260
7678267444707773710
7678267769913167135
7678271898433621262
7678272956493073682
7678276155215973653
7678277431727426837
7678277989146184980
7678278088270056725
7678278823388908820
7678279601952492820
7678279743242243348
7678280596954680596
7678280977445113095
7678283133912943892
7678284634735578388
7678286684718451988
7678289749227932936
7678289915053985044
7678291861529726216
7678291984901082375
7678294536359136520
7678296002079722773
7678297024491457799
7678300269062507809
7678302196697468180
7678302779177323783
7678304755738807560
7678308064394546453
7678308227032943880
7678310377209203988
7678310743594274069
7678311010284965141
7678313127796051221
7678313682371169557
7678316293535190293
7678317145305926932
7678317762745208084
7678318638687915282
7678318872839163167
7678320200042777876
7678323129206181140
7678327852672208146
7678328249671224597
7678329365385481504
7678329798405491982
7678330990183320839
7678331926154906900
7678334134665694497
7678334438278696212
7678335489367280916
7678335544006397204
7678336557769673992
7678338913412467989
7678339178802810134
7678339814864784647
7678341115254263071
7678341687617408287
7678342163083693332
7678342650423954696
7678344780140727572
7678345022978166046
7678346051698314528
7678346595393621266
7678347006846487816
7678347221166722312
7678347782935055636
7678347835225410836
7678347844239052053
7678349340116520200
7678350502928698631
7678350813831466260
7678351763317001492
7678352966343986454
7678353674099232021
7678353777732259103
7678354092908973319
7678355362713439508
7678355568314109214
7678355927967321366
7678357517700746529
7678358649584110855
7678359539292572949
7678359787062562069
7678360085902429472
7678361218209434911
7678364310988541214
7678366207019568404
7678366738446044438
7678367332460154142
7678368124504198407
7678368853679738119
7678369902624886034
7678370962403806484
7678371804389330198
7678372366958841106
7678372447644585249
7678375343828241695
7678375834574441748
7678375950165249301
7678378993255009557
7678383072324177160
7678383414017395975
7678383704716217631
7678384960570543392
7678385015486565653
7678385629041855775
7678386285869878548
7678386344078380319
7678386840524573959
7678386981755211038
7678388414261071122
7678389668517334292
7678389906124803348
7678390687112383774
7678392237708823816
7678393884556348680
7678394762298281224
7678395532569513234
7678395698655563016
7678403448039066887
7678403493215915278
7678404002211646728
7678404502680063239
7678405361665199381
7678406546040081684
7678407865438080274
7678408970519743762
7678413370701253909
7678414064048966930
7678415702826552584
7678421042137697544
7678428056129703175
7678434054710037781
7678436142710181140
7678437288228982024
7678437353567915271
7678438990030114056
7678439260210416918
7678440328361151764
7678441893730061586
7678442314817146133
7678445142025555218
7678447993715969300
7678448751001849108
7678450915564702996
7678451419422182678
7678473789734259989
7678475305752775958
7678477788365753621
7678493140440960277
7678510238743416084
7678549641733967136
7678572770917158165
7678583712824511757
7678584000130092308
7678590069027949845
7678590142361144607
7678591460781919508
7678593735185272095
7678593874541038878
7678593967222459669
7678595681849773342
7678601388150000897
7678601911821421844
7678603581062155551
7678610979185364245
7678612009188936973
7678613240774970646
7678613840627649813
7678615582878616852
7678618435307293960
7678623882563177748
7678624199463767328
7678625589141490962
7678627819752213778
7678628068545645844
7678628403355929877
7678629640642088224
7678632721492495636
7678633308372159752
7678634672754150663
7678634995593923860
7678635536026078484
7678642250032794901
7678642558880238861
7678643201011354900
7678644066912914695
7678645911731391752
7678647873415810311
7678653798906187028
7678654244051864840
7678654367766973704
7678654591617076487
7678657357383011602
7678661379120729377
7678661427007180040
7678662454523497749
7678665754794904853
7678667384349101325
7678670902636088609
7678672171668884757
7678673187663629589
7678674186356657415
7678677365555350805
7678677750797978901
7678678537766702369
7678679542264859918
7678679636854721795
7678680281942969621
7678680287546658069
7678680314427804949
7678681130089991444
7678682406752095510
7678682467309604116
7678683748518448392
7678684465530555669
7678686070606826760
7678687463044402465
7678689403509706005
7678690791396543764
7678691075304721694
7678692073842855186
7678692490140077319
7678692687393901845
7678696955672841473
7678698152123256072
7678698392108797207
7678701649581460743
7678701731802270994
7678702023826525460
7678702984884243720
7678703035723320583
7678703487202446613
7678703636528074006
7678707232183454997
7678707735432613127
7678709270363606293
7678709370825379093
7678709755199655186
7678710445191990535
7678713881040014614
7678715250740366610
7678715503384431892
7678715593574550791
7678715882700410130
7678718321906289938
7678718663171542294
7678720167869680916
7678720774752013588
7678721778562223380
7678721986335460641
7678722128891399455
7678722322252975393
7678724843071687956
7678725424532245780
7678726749697477896
7678726813484354836
7678728043703176468
7678728476613938452
7678728929724747029
7678728952856186132
7678729558014643474
7678730877404286229
7678731471015808277
7678731645159066901
7678733445186882837
7678734517208894740
7678735616603082005
7678735961605410069
7678736013476367647
7678738416082652424
7678739222823587092
7678741608270990600
7678742474302475527
7678742524458028296
7678742791366642977
7678743070887677191
7678743710468771104
7678743906476936480
7678744389643963655
7678746916506684693
7678747677936373013
7678747692234837278
7678748911321877778
7678750435351612690
7678750727510019359
7678751916930747668
7678752615869566228
7678754203036077333
7678755307899702548
7678756241031712021
7678756282286755093
7678756355565489429
7678760171732061472
7678761411735981332
7678762205361409282
7678762331974733063
7678763184836168967
7678764262361156886
7678768101655137567
7678769808640363792
7678772352364121352
7678772948051856648
7678775287076719894
7678776866110639378
7678777972412927252
7678779313944038686
7678782405104160020
7678783444884671765
7678783523909668116
7678783883722296596
7678786580101762312
7678787423521901845
7678787483139591431
7678789243317046549
7678790846220750098
7678791052777590033
7678793004894784788
7678805525521304853
7678806647719922962
7678806849096781063
7678808626584358164
7678813800119684374
7678815911565888788
7678816752972844308
7678816935793921313
7678820049129458964
7678823713445514516
7678824736914263304
7678824740211002644
7678825530858212626
7678826432159698197
7678827548901477639
7678834921716108551
7678869414153866527
7678908256210717970
7678928304757312776
7678934058734193940
7678943242515270932
7678944086128135444
7678953665582910741
7678955759257849110
7678959031637085460
7678964296813923605
7678969507183873288
7678973584005401876
7678975499913284872
7678976549021814037
7678979468400135425
7678982612639026440
7678982700262231328
7678982907494403360
7678983161249942805
7678984558074760480
7678985421073730849
7678986506547006736
7678986890523036946
7678989862644632863
7678992954563955988
7678995303306890526
7678995913913666846
7678997995081436436
7679003492664560903
7679007258260327697
7679010334576839954
7679012348513815829
7679015559576505608
7679016008694189319
7679016768043486484
7679017470832741640
7679019265168542997
7679019550024830226
7679020617626111240
7679023559074647304
7679024410174524690
7679024458731900181
7679024695374581024
7679025358670138631
7679025644130340126
7679026181580082452
7679028573167963425
7679030782416948501
7679031304163167508
7679034055878348053
7679034128892710152
7679035175552011540
7679035796279528712
7679035903049796884
7679036013498387732
7679037511758318856
7679038188706434324
7679038232142662920
7679039003114556693
7679040059340852487
7679040187393002773
7679041688077110550
7679042379726245127
7679042572488166677
7679044461820792084
7679047088872754453
7679047996549516565
7679048846168821012
7679051568980806932
7679051844038970632
7679052181198163221
7679052873103052040
7679055998849502484
7679056094416620820
7679056976667544853
7679058126074580242
7679058683514424596
7679058820718513429
7679059080161299733
7679063810426146069
7679066372961307925
7679066434093255957
7679067757157289223
7679068078302432533
7679069450594815246
7679070045779070228
7679070526823828769
7679071244435737864
7679073279746805013
7679074211100511506
7679074862996000021
7679075133394324769
7679077255900826887
7679077976784276759
7679078383636057361
7679080742349065492
7679080775437896968
7679081738215394581
7679082637310315783
7679082948611542293
7679084660416122132
7679085051723795744
7679089136384429334
7679089181863202081
7679089269062864159
7679089959986302228
7679091001016798496
7679091345306193172
7679092499784207636
7679095514066914580
7679095852559912225
7679096229460184341
7679097540876242183
7679097569581993237
7679097824977472789
7679098049507020040
7679099765803486485
7679099780982721824
7679100662314978578
7679101062388796690
7679101238771764502
7679102270566370578
7679102498560347400
7679102675207687431
7679104300122983698
7679104346755173652
7679104480410914069
7679107033001364757
7679107329295387936
7679108279695314183
7679108295554010389
7679108335257259282
7679108347039075602
7679108436528778528
7679108490354347282
7679108941850184978
7679109094518607124
7679109214505323796
7679109558870002962
7679110014505684244
7679110417846652180
7679110970228395272
7679112477908667655
7679112888727948562
7679114438967872789
7679115388847721736
7679115709682552085
7679115751780912404
7679116345698503944
7679116692651396383
7679116710728830228
7679117802938174741
7679117842368843016
7679119274178317588
7679120489071021332
7679121288492780820
7679121882762792200
7679122163793972498
7679122203698318625
7679123255596207381
7679123733004553505
7679123897282743572
7679123969533807905
7679124007597231378
7679125354778332436
7679125879712271637
7679126856754334996
7679127360880266517
7679127903602248980
7679128244506955029
7679129141161037064
7679129260736531730
7679129664543018272
7679130070576794893
7679130479362116885
7679131456332893458
7679131756175412500
7679134801886039328
7679135000696081682
7679135072179571975
7679135464783105287
7679137102625393927
7679137123659828513
7679137951288216854
7679140007856082197
7679142225359539464
7679142366426467592
7679142496751963413
7679143367015550228
7679143432698236180
7679146056898055442
7679147279193836808
7679148949470514452
7679150112236490004
7679150660725607701
7679151163488423175
7679151430615321864
7679154295459122440
7679154823765183762
7679155055152467208
7679157232977595669
7679157404990328096
7679158638111378721
7679158762745154837
7679160599909141780
7679160873163689238
7679161307781696790
7679162276133227797
7679167368676887816
7679167513216699678
7679171136885771527
7679171271568985365
7679171581867805973
7679172686332972296
7679174765613206791
7679175961836834055
7679176056875601170
7679177284649045270
7679179628774313229
7679180085710146836
7679184735607803158
7679184978113989908
7679187868744535317
7679196629982858516
7679199959308193044
7679202627720105236
7679213448093338901
7679220301732891925
7679225475524201736
7679237644026498324
7679238750106389767
7679240127763287317
7679244180173950229
7679246145478069524
7679254274441760033
7679272002527431957
7679295600889695509
7679295782540840213
7679325452397284615
7679326396736425234
7679327707133529374
7679327879028591893
7679328735635524885
7679330339566914824
7679335981727730964
7679337102714227988
7679337368540794133
7679338085187865863
7679341721540463879
7679343300729507103
7679344340203883796
7679344734678125845
7679348635490110740
7679348823386262804
7679353022975085825
7679353886263479572
7679354752345427221
7679356919701638432
7679357191568116999
7679359054392593686
7679360652502109461
7679363181017435424
7679363301905567008
7679363488686411041
7679365083503283476
7679369281510903061
7679370874977340679
7679372088754425106
7679372129485344018
7679372744378567954
7679373735186615573
7679375890664393991
7679375930690718996
7679378648528391445
7679379045611785492
7679379595270835488
7679380771601173780
7679380963838790933
7679383554400341255
7679392304108522784
7679392330733866260
7679392699551616277
7679392893378858261
7679393522293771540
7679394339298069780
7679397533105392916
7679399294956277010
7679403101069053204
7679405812132973832
7679406101363723541
7679406907852868884
7679407568778841352
7679407641495440660
7679408318749691157
7679409260983258386
7679409681193913620
7679411350791130376
7679413359200013576
7679416934860852501
7679416991433641236
7679423128581311765
7679423517892398350
7679425937657597204
7679426957771279637
7679428539422133524
7679429215346887968
7679429729736215826
7679430310278286614
7679430534631542037
7679430772792544519
7679432277696253204
7679432924642413842
7679438393515773192
7679438920840531222
7679439435238264081
7679441676489739540
7679443000337992981
7679443174879661344
7679443921038019848
7679447133866446098
7679447993627528469
7679448231297781013
7679450006323105044
7679450868537691400
7679453354908486945
7679456007487048981
7679459604354452743
7679463687131827488
7679464679873236242
7679468234763996424
7679469153589267734
7679469647346879765
7679470405832199431
7679470636435016981
7679470689753091335
7679472179649465621
7679474523837615380
7679475222600830215
7679475821534399776
7679478005831519491
7679479603282414868
7679479864264543509
7679479922720574738
7679480035694152968
7679482605703679250
7679485266888871188
7679485865927789855
7679486297873878279
7679486702603275541
7679488757430603015
7679489608253476104
7679490702648053023
7679492575576722709
7679492712067779861
7679492844964384020
7679493083058212114
7679496072506379541
7679496913254731029
7679497469453094151
7679499165659008276
7679499669570882838
7679502910702505224
7679505138532306192
7679508213489732896
7679508221068889362
7679510182681939207
7679516622322781458
7679516846311148821
7679516869128195348
7679520164609625377
7679531994023234848
7679532608119737622
7679535728975531271
7679545223524994312
7679551592651197704
7679559464504118561
7679559577477614868
7679562276461907220
7679564268198530324
7679573833434615048
7679574264932027679
7679580977231826207
7679620355064990984
7679644252812365064
7679644501685636360
7679644570816220424
7679644648616332552
7679644709161028882
7679657529122557204
7679661220823190805
7679682667830349076
7679682886861294868
7679684702885661973
7679685339404930324
7679692452873145608
7679700314911558933
7679700917561593108
7679701526146829576
7679707165132590367
7679709490563894549
7679710618831654165
7679712759029697823
7679712910788005121
7679713012478971157
7679714548529532180
7679714863471480072
7679717078852472085
7679717376589319432
7679718169174347016
7679718795434315029
7679720842162441492
7679724627932810518
7679725742216711456
7679726384264121621
7679726587847183636
7679728540207680789
7679729384470777108
7679729463952805140
7679731577428921608
7679732068447898901
7679733286054284564
7679737587141004564
7679738078226910485
7679740652715822369
7679741029410426132
7679741551039237397
7679741718039661845
7679742046202072341
7679745315116731668
7679745611553393940
7679746191663566087
7679748341357382944
7679749899189095698
7679750331034553618
7679750633867463956
7679753652873055509
7679754875198033182
7679757358284770581
7679757903623916820
7679760387805383943
7679761030792236320
7679762763098492180
7679765453169888520
7679765682267065618
7679766714019548438
7679768013339413782
7679768379095289109
7679768727063104775
7679769480230227221
7679773815022308626
7679775036940635413
7679775313802366229
7679775641100717332
7679776334234602759
7679777498728713492
7679781289683193102
7679784326791269654
7679784568357981461
7679786691527331093
7679787561979563282
7679788566309850390
7679790650019171606
7679790942781459743
7679791492101115143
7679791676646280469
7679793440783125773
7679797750644411668
7679801026987232533
7679803023811448085
7679803979001384225
7679804176326511904
7679804918097546517
7679807049064008967
7679807759591820565
7679808369980427551
7679808785040346386
7679808949536738580
7679809040448277778
7679810557687418133
7679812286957096210
7679812735508565255
7679813875281284372
7679816743195266337
7679821442388610324
7679821501905833237
7679821690905333010
7679821767774326033
7679822645344341255
7679824765082733844
7679827191642754326
7679827545763695886
7679828167040781589
7679834615766338837
7679834982931631378
7679835048182353170
7679836990753328405
7679838832656747807
7679839679490870558
7679842283843456276
7679844376310304021
7679846446597688584
7679847631392132370
7679847995709476103
7679848941482970400
7679850109768584469
7679850646887009544
7679851828439272725
7679853189696572692
7679853293585075463
7679855301767499028
7679860516637904149
7679860794099584288
7679863132944207135
7679865629997927701
7679865879789653256
7679865918712843552
7679867772385578258
7679869196133534994
7679869360445328660
7679869544139148551
7679870734230916384
7679873249164954901
7679874897283222805
7679874940291517727
7679876094220111122
7679876765057125654
7679878346276179221
7679879011878620438
7679885619857771797
7679886042635242760
7679888936763690263
7679890170434309396
7679892646579621141
7679892898065779989
7679893214756719892
7679894122915777813
7679894810580372756
7679894927450443015
7679895445035912466
7679896359540903176
7679896434442833185
7679896794079235349
7679897879015623968
7679899507894521108
7679900334709378311
7679900741167189269
7679901256340606216
7679901598428024072
7679901692011269397
7679903739804749078
7679909420972674322
7679909800527891734
7679912490850946324
7679915320789699860
7679918420439141665
7679927574771928340
7679930984971652372
7679931522450820370
7679931791142161684
7679943783399623968
7679958175084285215
7679961615474756884
7679971816907001108
7679972702244867346
7680006638069140757
7680014529689881876
7680020324754263327
7680041967950056736
7680047964026359058
7680059433581301012
7680060542525984021
7680071936285658386
7680075248439495957
7680075442597956885
7680075892567100692
7680076078043467029
7680076398039551252
7680076593548610837
7680077294609763604
7680077999466712340
7680078511238876437
7680078934351957269
7680079542345551124
7680083890182032660
7680085193503427860
7680086001494134037
7680087803119619348
7680088048209759509
7680088117570768149
7680088753880468754
7680089757250063647
7680091189441285396
7680093959925796114
7680093981165899028
7680094424654794002
7680095878849285397
7680098343422364949
7680101447094095124
7680102490183929095
7680103869724052757
7680105576495418644
7680106731434741014
7680107907047869716
7680108466941283602
7680112542315760917
7680117192687652116
7680118152658734357
7680118228063898888
7680118815564336392
7680119804161789202
7680120237378850056
7680120743073434900
7680123071449124116
7680123709876669714
7680124806901042453
7680126384756247829
7680127071317740822
7680129786869566727
7680131086264962337
7680133407753407764
7680141403321552136
7680145778500766997
7680146154503294226
7680146395499646228
7680146986435235092
7680149856920358152
7680149980648099090
7680150071006039316
7680150864392178951
7680151647321885973
7680156514652343573
7680159508261309729
7680159649320029458
7680160159376723207
7680160444572634386
7680162263377972498
7680163215212334357
7680164516990061844
7680166440841776391
7680169018753289490
7680170962779720990
7680171110037589255
7680175204789767431
7680176096058363157
7680176824864787732
7680178566662802710
7680179452973763873
7680181539979758869
7680182256220015905
7680183035156909319
7680184620075420949
7680185217662995733
7680185245131394325
7680185548845206791
7680185665035816199
7680186449190243606
7680188240044854535
7680189142101134614
7680189592611474708
7680190978006715656
7680192375389555989
7680194593471630612
7680195024474230049
7680196876028611847
7680197172838567201
7680197539282406674
7680197761035259158
7680199166798073121
7680199946414411029
7680200369040837908
7680200756766592277
7680201298339237127
7680202312387677447
7680203033229200660
7680203412566183186
7680205809082551570
7680206068659670302
7680207012579265812
7680208479348362516
7680208782944734485
7680209189624450324
7680209767595265302
7680209944657808647
7680210426113625364
7680211709642018055
7680212270101679380
7680212598469610773
7680212823946939655
7680213458280828181
7680214837313408277
7680216095449697556
7680216618370075922
7680217391703395605
7680219146654698773
7680219418588187912
7680219708049640725
7680221741154684167
7680223772288306446
7680225250847509780
7680226924827790599
7680228636233862420
7680228727225142535
7680229015877061908
7680231836374535446
7680232891309165842
7680234554497617159
7680234738740645127
7680235097936743702
7680235701564230930
7680235881558756629
7680236697858100488
7680239664116010248
7680239733783432455
7680240581234183445
7680240633067408662
7680241761624526101
7680242857017380118
7680242990232636692
7680244392124304661
7680245345997147412
7680245595319078162
7680245823984160020
7680248390650694933
7680248478403972372
7680249636614950164
7680250440071548181
7680251656646397205
7680252372177751303
7680255999671897351
7680256162800864532
7680256425083309319
7680260616715603221
7680262494761323809
7680267200199970080
7680268651794009351
7680270887072877845
7680272604086668574
7680273166849133832
7680274297394416917
7680275001920015648
7680275500694080790
7680278869185711380
7680279555537374485
7680286930965138695
7680291852980882708
7680293883254770965
7680294739870076180
7680298486058749202
7680302771861458183
7680303312742223111
7680305867689970977
7680309091033713940
7680311270691720469
7680313660920745237
7680385632316787988
7680412116691586324
7680430781713386760
7680434637130566930
7680437022166666504
7680437768090275093
7680445128900742421
7680445505322700052
7680450571911908640
7680459457872039201
7680459944214187297
7680460116868500766
7680460455747407125
7680470910448536852
7680473603770535188
7680474212812770581
7680474280563445010
7680476246362393877
7680477923316583700
7680483669542259990
7680486415221738770
7680486874766462226
7680488416026299669
7680493053089549586
7680495923801181460
7680496778768059669
7680499220805061908
7680499775363452168
7680500213252902152
7680501942094662930
7680502255061339399
7680503928739450133
7680505267716508935
7680505366731312417
7680509288451673365
7680518679628500245
7680519191849422101
7680519344153005334
7680522250965044500
7680523120272313622
7680523824076492050
7680525550582074644
7680526950431051028
7680526959230700831
7680527917683641618
7680529227061415201
7680529357445549332
7680534310759189782
7680534534416272660
7680535228456144148
7680535824361934101
7680538787763473671
7680540818855202069
7680543319897918741
7680545490529799445
7680548651613146386
7680552206159924500
7680552992763874590
7680553132291558663
7680554179965898017
7680555278940605717
7680558965712899336
7680559307787652359
7680560221659401490
7680561055654923528
7680561107039161620
7680561441295895829
7680562387132353825
7680565808979807506
7680565950738861332
7680567007657463061
7680567244480384277
7680568190430235924
7680568545842924818
7680571093345799431
7680577923895561492
7680578778590055700
7680579532054744340
7680580208453373202
7680580822356839712
7680583043471494421
7680583328759647509
7680584088117464341
7680585181224373536
7680586127236959509
7680586142785211666
7680586223945059605
7680588907196468501
7680589923476311328
7680591997995961621
7680592631574908180
7680593728934890773
7680594948542024967
7680595113193557279
7680595350423375126
7680596351750524182
7680598415507590433
7680598423262842134
7680598681250303253
7680600297969896725
7680600648068500766
7680603821340495125
7680603895420292372
7680605829019602184
7680607488663670036
7680608523834690836
7680609710050938143
7680610258795924743
7680610820618833173
7680611696330771733
7680614477049679125
7680614741231799572
7680619622504074517
7680620522878586132
7680621127135202568
7680622784636095765
7680624855112371478
7680625460098682133
7680628452969417992
7680630624213912840
7680630662470110484
7680635246928203029
7680636059595722002
7680636183281470728
7680640393024638229
7680641460097633544
7680642763737566484
7680642972534230292
7680643096631184648
7680644927218535688
7680645099503553813
7680650971336248596
7680651465609825556
7680651936961514760
7680652362586885397
7680656024042278162
7680657351874972949
7680657621283622164
7680657975958064404
7680658123035561224
7680658675136089362
7680659124945767700
7680659869157952775
7680670994029186324
7680671683618868501
7680672951049456903
7680693111051373844
7680696514636811540
7680697531461930260
7680697972149062933
7680705591475686659
7680768327169494293
7680785606955257120
7680790944794397970
7680804736802557204
7680813284018130184
7680818250544057620
7680821065433632018
7680830952070712583
7680835569198451988
7680840029484125461
7680840160703171860
7680844748017470753
7680849374435380500
7680849581755780372
7680852574689430804
7680855175048776980
7680856078808108309
7680858316519623966
7680864296024247573
7680864958560832789
7680866736488385800
7680869738196536597
7680871367520161044
7680871840562023701
7680872756648463637
7680881328228797717
7680881413931011349
7680882605402672404
7680885584629468423
7680887580421803282
7680888439465577736
7680892048488107271
7680894332706000146
7680894504139771157
7680894713762860296
7680897736446610720
7680897764720446740
7680900337179331847
7680902870543224082
7680905028244213013
7680905690524830983
7680905757994257686
7680906458770181392
7680907773692939527
7680910649257397525
7680912437247364360
7680912669762899207
7680913929542929685
7680915734456847647
7680919360944360722
7680921547254811912
7680921940684557598
7680922211703688469
7680922956066819346
7680923449061281045
7680925919812373782
7680926550010678550
7680928749663063317
7680929112109763861
7680931461175790856
7680932190162668821
7680933883847757063
7680934153314979090
7680934739720785159
7680939185267608854
7680939193274535189
7680940611662302485
7680942610344824085
7680943884532239634
7680945665484016926
7680945919046634772
7680946539312844039
7680947154977934622
7680947856299019536
7680947940323544327
7680948477337095454
7680949143027649810
7680950791192055061
7680952353146686727
7680953153616891154
7680955723706076434
7680957058144947477
7680957744261860628
7680957953955859733
7680961089563118866
7680961271704915221
7680962776633773345
7680963139155840286
7680964212251806983
7680964969487174944
7680965717180583175
7680969291981802753
7680970277865573653
7680971899244989714
7680972800101895444
7680974182439521557
7680974610870897953
7680977728216059144
7680978965967719701
7680981200470674695
7680983036569128200
7680983303213862164
7680984365261802785
7680985466786680071
7680986805528775957
7680986984894008597
7680987603033804062
7680989617423781140
7680990695708052754
7680991299327003925
7680992200368327944
7680992268437818642
7680994036953533717
7680996233950809365
7680996381561048340
7680996385755254037
7680996715389914376
7680996972777458962
7680997604666215700
7680998297468685589
7680999693672844564
7681000964953804053
7681001354197732628
7681001478617664789
7681002517576060181
7681002725466705160
7681004088095444246
7681005253608754452
7681007678885317908
7681008070901763348
7681009197563219220
7681010972768619797
7681011112472612103
7681012738105019680
7681013397546093844
7681013471844011272
7681013503636933909
7681014075840548116
7681015020905385223
7681018295574629645
7681018428869790997
7681019854723452162
7681020638663822613
7681021082819693845
7681022401441729812
7681022454038301974
7681028597166951700
7681029773853838613
7681029836399365397
7681035667656166677
7681036239910210837
7681036772104588562
7681038570018098453
7681040525301927189
7681040779493657889
7681041658019958036
7681050593749781781
7681052846044826900
7681057937669885205
7681155817063582996
7681156303212793109
7681159629161745696
7681165281669942549
7681165955992603925
7681166974554017045
7681173313233718549
7681175527264308501
7681176607297441044
7681177797263396116
7681180526627130645
7681189717450296597
7681190644055919902
7681192425829846305
7681193745601023252
7681196050819976469
7681197381936876822
7681204510173203720
7681204572198669576
7681207175787662624
7681208509693807890
7681209528272112928
7681213323051846933
7681214142811786516
7681220605022194952
7681222308853288222
7681223617148980510
7681225925803003158
7681231714122747157
7681233791020567828
7681234535513689366
7681238007650798866
7681245027707784466
7681245176702061844
7681246516505300231
7681249830827592980
7681252173652495630
7681252778437774600
7681258047573871892
7681261278861593863
7681262633940520210
7681263332514434325
7681263359639031047
7681267795111251207
7681269367618686216
7681269605813456130
7681271764978060577
7681272033048562962
7681272400004025621
7681272408577199381
7681277450713582870
7681277473077628192
7681278132388744455
7681278672401108257
7681282421601455382
7681283417157160210
7681288338829036821
7681288384727289108
7681296337731652885
7681296375375547681
7681297606475123988
7681298572586896670
7681298677180255501
7681300430806174997
7681300825750424850
7681301718470036756
7681302795298819361
7681303731291360533
7681305674843835666
7681305962967338248
7681307856418819336
7681308349622717717
7681309764214639892
7681310263257107730
7681312459864509714
7681314893899058453
7681316423183944991
7681318122623700245
7681318122917285128
7681318230543355157
7681318580759137557
7681318596424944917
7681320855116303624
7681322477531729174
7681322493231041810
7681322929141009684
7681323731314085153
7681324161456737559
7681324352628919560
7681325046622686484
7681325620998999316
7681325741358861588
7681325905377053984
7681327451607272711
7681327917279841556
7681328011999759636
7681328716747640084
7681329376557894930
7681330168102735124
7681330513608510741
7681330908833631520
7681331109640097046
7681332326357421332
7681332505550654741
7681332654351961377
7681333479845547297
7681333687102803220
7681334537518976274
7681334585648532757
7681334605470977301
7681335281127099668
7681335359644503317
7681335624426638613
7681336068997713173
7681336542715022612
7681336918549777684
7681337657863015698
7681338018355105045
7681339098061229333
7681340186197871890
7681340421213048072
7681341529125948702
7681341612227775764
7681341623661284616
7681341667948907797
7681342213086907681
7681342232863034645
7681343478537719073
7681344170744745224
7681345246663380231
7681345962626845973
7681346924670094625
7681348669576072468
7681349442783710485
7681349669284285729
7681349679526759702
7681352079629241620
7681353413895965960
7681354322675813650
7681354906904775957
7681355200807849236
7681355555822587156
7681355755949133086
7681357221627841825
7681357388091329822
7681360443004194078
7681362008255515924
7681364941139463445
7681365338503564565
7681366984562363669
7681370127593458951
7681370268031290646
7681371017209580820
7681371490037681429
7681372536155720981
7681373986931920149
7681375466640526613
7681375614321888520
7681378079637507349
7681378934419688735
7681382358083194133
7681382368145460500
7681385273837587742
7681385516880727318
7681386319842479381
7681386746965265684
7681388827251854612
7681388976418213140
7681391763629559047
7681392621142461716
7681393472175131924
7681393877508459796
7681394362344934664
7681394721419185416
7681395853826837791
7681403673477418270
7681403739529317639
7681404548610608406
7681406748317469960
7681407578701647122
7681409498396839176
7681411141066558734
7681417684549963028
7681418675181866243
7681419234387250453
7681420195549728031
7681427100200488213
7681428409855118613
7681447070430956807
7681456525994478856
7681458548492094727
7681461048167140615
7681511302967217441
7681516348912061704
7681540235401989390
7681541062636178704
7681542772679118101
7681543892310838535
7681546334863625492
7681547192984784149
7681555471379090708
7681562837788986642
7681562999710092552
7681563146368109844
7681563738616384786
7681569231506378015
7681570881537084693
7681572195557985558
7681577461078854930
7681578469171481877
7681580596094618898
7681582910306077959
7681583074760592672
7681583463698402568
7681584512228166920
7681590246433099026
7681590835149819156
7681594424282942738
7681597975088352532
7681598142512434440
7681604309355646228
7681607644909423879
7681609024567086369
7681610323987811591
7681614582137244936
7681614747741031700
7681616166929845511
7681618560535334164
7681623921719807252
7681625837967314183
7681627017065843976
7681628861053816094
7681629903468367112
7681630200056057119
7681630749182741791
7681632552628555028
7681633143945792800
7681634888419822851
7681637370780847373
7681639512291740948
7681640712793787669
7681640890607176981
7681641950855826709
7681643654301224212
7681643754863742226
7681644533880261896
7681645150388407560
7681647479279881492
7681648991670455572
7681649137506323733
7681650680339139858
7681654341429742870
7681655528472333589
7681660303947484423
7681660808811662613
7681661663187209480
7681662246392597780
7681662827974774049
7681663803389431061
7681664533592591636
7681665294619790613
7681666500276636936
7681667903598513428
7681670294188133653
7681671045509549333
7681671557210475783
7681671769475910944
7681675163473169684
7681675814995332373
7681676330601073928
7681676979476679956
7681677864311246112
7681678554278481173
7681682253662932257
7681682913821347090
7681687030916451605
7681688723867667720
7681689238185839885
7681689307240811784
7681689944405986580
7681689964874059030
7681690564512763157
7681691263917247775
7681691951569145096
7681692276359286047
7681693929833565448
7681695447605464352
7681695937265224981
7681698766251887892
7681699924563463446
7681700755228904725
7681702322510105878
7681702331158744341
7681702535329025302
7681702772529483030
7681703019179920671
7681703250633968928
7681707637653753096
7681708851200085262
7681709418890710303
7681713159052365077
7681713204925304072
7681714273214582036
7681716131761032480
7681716638365797662
7681716725561216274
7681718323410750741
7681718924592942356
7681719917757893909
7681720267764141319
7681720538045123861
7681720938722757906
7681721119719558420
7681721218361216276
7681722273425853717
7681722294309358855
7681722950008982805
7681723517519285524
7681725496664673556
7681728602538347794
7681728918684224789
7681729348264611090
7681731518121037077
7681732836591766805
7681732845894651156
7681733313928662293
7681735543138323732
7681735977932524820
7681737098554035477
7681738011423395079
7681738333050932500
7681740845309119751
7681741860267658529
7681743488131566856
7681745646252084500
7681746707675090197
7681746857285995797
7681747114849815829
7681749596443331862
7681749861053631764
7681750159662927112
7681751272109739284
7681751902190587157
7681752228603890966
7681752355158773012
7681752466475470101
7681752671623122196
7681753323065658644
7681753838847528213
7681755305155349780
7681761557755333921
7681763774029761810
7681764697581964565
7681765736540343573
7681766102862466337
7681767641383537941
7681767725378571540
7681768227231550728
7681769246833003796
7681770035303517461
7681770399436164373
7681770644580633877
7681772472592600327
7681785099246898454
7681824355722120466
7681897860849339669
7681914802867817749
7681924765656894741
7681932079285816596
7681932395745905941
7681937772843715860
7681938990265552148
7681940610701462791
7681940658587847957
7681946889998322965
7681949188686417159
7681952500362071316
7681952989459893524
7681955452615150855
7681958451634818307
7681961802388868370
7681965676705107214
7681965947632012565
7681966805191085330
7681966891887250696
7681967503307820308
7681970160516762900
7681971320711695649
7681971323265977633
7681973026719665426
7681973675867770132
7681974628989799701
7681976093280193813
7681976335534787861
7681976683146038549
7681978192193735957
7681981114289802503
7681981924042099990
7681984249825742100
7681986230300544276
7681987349605109012
7681989681462005013
7681991451609156885
7681991751439060231
7681992942050987284
7681993119973330197
7681994273486638357
7681994687669865748
7681997219049868565
7681998071265381653
7681998273246252296
7681998923023650069
7682000969839791382
7682001229744065813
7682004946312580374
7682005443790589204
7682005549113756936
7682005707029253383
7682006214317755670
7682006443888823573
7682007344179350805
7682007411657362710
7682009166646447368
7682011843732278548
7682012388798827796
7682015281543236884
7682016538873842977
7682021402077187350
7682021813685210375
7682023110949801238
7682025785397464336
7682026135265234194
7682026290177707297
7682026947488206088
7682030674173381906
7682032070561926408
7682034325402979591
7682034726311349512
7682035795527519508
7682036934100700436
7682041361222225172
7682041845639122196
7682043549407268104
7682043968447581460
7682049272061234452
7682050426207849748
7682052031397383444
7682052130068352277
7682055152899083538
7682055628113710367
7682057487792491796
7682057850335563015
7682059071616273684
7682059850431384839
7682060176194571552
7682064015278820628
7682064511473372434
7682070390478228757
7682070814157589768
7682071159600368929
7682075118486555912
7682075387018349831
7682075466852977927
7682075776866471186
7682076119662726408
7682076194912619809
7682076275040832776
7682076606097083656
7682077027167489300
7682077335587147016
7682078832802762006
7682079973045259542
7682080072479542546
7682081569082739975
7682081587802000657
7682083059939691796
7682083603500616968
7682083925610614037
7682084642060602644
7682085063076351252
7682085069061623047
7682085680465349920
7682086576230354196
7682086723886550293
7682086956255186183
7682088909278432519
7682092957776006420
7682097911995354389
7682100737324666133
7682101023179050261
7682102195663211783
7682102970233769247
7682103180573805844
7682105337947688212
7682108311365356821
7682108857933466901
7682111752993115413
7682111931167067412
7682117172533120276
7682117356470193429
7682117472681495826
7682118337349930248
7682120829345238292
7682122965890108692
7682124311661939988
7682127226434850068
7682128791979707655
7682130245989797150
7682133049751997703
7682134825058290964
7682136970922855700
7682138476166335762
7682139270366137608
7682143185967009045
7682147369793637653
7682148566147616020
7682151978385853717
7682153176442670343
7682153376511020296
7682153405560704274
7682154473568931079
7682163146370469151
7682174280003554578
7682174963113151762
7682177476784573729
7682177999197801736
7682272819891211527
7682279947922181383
7682292334414875911
7682296973679922453
7682302594538130709
7682306246543969556
7682307955252825365
7682313178209963285
7682314602092170526
7682315953517989140
7682316176025783572
7682317249763446049
7682318468267429140
7682322325294943506
7682324094905240853
7682325039429078293
7682334054124981525
7682335844656549141
7682338839322709268
7682339260506131719
7682343061501840673
7682348294873435413
7682349812938771733
7682349887823842581
7682351341557058823
7682352034313407764
7682352242187324692
7682354059231120673
7682358001688218900
7682360150941879574
7682361795817770272
7682362577325788437
7682363109054418196
7682365924770368788
7682367328004214030
7682368588350508309
7682368596386876680
7682370954671983885
7682373608995376406
7682373944329981204
7682374010474204437
7682375186187947285
7682375591550602517
7682376444906884385
7682376464515353877
7682379893279083797
7682379973155491092
7682380840755645716
7682381792883543303
7682381841181052178
7682383361330908449
7682385790004989204
7682390807348890901
7682390857902902549
7682391461765123336
7682393242226167047
7682394327204564232
7682395296323669262
7682395505049259285
7682396362813574407
7682397414455512340
7682397662611639572
7682398176149523732
7682399168828099861
7682400799430855944
7682401365234257173
7682403038333619476
7682404036322037000
7682405530345737492
7682405883908771073
7682406167578004758
7682407759429569824
7682407994876890390
7682409229021367572
7682412559885929748
7682412671848713493
7682414980943138056
7682417337072438550
7682418396494826760
7682419500767137046
7682419838148496660
7682421135669087508
7682423436991417620
7682424510196272404
7682425888302026016
7682426004370984213
7682427708566949152
7682428033629883650
7682428404263619873
7682431768565239058
7682432859314998560
7682434015009279240
7682434134014168338
7682435646627007765
7682437238831025440
7682437356896701717
7682437640620084501
7682437658814991636
7682439958350548242
7682440270331284754
7682440980020120850
7682443620716170517
7682443909259185439
7682451692268326165
7682451955758714132
7682454019549269255
7682456848875736328
7682457483176217876
7682458355528404245
7682458405616831764
7682461120489147668
7682461270229962004
7682463730948525330
7682464624209448213
7682464960714181909
7682465142273002770
7682466930233527585
7682469458304060680
7682469795131903252
7682469837947292946
7682470755984035080
7682470957763529992
7682473365784759572
7682473880434298133
7682476275310611745
7682476381384527135
7682476689238084885
7682476858432032022
7682481162052177173
7682481569436536085
7682481860202581256
7682482409178238229
7682482449221258526
7682482849991101716
7682483854183091477
7682484013612764437
7682484475204275476
7682485175875357973
7682486146630290702
7682486669680839958
7682486989018385686
7682489861051321621
7682490134041742613
7682492214403927329
7682494407173590292
7682494408184483092
7682495042304494880
7682495517904997653
7682497485209701664
7682500922592873749
7682505465951096082
7682506541240454408
7682506670680870162
7682512114245782804
7682516575294868757
7682516630164802837
7682516774478236936
7682517627603897608
7682519231568596244
7682521492617268500
7682523235191180565
7682524883007376648
7682526108381744404
7682538140510309640
7682544368682618132
7682547899078561044
7682548673070255368
7682562919741132039
7682600776266730759
7682636790741732616
7682637604210216213
7682637665010748679
7682638384568847636
7682641361559899412
7682648696273636628
7682655327602396437
7682681596968750368
7682682471514656021
7682683969934085396
7682687172335455504
7682692626373643528
7682703218689772820
7682708268883479829
7682709787519503636
7682709910072626450
7682710417746955540
7682711716563635477
7682717251451112722
7682720282607471893
7682720606965550368
7682722352655813908
7682724115689573653
7682725238668414229
7682733957300981010
7682735834293914901
7682737971677777160
7682739089174465800
7682740284089748744
7682741413615832342
7682741544092323093
7682742343870467335
7682742563514109204
7682742645466172693
7682746455861349639
7682746667556293921
7682747280725773589
7682748621644680456
7682750574260915464
7682750938867649813
7682751064948395285
7682751962747571487
7682755720244202772
7682758468444507399
7682758874662800661
7682762183872236820
7682762523770129671
7682763686762597640
7682764918168456468
7682765926571199764
7682766106204933408
7682766638323649822
7682766773401357588
7682767019346791700
7682768783378877703
7682768935514623253
7682770777061657876
7682771100480081170
7682771178053750034
7682773246478978311
7682773496484662549
7682774304446008594
7682774513834216725
7682774702116408596
7682778938304711957
7682782261996997920
7682782384076459285
7682784958322068757
7682787771433356565
7682787916153687317
7682789023651368213
7682789034548301074
7682789204929334549
7682789750310259976
7682790681705712903
7682791738225872149
7682792722146577686
7682793536919457056
7682794010183830816
7682794353554672914
7682794373939006738
7682794627769863454
7682798503516572950
7682800241141288212
7682801360538012936
7682802117345545490
7682803321564007700
7682803367877348622
7682803678373301522
7682804576768052500
7682807025184689441
7682808826457885974
7682810805217152276
7682819088065760532
7682821019085704468
7682821333213990152
7682822207663246613
7682822469434068244
7682822803803966740
7682823192926276872
7682823717327539464
7682824559208238357
7682824715303521557
7682826864561327381
7682828068339191047
7682829704507690248
7682830469087497493
7682830954045525255
7682830995149802772
7682831487900667157
7682833224443497748
7682833717043367189
7682834324453936404
7682835335369329941
7682835533017582869
7682837432772955423
7682839345656532245
7682840641835126037
7682841299153669397
7682841724325989646
7682842254779682066
7682842716362804500
7682842957669534994
7682845636093431043
7682845884391902484
7682846473368718623
7682846663433571614
7682847853248630036
7682847871300799751
7682848293923114261
7682850685485993237
7682850754821999879
7682852480492817697
7682853758346284320
7682853968837446932
7682855069863218439
7682856347167132951
7682856511554489618
7682858222314835221
7682859306831629590
7682859525614882068
7682859593684323591
7682861845803273493
7682862190990232853
7682862321714122004
7682864423119179029
7682865631464606997
7682867028264226068
7682867948339334418
7682868282134695190
7682869418631777557
7682869819162561825
7682872463721565462
7682872905197276447
7682874973848997138
7682880841810332950
7682884888676158750
7682886450634870049
7682886652473134356
7682887854254492948
7682888113471147282
7682889872440364308
7682890028414110978
7682891009113492757
7682891971010252039
7682897302620491030
7682902931305286933
7682911070717070599
7682942729847917844
7682953171467029780
7682957506284457224
7683007003173735701
7683012228219473173
7683015856258845972
7683017347258633493
7683025847598763285
7683028786115317024
7683031273446690065
7683046413336448272
7683055280392834337
7683057210989071637
7683061095828901127
7683063096394517767
7683063360690130184
7683064661700431124
7683065767117737234
7683069976298753311
7683084265864580372
7683084620224613652
7683086537373830407
7683088241435725070
7683098586749488391
7683102823332072736
7683103674855591186
7683105205633781000
7683105621314489618
7683107477608549654
7683108202124266759
7683108920637902087
7683113520556264737
7683117237166771486
7683117856879332640
7683118944210652434
7683119136570117396
7683119637118176544
7683121704712801556
7683121792508054802
7683122137195957512
7683122610263166216
7683123104222219541
7683125827961130247
7683126334075243783
7683128588127800590
7683130500873047318
7683133936993864981
7683134200194632990
7683137127156092181
7683138339746139424
7683140364689198357
7683140525813255431
7683143451533413653
7683144399454440725
7683144603083476244
7683147464685358338
7683149501586181394
7683149872802827540
7683151930062982420
7683152691354406151
7683152785159834911
7683153035660610836
7683154789508648210
7683155059257101589
7683155084313758996
7683156061855026440
7683156274451614983
7683157809688497415
7683158474406120711
7683160314380176662
7683162015959141653
7683162999712173332
7683163404474797333
7683163454210952466
7683165832222117140
7683169682660166933
7683171714192248085
7683172570123783444
7683174854782225684
7683177066753215765
7683177426288971030
7683177498556992788
7683177889549831454
7683178894228344084
7683178949865688327
7683179280460729620
7683180446783458581
7683180752971828501
7683180772584377618
7683181577647426836
7683181869575507220
7683182121367686408
7683183498915482898
7683184766849502486
7683185569404407072
7683185573967744277
7683186551739714836
7683186861375819029
7683187989056474375
7683188676397976865
7683189147938327828
7683189729826852104
7683190998838660360
7683191060104793364
7683191788475075848
7683192706297908488
7683192811780508948
7683195146774531335
7683195941872094485
7683197092218555668
7683197277367782674
7683198597579427080
7683200549340171541
7683201103411891477
7683203441581329684
7683204366853033236
7683206646532705543
7683208017101262112
7683208714597420309
7683209104482995474
7683210180032482580
7683210232100654358
7683210273758481684
7683210569389837588
7683215244747083028
7683215463127518484
7683216209311010069
7683217360354069768
7683218576374877447
7683219000913874196
7683219100499316000
7683219483271449877
7683220708771777813
7683221335908044053
7683222136604888338
7683222296689003796
7683222613136624916
7683223748559801620
7683224897593691413
7683225069262523668
7683225327870496007
7683227162534612242
7683228415406787847
7683228948431506708
7683229615925628168
7683230367897210142
7683230458234080532
7683230604439129365
7683231975284493586
7683232847099989268
7683233685071465748
7683233843838553351
7683234859241786645
7683235441260236052
7683235656725810452
7683236412979776789
7683236689640213780
7683238619087195400
7683239423978392840
7683239461697768725
7683240113203072276
7683240502837267733
7683241413915512085
7683242124929699090
7683242133616233735
7683243353038785813
7683245022577184008
7683245662359981333
7683247542322089223
7683247680595840276
7683248540432321813
7683249909386038536
7683250933672742166
7683251630413810965
7683252051295423751
7683254581094141192
7683256114267426055
7683256631349579026
7683257394926718228
7683265524641320210
7683269979369753886
7683270994978426130
7683272885430947080
7683273373304425748
7683276291419753759
7683280824594320658
7683287439682669832
7683292452807068948
7683372784226929950
7683377912652827911
7683380628976454933
7683380810568748308
7683383133898558751
7683384474876382494
7683398139633601800
7683407352292199700
7683410904788126990
7683414966652751124
7683427286498037000
7683427431297862932
7683428847475264789
7683433348982787336
7683433858599013633
7683437462311488775
7683438359645031713
7683441905039969557
7683444272300854561
7683444885885701397
7683446011628490002
7683450149737401621
7683450903386410260
7683452434768792840
7683453529066867989
7683453622763539725
7683456248406150421
7683459536505556255
7683461141397310733
7683464282566135047
7683464620564057375
7683467595948854560
7683468035113471264
7683468196187262240
7683469917881912594
7683472458644458773
7683472745556135189
7683473191368576276
7683477598701194514
7683478721025658133
7683479450821905697
7683480268275076373
7683481342671113479
7683484114040720647
7683484905627520263
7683487750665850144
7683487869918399762
7683490934113471765
7683492542876339477
7683493812479577365
7683493923666332935
7683494886187781396
7683495279005306144
7683499038888561938
7683499497040825618
7683499607552232736
7683501136346664200
7683503477804256533
7683505116581825800
7683507916237737236
7683508160178425109
7683509604705209622
7683514133945306375
7683515808655510805
7683517300800032018
7683518545493232917
7683519781676518674
7683520520851131668
7683521462027767070
7683522715965213970
7683522762538798358
7683525164629331218
7683525597896936712
7683525676921556242
7683526822591466785
7683527361932823816
7683527966051093781
7683528915146624276
7683530623125949718
7683531889197468960
7683532051793857799
7683532099961277716
7683534791790234900
7683535341126569224
7683535997002435858
7683538052966403348
7683539983403191573
7683542272578686228
7683542585440275732
7683543140778790152
7683543165667773703
7683543318155889941
7683543612226915591
7683544165199760661
7683544507148684565
7683545476100017429
7683546446959774994
7683546472528284949
7683547413742619925
7683550086470634784
7683551042981596437
7683551283273387286
7683553192717602066
7683554742940765458
7683558395806305569
7683558930945150226
7683559514196561174
7683561358423608597
7683562876782578967
7683563573557234964
7683564219186384148
7683564630366735637
7683564834662796565
7683565104235072789
7683566565014490389
7683568659108728071
7683568999816400135
7683572140859280647
7683572367427423509
7683573552783789332
7683573607817137430
7683573825207815444
7683573911044869396
7683573912621370644
7683573955105426708
7683575139904245013
7683575714427325727
7683576874022341895
7683577558394227986
7683579599938374919
7683580156912405767
7683580547259501832
7683580975619509537
7683582015928552724
7683585471267523872
7683586138182880530
7683586779080838421
7683586951835847966
7683587419140017426
7683588632904551687
7683588846566591752
7683589290957327623
7683589511388941589
7683589803346054420
7683589855430970655
7683591385215290632
7683591544443653394
7683599391533305102
7683599709478391073
7683600093555084574
7683600789515914516
7683601331453447442
7683603673527733512
7683605856079908114
7683607858843372820
7683608377238310162
7683609034628336916
7683609084150418696
7683611326073146645
7683611392833801492
7683611568382397714
7683614340007660820
7683615221595884820
7683615349924924693
7683616029594995998
7683616193076268309
7683616986554764565
7683618593614990610
7683620726850506006
7683620784358706452
7683622078339206420
7683625159088999688
7683627546298141973
7683628428393712916
7683629771804429588
7683630028063509790
7683631421704949010
7683631513375722772
7683631532367465736
7683635308075814166
7683648670188784916
7683653253007019284
7683671021202951431
7683747815767526677
7683756159613881621
7683756212013387026
7683762262980529429
7683762563376532756
7683762725691936021
7683773826915880213
7683773950110829844
7683775468578934036
7683776409738677525
7683786916054961428
7683795514856459541
7683798498147421447
7683801041623600402
7683801074179820817
7683803061185219861
7683803539138759956
7683806181436951828
7683806975792139540
7683808438333361415
7683810855892372767
7683811299947449608
7683816348211744033
7683817481332444437
7683819496510868754
7683823635076893960
7683824703638670612
7683825776298364180
7683826077378055445
7683829000501857556
7683830271271111954
7683830467120057620
7683835156649561366
7683837187980365089
7683838057019182357
7683841026859027732
7683841201459481877
7683841416027573522
7683842509969034517
7683843500885970197
7683843851462774036
7683848207377386773
7683848972598906145
7683849292259675410
7683852936547519765
7683856806946311431
7683857089999031584
7683858534320098567
7683861126194433298
7683862082923695391
7683863273069890849
7683863822339149076
7683865197655690503
7683865219063434503
7683865783696477472
7683866945296338208
7683867386130337057
7683869516346019090
7683874833473654037
7683875367635012885
7683877428397214994
7683880249263656199
7683881838607109396
7683882498278968596
7683882902240660756
7683883421617212692
7683883788815961352
7683885288757972231
7683885761585827080
7683887845970316564
7683889065149713684
7683890334622895380
7683890993665477908
7683894176114822421
7683894759408061716
7683895967837424914
7683898294933703954
7683899318801059092
7683904247091465503
7683904633412111636
7683905848837508374
7683907032663084308
7683907269280533790
7683907409684745490
7683907624844168481
7683909138471980308
7683911829692665095
7683912877463407880
7683913607909838094
7683914420116049173
7683915102508125473
7683916626646945044
7683917394993057056
7683917929842232596
7683918417283370271
7683920374555331861
7683920530516249863
7683921420560174354
7683922130026892552
7683923473793862933
7683923492781313301
7683925382709431573
7683926871318318356
7683929356271373576
7683931532758699282
7683931784668630290
7683932035601321237
7683932352199871752
7683933444707077398
7683935274082045202
7683940304323579156
7683940736911510802
7683941189573397767
7683941438849174802
7683942481615949074
7683942842149932321
7683942866317888788
7683943221923269910
7683943559967296788
7683945883087506709
7683946118174018824
7683946288412462337
7683946335095098631
7683947664375057684
7683947950938000671
7683950167921462548
7683950335274077461
7683952078850510098
7683952143841234194
7683952191849172244
7683953318716247303
7683953821373959442
7683956926731799840
7683957990977703189
7683959244378426655
7683960374915353876
7683960847961443614
7683961392017247508
7683961421981404423
7683961771329129748
7683962912309923090
7683963259094879496
7683965198327123220
7683968390158961941
7683968610372717832
7683968791318990100
7683969964939693332
7683970944515247380
7683971285226900758
7683971693840305430
7683972092882128150
7683973584250801428
7683974164260080917
7683975741083553045
7683978602559311126
7683978663645187350
7683979572467027221
7683981305226218760
7683981413263133972
7683981867929865493
7683982831336426773
7683983592719977748
7683990866041539847
7683993496390290708
7683994124638326037
7683998558537665813
7684001796347464981
7684006331128352021
7684007930315705632
7684017282359512340
7684017298293656854
7684017404229291286
7684020808980761878
7684038210049215762
7684045473765657864
7684051783957679393
7684066521802362130
7684092398883982599
7684101304959962389
7684102098295737607
7684115653304896789
7684123404697488671
7684124578200833288
7684124874448669973
7684137616689597717
7684138003853479188
7684138913975373077
7684139571243863317
7684143412290866440
7684143666687905046
7684143892484082966
7684145251526642952
7684146827565796615
7684163014718803208
7684174469727816968
7684178494649126165
7684179134901128470
7684179404838243606
7684179623839616278
7684188451003960584
7684189173414104328
7684189293677514002
7684191784511098132
7684198413965085959
7684199122865360149
7684202524043136274
7684203900391607572
7684204084961856781
7684207438538476820
7684209785633279252
7684211282379083028
7684211902276177185
7684214608801893654
7684215336849165586
7684215643616316692
7684220224056364309
7684222576578596104
7684223148065049876
7684223597161745682
7684225360824814881
7684225641239104789
7684227470387612950
7684227609915297054
7684230202129435911
7684231132757429512
7684231284201164053
7684231848200867079
7684233211999997187
7684234102492613906
7684234132699811093
7684235898996690183
7684236653614861590
7684236877750127894
7684240592171322644
7684241254699273493
7684242509093997846
7684243456746655006
7684243494491278612
7684248161816366356
7684248485503438098
7684251482958466325
7684251816070090002
7684252031804132628
7684252113265806613
7684255541538999570
7684255728260877588
7684255935702912277
7684256213940325650
7684256516475735326
7684258280062913800
7684259775499996436
7684260598737276178
7684263657467006216
7684263907514518816
7684265973053918484
7684266727286377749
7684266763445456148
7684268374729198870
7684268677893541138
7684269231789133077
7684269867159031047
7684269886616603925
7684271428354477332
7684272028941110536
7684272065716702472
7684279034275974407
7684280284568767765
7684280602568248584
7684283504125005077
7684283517479537928
7684286026390899989
7684286075275070738
7684286228644039957
7684286384286272789
7684287504387804438
7684288209643228434
7684291047098191112
7684291786746989842
7684293490238426375
7684294186258009375
7684294572821810452
7684296664437296417
7684297736019086599
7684298115284815134
7684299486734060831
7684300278333574414
7684304793296276754
7684307124268059912
7684307284415040798
7684307512274996501
7684307990240939285
7684308017902390548
7684308697035672848
7684308961213943072
7684309233914989846
7684309601914817815
7684310734033014037
7684310742086012181
7684314790990335240
7684316761646173447
7684317411079720222
7684317914828377365
7684318300238581000
7684319152936389908
7684319321522310421
7684319386009603336
7684319421178842389
7684320528340929823
7684320660499254549
7684323017782005012
7684323529315110164
7684323720483114258
7684326222049840402
7684327178841984276
7684327196642626837
7684327971460533525
7684328716637424904
7684331921245031698
7684332150740520210
7684332221477555463
7684334847623564562
7684335666242653471
7684335696148024594
7684335986309975317
7684336052512787745
7684336800743165204
7684340297454685462
7684340922733088008
7684341232981593362
7684341374950591765
7684341942611709216
7684342417989930260
7684342433622084884
7684342645769981214
7684343076197846280
7684347072451022101
7684347599318568199
7684348779654302996
7684349574940626198
7684354948523379975
7684355847488638228
7684357961577172231
7684359315368496392
7684363769270603029
7684364111861337362
7684364391529057554
7684367553648512276
7684367580911406356
7684367754782149908
7684368315048807701
7684369310252371221
7684371757762972935
7684374139230031122
7684374250571975956
7684378042709347605
7684378665815117088
7684378883432451346
7684380069417995541
7684381346285767943
7684382320299674894
7684382586197806356
7684386014890052871
7684386683902610696
7684398874353487126
7684399124438912278
7684399863328525590
7684405174076542222
7684433252609805589
7684488959388405013
7684494436327312660
7684494604640603423
7684499093741128992
7684527863340535061
7684528537700797729
7684530004692061461
7684534681764842773
7684537098988211476
7684537136627895570
7684542297744215317
7684544854415756552
7684546720214306068
7684549046450539797
7684554340459089168
7684554434164067615
7684555137699941650
7684556913010330902
7684557308247952660
7684559801673600277
7684561976076389639
7684562094448069906
7684565308996062482
7684573048728505633
7684574669982158097
7684577316755770642
7684577330303470868
7684578185618410782
7684579141693361415
7684580191112350984
7684581635261582610
7684584974850346262
7684586005063617812
7684586275432631584
7684586808176397576
7684588057139367190
7684588636557364502
7684590442607856917
7684591442383113492
7684592053761723655
7684596036693724423
7684596443318996231
7684596563498355989
7684597298831035679
7684597813207960839
7684598329879104798
7684599469890981150
7684600262668864776
7684601995210099988
7684602598040571168
7684603886979665173
7684604304296119572
7684605722516016402
7684606153480785183
7684606196128484626
7684606807188229396
7684611528057687303
7684612282793479431
7684613747716918536
7684615915589094688
7684619485793275157
7684622882961493269
7684632640992906528
7684632677189782804
7684633466557811989
7684635934624730388
7684637287031852309
7684637452262247698
7684638329391811860
7684641082088393992
7684641308094336264
7684641627863780640
7684643726324469023
7684643848341015840
7684643971347270932
7684645221656775957
7684645406130621717
7684645715078843668
7684645886009396501
7684647416703798535
7684647516914158869
7684651368321256724
7684653212531559687
7684653729202638112
7684654352950218005
7684655451883048224
7684655704153525537
7684657171027496222
7684658530976156949
7684661610216328456
7684663184346647828
7684665387429940493
7684666019939437831
7684667562436644117
7684668007041305876
7684671044342287637
7684673891230403848
7684679849985772801
7684680540414414100
7684682303649402113
7684683453320776992
7684684032474352897
7684684783804255509
7684689285399842055
7684693026286914823
7684697382646271233
7684698093081660680
7684698525942205728
7684699847181536532
7684700188400700692
7684704311418408210
7684706499666447637
7684706960414969096
7684709212928380183
7684709520580381973
7684710509517557013
7684711895911173384
7684713992639565063
7684716121332698388
7684717866536504594
7684719858046471445
7684719885322210580
7684722378617785620
7684725657166810389
7684725819574406421
7684726084721560839
7684727569433758996
7684728506831342869
7684729418303950087
7684732349782740232
7684733356793285896
7684733728186223892
7684733886743579925
7684739792558427413
7684741746978196754
7684742249023884566
7684748595718933780
7684750515711921430
7684751823051246868
7684751825777544456
7684752423818251527
7684752578541800711
7684753984627821831
7684758148695035157
7684764471297985814
7684768758937816327
7684840848076442911
7684865440744508704
7684866654056025377
7684882466431061281
7684886182831852830
7684893258815851796
7684895519985913121
7684900744075562248
7684902886345542933
7684903572311379220
7684908553064221985
7684910057519090951
7684911301415488789
7684911620606283028
7684913015908551957
7684913725597355282
7684917033909243153
7684918965683932436
7684922805036633365
7684923747110833426
7684924467436342560
7684924988645821716
7684926052245818644
7684927057985293589
7684928338569301279
7684929937349856543
7684932586346450207
7684935128019111199
7684935363130821908
7684935510715829511
7684935511198158098
7684940926434823445
7684945539288321287
7684946812289191189
7684947075087338770
7684948192131140871
7684952437806992661
7684954504382467336
7684960108492934421
7684964953396153633
7684970273979829524
7684971641281006869
7684972614011440405
7684972711403080968
7684974905133174049
7684975746045021461
7684978876358888726
7684984265368554772
7684988024479943956
7684988964876438805
7684989632488115464
7684989820124384534
7684991779191524626
7684991879116639520
7684993529436785940
7684993571119861012
7684996960796986631
7684997498729008402
7684997555423317268
7684998947382824210
7685000180894158087
7685001755020643592
7685002814308814100
7685004229957799188
7685005152914361607
7685005334049525000
7685005876800834838
7685006555107953950
7685007059330370834
7685014035569315090
7685014658830421269
7685016838664719634
7685016921783258386
7685017150343433490
7685017369885838623
7685019208643595538
7685021924992273697
7685022460864957716
7685024272342928662
7685025149778693392
7685025576750566664
7685025969161129224
7685027816848575761
7685028462410698004
7685029090100808992
7685029103119912212
7685029822283730197
7685032869244275975
7685035607394913558
7685039613999648032
7685041078197701910
7685042161368272146
7685042706304797968
7685042757907270920
7685043906559479071
7685045195062267168
7685045255665765652
7685046340123905298
7685047514541673749
7685047907195604242
7685049216581799186
7685049360974990625
7685049641334738209
7685049940233538834
7685050181288463637
7685050578157767943
7685051359233576200
7685053194711485716
7685055280945630472
7685055842323827988
7685056169945222420
7685058650141953298
7685061770993552660
7685062048450989320
7685062203329858834
7685062674194894098
7685063789942689044
7685064223885380882
7685064354714144033
7685065313070730514
7685065781406715157
7685067526241275157
7685068153478565141
7685068220759346453
7685070185782430997
7685070226014129429
7685072190823222548
7685073883145227551
7685073997138119949
7685074125336907040
7685075913272216852
7685076350654352662
7685077962370190599
7685078529226067222
7685079255927016712
7685080087988882721
7685080314091293973
7685080827889339656
7685081743870741780
7685082155080322325
7685082395174767902
7685082745982160148
7685083495391104289
7685084716923456789
7685085334773845269
7685085814140816660
7685086415264304406
7685086703647853831
7685087763397479710
7685088462373981448
7685089588557122837
7685089675475733773
7685091232963448084
7685092155089554709
7685092320479399176
7685092960584617236
7685093780315196692
7685095606536178965
7685103431605832981
7685105025487523092
7685105999660846356
7685107054427557140
7685107481814650134
7685108133269605650
7685112661729611026
7685113898554477831
7685114802099719431
7685115110897011988
7685119341548899614
7685120625022831895
7685123338477391124
7685124221558607112
7685129567924669729
7685130607546060040
7685131915728375047
7685135039973182752
7685139015552552224
7685141687273868565
7685148201527168263
7685165685755874578
7685202618024480020
7685202866679663890
7685216480551619858
7685223113830780191
7685228614123572501
7685234820212903189
7685237567612030228
7685240071854869793
7685240271671479584
7685251623865601302
7685254741999340818
7685267798125301000
7685267957479525653
7685273432191274248
7685275335704792341
7685276831871749396
7685278079354195221
7685288713361968404
7685290265086528775
7685291844107848980
7685292237973900576
7685298240559910164
7685299095736421654
7685301611215867143
7685302084824059158
7685305256074497300
7685311433487224084
7685318488461692191
7685319101799058708
7685320193576291592
7685321444766616850
7685323347818777876
7685327410685955348
7685328406061272327
7685328750367526152
7685329145290624263
7685329660313455894
7685330032826273045
7685335455709285653
7685336180925320469
7685339492915596565
7685340153459592469
7685341450317417746
7685341997288230176
7685342513267232032
7685342791479627015
7685344150736145682
7685346382080757000
7685346984156237074
7685347078419008789
7685348818459708690
7685349604316974344
7685349636088941844
7685350197001588001
7685351285196983583
7685355926525660423
7685356543478353160
7685358164644089109
7685359651373845778
7685361537321667872
7685366582997994760
7685367425201638677
7685367832066018581
7685372691292916999
7685374111308320021
7685378385270525192
7685379806426434837
7685382439350308104
7685385530980191506
7685385576886865159
7685385666699578644
7685387920227732768
7685390293402848530
7685390749587819784
7685391029129809170
7685392040498138399
7685393937091136799
7685394720217992470
7685395403117726998
7685396035945975047
7685396684750310663
7685397341150481685
7685399793677405460
7685400287057743124
7685400355915549959
7685400383958633748
7685400861173943560
7685401500184530183
7685402091631676692
7685404929162333460
7685405512506150151
7685405516914380052
7685407055049461013
7685407247131774239
7685408964032597269
7685411209323072801
7685412137501494549
7685413171343068434
7685413239953378580
7685413451526671623
7685413572112878869
7685414328094199073
7685417698234354961
7685419353050860820
7685419781352082708
7685421051228081416
7685423263144594709
7685423332962864404
7685424957404237074
7685426704508112148
7685427054103366919
7685427160655351058
7685428578380467463
7685429407074356500
7685429531183795486
7685430230693072135
7685430332492926238
7685430853131914517
7685430880264817950
7685431140433399048
7685431473926638880
7685432764430044448
7685434504302857493
7685435864264248599
7685436583847136533
7685438717674163464
7685439745966476562
7685441689061788961
7685442185562426645
7685442571656645921
7685443743226285332
7685444068976971028
7685444341908671765
7685444677759143189
7685446049590447367
7685446352045624597
7685446377261845782
7685447040469323040
7685448127834328328
7685448464896969992
7685448465731587346
7685448966598577438
7685449530023628053
7685450540330880288
7685450888068091143
7685452239913127175
7685453110382284053
7685453633823001877
7685455801372249365
7685458915412217096
7685458965878066464
7685459889933634836
7685460533138476308
7685462695591578901
7685463147716594977
7685463668661767456
7685465521717890312
7685465969535241493
7685466584646798610
7685467252296076565
7685467305865678102
7685469321794948359
7685469799429754132
7685471477445020935
7685472072796998932
7685473363208211714
7685473561313676551
7685473642746105108
7685474461595733269
7685476037727210774
7685477360115715346
7685478297077140769
7685479698998086930
7685481488250375442
7685482031668661524
7685482564194290952
7685482882596392212
7685485426383097108
7685487663805140245
7685488255818632456
7685488361263467796
7685490287468236054
7685490658420854037
7685492260460301588
7685493116488518920
7685494943468571934
7685504418338426134
7685505583029554439
7685513183259413781
7685516835751546133
7685524632601955605
7685562628432874760
7685566532704849182
7685609086724967700
7685611508604161301
7685612238127811872
7685612412816346401
7685612985854823688
7685623924469632286
7685631170297613586
7685647306179300626
7685649349312826631
7685652004185705758
7685653720390061342
7685654091954949394
7685656239027604750
7685657707264658708
7685659406989643029
7685659922666769685
7685660475467648276
7685660798026255634
7685663167787093255
7685666307395620114
7685666637114019079
7685667807270341896
7685668347379289364
7685669053855288597
7685669245958606087
7685672187012844818
7685673208984440095
7685674919815957780
7685677587116346638
7685679159460334856
7685679279236975880
7685680279129738517
7685683196129742088
7685685399972269330
7685686539300375825
7685686788261711122
7685689567277616404
7685692563138923808
7685693251612970261
7685694485589757192
7685694972909096200
7685696087335832840
7685696220546780424
7685696833229737229
7685699011235417375
7685699529714208008
7685707701564886290
7685709506004749575
7685709930149481748
7685714306545044744
7685716271823998215
7685716378120129800
7685717210882444576
7685720046139673878
7685721670333615393
7685722293347028246
7685722430140271879
7685724817202466068
7685724951571172630
7685726312564133140
7685726961976593672
7685730126142688519
7685732584063569170
7685733683738758407
7685734724345613575
7685734913856769301
7685735038721264917
7685736083581144327
7685737385836973333
7685737828487154975
7685740820317703432
7685740847047920909
7685743217068838164
7685743419435846930
7685744599364848899
7685744912016444690
7685745754828213525
7685747243621649684
7685748737246760213
7685748890712247573
7685749251300723989
7685749781179682055
7685750973284797703
7685752086486600978
7685753754133499158
7685754085064166676
7685755204368747808
7685758205963635989
7685758386343808278
7685759126445526279
7685762881438240032
7685763117854379272
7685765029743906066
7685765587158453524
7685765937907191062
7685765977946066208
7685766386165009671
7685767710797499655
7685767948815944993
7685768575373659412
7685769437437332756
7685769499466878240
7685769995250421013
7685770277535436040
7685771246801259784
7685771320067411221
7685771674016304392
7685772907909238032
7685773924331752711
7685775909130898708
7685777426843979030
7685778289163537682
7685779621308075285
7685781492114394375
7685782861860883744
7685783835488898312
7685786010520784158
7685786066288168210
7685787276621778184
7685789691223788830
7685791351476194581
7685792511482285320
7685793768464829717
7685794288676261141
7685794643719621895
7685796796219526420
7685797208637066517
7685797905537535252
7685798117991533844
7685798229748894996
7685798500470148373
7685799172280208647
7685800766380002578
7685801822245653792
7685803150242041108
7685807279886716180
7685807727850818824
7685808068424240404
7685808407563013394
7685808477293514004
7685808593970400519
7685809767297715477
7685810064468282646
7685813867879877906
7685814986698034452
7685816355769109767
7685817254423825671
7685819147594517778
7685819366423694599
7685824242373479698
7685824316880981281
7685826905139989791
7685826970222923029
7685827467856055582
7685827968232443156
7685829676090117397
7685830327721364743
7685830500874800405
7685831564583783700
7685831842498366728
7685832239355055380
7685832408708648213
7685834436247670037
7685837529894980878
7685839941095460117
7685841044944063775
7685841402655280391
7685842041716083976
7685842729066073377
7685843510947368213
7685844777362853140
7685845212823833877
7685845992914062613
7685846474239806740
7685846485405076754
7685846532276456736
7685847406520339733
7685847451642711303
7685852178833083681
7685853232744254728
7685854049282870535
7685855369280621831
7685856933332471061
7685857719760276744
7685859698389617940
7685861343152393480
7685861537206045970
7685861681351724309
7685863657196031240
7685866014831103252
7685867317305134343
7685867728497839380
7685870417541713174
7685873983786388757
7685874085070490888
7685880889993088277
7685889087156260128
7685904863691050248
7685932388672605461
7685972668251671816
7685977704973339925
7685979016787954965
7685979531085155617
7685979870731570465
7685980806140939540
7685983185808755989
7685992311783738656
7686009716153011476
7686013364849429781
7686020963028290834
7686021205815577886
7686026906713672981
7686027021478153493
7686028405246168338
7686030205051276577
7686033424666381588
7686037946633391380
7686043378861034773
7686045672243612931
7686046097088859400
7686046653505096980
7686047120482225415
7686048763885964565
7686054238350232864
7686054848806046984
7686056440254991624
7686056845563333906
7686059159246163218
7686059481905499394
7686061657239538965
7686063356385512736
7686063748087467282
7686065415046417672
7686066122138996001
7686067144240401682
7686068659315395861
7686070543841316118
7686072182748777735
7686072628066405653
7686073130854518048
7686076049624534292
7686076359566757127
7686076509685140756
7686078644690701588
7686078649589828884
7686078721123454229
7686079226113527061
7686079327527947541
7686079678204972308
7686080473893801237
7686084895726357778
7686086803341806865
7686086831636499742
7686088867308375309
7686089283505065249
7686093660118732040
7686094240551669010
7686094496983010580
7686095822940998930
7686096258796195090
7686097955799026965
7686099302497799444
7686101277327019284
7686101753066179861
7686102329417977106
7686103795767577877
7686104165860298004
7686105355021077780
7686106904766008583
7686107815458508053
7686108780534189330
7686110992480177416
7686112321055362325
7686113556076514591
7686115294099737874
7686115652092071189
7686116509449522440
7686120764818378004
7686120809684946197
7686123648947621127
7686124005006953749
7686124739571584277
7686124779736190228
7686124994958462215
7686125344583093535
7686126286007225621
7686130895169817876
7686131643836288278
7686131858819665160
7686134621343419681
7686137328380710152
7686137776563178785
7686137964480466194
7686138832365915412
7686139723001236754
7686144286487760148
7686145185922796833
7686145608888896798
7686145689369201940
7686145818499353876
7686146283580476679
7686146680625909022
7686147890783292693
7686147904699895061
7686148536697670934
7686149119315938568
7686149323372973342
7686149603283963158
7686150297038687508
7686150509874498849
7686152060659600661
7686153386130984214
7686154244151414037
7686154284060134686
7686154316029119762
7686154683169295624
7686157207146155271
7686158014117661973
7686159235717008647
7686159345524002070
7686162186028305682
7686163022238256402
7686163611722599701
7686163698473291026
7686165154660109589
7686166595764260118
7686166952284556551
7686168432978529558
7686169033103756557
7686169292898897172
7686169482313731349
7686169526408563989
7686171105459031328
7686174926696434965
7686174939908492564
7686175322894650644
7686176837340368135
7686177004781079815
7686177039598177557
7686177872410594580
7686177927452511518
7686177999514848534
7686178259377081608
7686178342298602759
7686179094383332628
7686180215193750806
7686182996897991943
7686183009006947604
7686183157137165588
7686183542652554504
7686184196469034258
7686186872883973396
7686188119690956039
7686188955510852877
7686189079137914130
7686189080496852245
7686191133378055431
7686192490889661714
7686193583107345682
7686194747702021396
7686195556607102215
7686196248788978951
7686196287124933909
7686196799257742613
7686196821160447253
7686197349315579144
7686199964753579284
7686200160405179669
7686200558805634324
7686202298405637398
7686203142525947168
7686204971087301909
7686206782129245447
7686207309386730783
7686208952849141010
7686209326687571221
7686209814153710869
7686211811003190535
7686211823833566484
7686213862055529748
7686214416827714838
7686214498876738834
7686215378334190870
7686216485865360648
7686217562715180310
7686217804743314708
7686218106259246354
7686219302923422984
7686220143575289109
7686220475168509215
7686220479748738325
7686221009405349150
7686223074399718664
7686223552239930632
7686224025781095701
7686224322456849684
7686226519798156562
7686226797632982280
7686230036436782358
7686230301688827157
7686230751775427858
7686231881746205960
7686240407797173522
7686241626057903368
7686241939355716896
7686243164407008533
7686243886682983700
7686244119919774996
7686244264182926613
7686244846121651478
7686250606385810721
7686251312144518432
7686259220781583637
7686312001999605024
7686345274909904129
7686350911676976416
7686350975828839713
7686351685974822164
7686366738899897618
7686370643155111188
7686370974563831062
7686382811036585237
7686384639220534548
7686390563389656327
7686391631645363464
7686393185362283794
7686396861061631239
7686403241201962253
7686408226425867527
7686410357190970625
7686414166931934484
7686416451321957640
7686416744549747990
7686419059176426773
7686419070333340946
7686422005909949716
7686422752147852566
7686425395155012871
7686426474127068437
7686427653829578002
7686428687348026631
7686429390254673173
7686430604036115732
7686431007053991186
7686432054770175239
7686432271867432199
7686433186666237191
7686435842197425428
7686439571520834834
7686439791050755346
7686440686660390162
7686441101586205973
7686441425378036999
7686442997889781023
7686446179487468832
7686448918653160724
7686454428609694994
7686455016512670997
7686455501189614868
7686456353962855711
7686457176122019092
7686459622017879314
7686459756881415442
7686460089141677333
7686462216044006659
7686462480742190344
7686462996151143698
7686465719579708694
7686466283000581397
7686466649473469718
7686466881808633102
7686467853851168007
7686468511681629460
7686469832186924308
7686469875576868117
7686470134353104146
7686472182028848404
7686475188631801102
7686476707972369696
7686483112494239009
7686485567550278933
7686486344973110549
7686486886327635207
7686486976450579733
7686487750677187861
7686490599578471687
7686492682298051847
7686493562589990166
7686493906833378581
7686497377812761864
7686498778580405525
7686500153745739016
7686500633192516884
7686501572943088904
7686501776295464210
7686502063802436872
7686502966160805141
7686503862240513301
7686506483290262804
7686506777348754696
7686507433941863711
7686510563274411286
7686510612867845383
7686512086645509397
7686513792250858772
7686514105816976671
7686514269914975496
7686514960880504097
7686515021190368519
7686517720115989780
7686518146366229781
7686518740195872021
7686520853323910420
7686521367495314709
7686521503537515808
7686522244486401300
7686522941571403030
7686523851492166913
7686524149379910932
7686524235157671189
7686525689985633554
7686526190269730068
7686527125108624672
7686527651288239368
7686528090259852551
7686528347030965512
7686529138777197845
7686529268079152417
7686530350750747911
7686531182720191765
7686531307102375176
7686531628339875103
7686531713677282580
7686532743215189261
7686535879128632597
7686535901622603041
7686537390638238994
7686537447752289556
7686537662399778068
7686538324651166994
7686538758463720735
7686541318390058262
7686541934877412615
7686542081304562952
7686542765227822344
7686543046174919956
7686543561088584991
7686543941377789217
7686544545705676065
7686544669882322208
7686545304585342216
7686546382517243157
7686546928817016072
7686547774967598357
7686548119261023508
7686549983478205726
7686550091506715911
7686550280472743189
7686550675211193621
7686551654166252821
7686551901432728864
7686552910406225160
7686554601612463381
7686557643845963029
7686558214208474386
7686560047832337671
7686560674633370898
7686562241079971094
7686562287368408328
7686562829826084116
7686564142710410509
7686564453894212885
7686565295225359634
7686565403010764053
7686566201224383765
7686566641479503122
7686568122379259156
7686569297988029728
7686569446936235285
7686569717745618194
7686570132952632596
7686570177722469652
7686573945264377095
7686574216715717906
7686574425579293960
7686575784940686614
7686576863828774152
7686576962197933319
7686577050349653270
7686577723896040711
7686578506209266962
7686579714525236498
7686582987395321110
7686583793435659550
7686584904796179743
7686585410838859041
7686585739202563348
7686586532777577748
7686586713904368917
7686588282133597471
7686589749640875282
7686591767013133589
7686593275771374870
7686593499273202966
7686593728793955606
7686595465667824917
7686596780733009173
7686597050053496084
7686598908037926151
7686600262588402965
7686601820810087698
7686607790994967829
7686608491162717473
7686608560758869255
7686615975453543688
7686616658558962977
7686617317467409667
7686632237265112350
7686632731567983892
7686641392243772694
7686641499009764626
7686646797418319125
7686653776354102549
7686683928580590856
7686719538850745621
7686726791708331265
7686730581249395999
7686735699495685397
7686737709011930375
7686740350744022302
7686743180334697736
7686744424486931720
7686749016012426529
7686749952793529608
7686751291430751508
7686751633900178695
7686751935713529119
7686757188727033109
7686761875492670740
7686762195887115538
7686762658179058964
7686765781421444385
7686766948981411090
7686770429448572174
7686774352032861447
7686775770118737160
7686779331150089490
7686779608863198485
7686780744827440404
7686783347644828948
7686783347724487957
7686787630993853697
7686788111883357460
7686788623492205844
7686788989361065234
7686790346726067489
7686790979952594208
7686791151306689824
7686791398510677256
7686791591016697108
7686793612159503634
7686793813066566933
7686793847187246343
7686794002120674581
7686796121502420244
7686797894325652756
7686799630830423316
7686802150717967648
7686803632997666055
7686804350227959058
7686804467882282258
7686805055609113876
7686805969812114721
7686806977791823125
7686807460761390356
7686808778938862866
7686809030521523464
7686813020537851154
7686814791779847444
7686815497840512278
7686815660529306888
7686816265599470866
7686818988231380231
7686823038809115935
7686826622552395016
7686827126686895380
7686828084296781064
7686828657645604114
7686828661399407905
7686830129556901142
7686830206530751766
7686830509946637575
7686830647947578632
7686831213495061780
7686831533277138196
7686835887786921236
7686836435428642081
7686836551266864405
7686836666023152917
7686838118074436886
7686838339562949920
7686841287223414047
7686843925377699093
7686844856144121106
7686845731818491156
7686846087843335442
7686847213481315605
7686848435378605325
7686848890649316628
7686849653580631304
7686850404080012560
7686851262733716756
7686852330515418400
7686852707143093524
7686853012622462226
7686853057799572743
7686854077870902551
7686855957087046932
7686857522493312276
7686857866115812629
7686858451657526558
7686858591713692960
7686859593816886536
7686859773156822293
7686863126477982984
7686864025451318536
7686865017660263700
7686865829174054164
7686866209622560022
7686867152820800789
7686867356638891284
7686867886450740487
7686869742468091154
7686872019295571222
7686875248402156820
7686875272674675986
7686877515477978389
7686877699721186581
7686877835146890516
7686879865684888864
7686880446105275668
7686881157819976981
7686883398350310676
7686883811610692884
7686884016150023445
7686885867364846869
7686886061607357716
7686886301198601492
7686886993602563349
7686887624279444743
7686888388586261768
7686889347223768327
7686890614360673558
7686891381020822792
7686892518197284114
7686892929629031687
7686893667910520097
7686894302621961485
7686895550834248981
7686896002283900180
7686896122517900562
7686896503570582792
7686896590191201557
7686896715965926677
7686896764737162504
7686897008426175764
7686897151594630420
7686897606806572309
7686897682736155924
7686898564617751829
7686899207181045012
7686901312197299464
7686901379725528341
7686902708690898183
7686902741196754208
7686902766136085792
7686903626433940756
7686904136033488159
7686904718802636053
7686909253142973729
7686909966938180887
7686910392341187873
7686911935358536980
7686912287667522838
7686915805153463584
7686917341975678215
7686918149853187336
7686918446407257366
7686919178443394318
7686919260303756562
7686919614764158230
7686919801645698337
7686921247137205511
7686921481808334098
7686921586993155348
7686922490664209684
7686923569325935894
7686923727723859220
7686923760355626260
7686923979696639245
7686924160236555538
7686925953817185554
7686927049964915969
7686927827794529554
7686928332684021012
7686931348740689170
7686931801268292884
7686932694663531783
7686933539903819029
7686936252666645780
7686936496955247893
7686937096522632455
7686937372440808725
7686939686983437576
7686940558241074463
7686940639417617697
7686940982402682119
7686941584486976788
7686944843884465429
7686944927086906654
7686946308707355911
7686946892495736096
7686947159492529416
7686947601391914272
7686947710087236897
7686948919128952071
7686949351138118930
7686951140747169044
7686951331055029536
7686952022918139154
7686953221780180244
7686955051100720404
7686959152370847009
7686959919454604565
7686960074815835409
7686963957466287378
7686965266353376532
7686966824134610196
7686966862608928021
7686968121424416033
7686968264878017824
7686976696561487124
7686980341428587797
7686980839338511637
7686984422213831957
7686988687455866133
7686992646082104599
7686997051460062484
7687011439030160662
7687025498362285320
7687058833948134677
7687096657757981973
7687097198009404693
7687097895555763477
7687100275898862868
7687101359732067605
7687104761136565526
7687111259367558418
7687111770388860180
7687113633981058312
7687113809693035796
7687115075718597909
7687128529904930056
7687130487256517905
7687131884681186580
7687132444146814238
7687137525336411412
7687140691339791649
7687141318463720736
7687141428769705237
7687143925181598983
7687144229251861768
7687144523364846856
7687144604369620231
7687148872728104222
7687151443001806112
7687152861175762196
7687153046496873749
7687156121722703124
7687156529279012116
7687156564058426645
7687156676008365330
7687156747718429972
7687160435430231317
7687161307551829281
7687163326014639380
7687165724795702546
7687166338673937682
7687166850198818080
7687168313411063061
7687168521272397063
7687169158886296853
7687171801553669396
7687174380845108501
7687176607382981895
7687178251415997703
7687181914435767572
7687183057316547870
7687183096675929362
7687183174425922834
7687183983678885142
7687184739484175634
7687184953007738132
7687185859694660885
7687186014573579528
7687188131602320660
7687188154700320020
7687188502248836372
7687189310113680670
7687189791175183636
7687190884047146260
7687191226981846293
7687191627927915798
7687191830202469653
7687194525814574357
7687195116053761288
7687197611303914759
7687199195740065046
7687201333329267989
7687201562317311252
7687205011524226320
7687205272556752146
7687205656151018783
7687206147329232148
7687206738520509729
7687208759311092999
7687208868295806229
7687209837351996692
7687211033324162311
7687213827905080596
7687214770935827733
7687215140307143954
7687216091658980626
7687217998112984338
7687218230087224583
7687220009499659541
7687220098691648769
7687220930103299335
7687222655732206869
7687224594033397013
7687225340162411796
7687225905634135314
7687226813407300882
7687230943760862485
7687231590627364128
7687233333977271560
7687234748485225750
7687235429057269010
7687238841039736096
7687239120992619809
7687240523001761031
7687241031565315349
7687241188050603284
7687241653953776903
7687242534715723028
7687242559948672264
7687242930100145416
7687244357124115744
7687246274176879892
7687248018231332117
7687248728767450389
7687249154871168274
7687249268322667808
7687250834853235990
7687252368831859989
7687253318229347606
7687253609766997280
7687253906849844500
7687254234961579271
7687254595340406037
7687256700449164552
7687259668195970318
7687262697066597639
7687264097657802014
7687265914638617863
7687267842768555282
7687268055809887519
7687271804905344263
7687272056290905351
7687272058027347232
7687272479328374048
7687272865774849287
7687274882601651476
7687275758137445639
7687277433870896414
7687277934826114337
7687277956833479943
7687280072096615698
7687280682808282388
7687281808509062407
7687282543493729556
7687282736847015176
7687283929618943253
7687283936694783252
7687284166592957714
7687284593166241045
7687284798137699617
7687285810302848286
7687286176402689288
7687286392497442069
7687286550635367693
7687287128476110100
7687287643821903124
7687288583438322965
7687289932796218645
7687290049293061398
7687290527166795010
7687291438379420946
7687293423115586847
7687296661927955733
7687297979136494869
7687299129910775073
7687300208350317845
7687301008682224914
7687302118436326677
7687303026171727111
7687303296989629716
7687304449085279502
7687306204363738376
7687306447503232279
7687306909266775317
7687307836052851989
7687308837056974087
7687313280477482260
7687313790987177237
7687314283260169492
7687314844730674464
7687314931636571413
7687314982886706452
7687315790143425810
7687316863243537697
7687318653007826196
7687323531423599879
7687325117306653985
7687329558848163103
7687330057563442452
7687330222076611848
7687332389722410260
7687332602574834951
7687340282307792148
7687341572479798546
7687348036053372178
7687351773484551426
7687352152578116894
7687368890157927712
7687372416129010966
7687380772944137502
7687439008972033310
7687449401241046292
7687491915981262098
7687495191216803093
7687495282581622019
7687495752859356437
7687497577960606996
7687500169205632277
7687502566900436245
7687507157742357767
7687511182252510471
7687512171982376213
7687512773768727829
7687514978827390228
7687518683345931540
7687519292224523540
7687520240275639573
7687523035917585697
7687523201508756756
7687523536331722001
7687527967483776288
7687528108332780807
7687531536098266375
7687533309064121608
7687533683296750869
7687534514528111894
7687534601476082951
7687535515200933133
7687535874417937684
7687536918157888800
7687537338288704800
7687538032601550101
7687542853190290701
7687544166900878610
7687546112709840149
7687547797150698770
7687548216585489685
7687548968930184479
7687549430454668574
7687550002301914390
7687550307768831264
7687552476756675861
7687552852725599509
7687553839104298247
7687554557710191893
7687556705412173076
7687556991837015317
7687558356591971616
7687561480367262994
7687561720050552082
7687563649577176342
7687563977559198984
7687564970845932807
7687565165524503828
7687565932239047944
7687566721204440341
7687567579782597921
7687569406049733909
7687570233904663829
7687577104703163656
7687577112336928020
7687577814706425119
7687580396355210517
7687580753839820054
7687581220124773652
7687583666377067796
7687586671587691794
7687587209024687380
7687587535995997460
7687587744045993246
7687588588543855894
7687588588640292109
7687590381386534176
7687591229206433057
7687591663547583765
7687592127420976391
7687594487891152135
7687596581838736660
7687597029219945749
7687597497950244104
7687597889505201430
7687598892749294865
7687603439698070804
7687604550957616402
7687606429448031509
7687607077560208672
7687608767231380757
7687609208702897441
7687609413590437133
7687610247954844948
7687610330540674337
7687610835153259808
7687610869479394578
7687611299064270098
7687613934848757000
7687614168806984978
7687614909009513736
7687617187409906974
7687617252828433685
7687620288111971591
7687620575400840456
7687621182937599253
7687622718866345224
7687623760836349204
7687624090298977558
7687624912260828423
7687626319487651092
7687629606207098134
7687629841885187360
7687630814288350496
7687631478141816084
7687631498903637270
7687633209600888082
7687633678003916040
7687634283472653600
7687635651910487317
7687635918265666836
7687636972285758750
7687638071549906184
7687641333179125013
7687641370437143828
7687642288641658133
7687643780593519893
7687643829838581012
7687645107348131080
7687645320485834002
7687645642927197458
7687645774968048904
7687646043076300040
7687648609927531783
7687649085465070855
7687649479494978837
7687650648682171680
7687651254171864338
7687652676036742407
7687652751739718945
7687654616456056094
7687656117048003870
7687656892352433428
7687657275669875989
7687657302211513620
7687660279370403080
7687660514565983521
7687661002011233556
7687661990382144786
7687662097580281096
7687665916234042645
7687666938880822536
7687667110130109716
7687668688572419349
7687670292533087496
7687671535645068564
7687671693845859605
7687672658053401878
7687672777955986718
7687673353527758111
7687673424055012626
7687674669121473799
7687676434680188181
7687677135116406038
7687679961414601991
7687681772531846408
7687682512327331092
7687682837704740117
7687683375577959701
7687683446486977812
7687684845236981012
7687688031272422676
7687688031976836360
7687690772723813653
7687694904591387911
7687694926024592658
7687695848548863253
7687696388741762324
7687698949951474966
7687699597833260309
7687699867602259220
7687704142097304864
7687704275350310162
7687705959988235534
7687706200250600724
7687708957925805344
7687709084900019476
7687711269733813536
7687711294065102100
7687711420691139860
7687712363671293204
7687712566491237650
7687712807479020821
7687712820573506834
7687713360267300117
7687713671811812626
7687716460130553120
7687717747224005895
7687720676404333857
7687721550623149333
7687724434353835286
7687726694551014664
7687727329669434632
7687728469656096033
7687730216986365191
7687731801837554965
7687733399057911062
7687735710677257492
7687737751176793365
7687740360868629780
7687744454446419207
7687753019299024135
7687755891994676500
7687758063180303636
7687759568973139218
7687767738852363541
7687784856985537810
7687802453567360278
7687825167975730452
7687835263430659361
7687836385356549408
7687845329563061525
7687845351373524244
7687849002464840982
7687852824297770248
7687855023677541652
7687866887731940628
7687867127549758728
7687869395036638471
7687869477261724936
7687871739413417237
7687871949543935253
7687872674982268180
7687882837906754832
7687884667919305992
7687884928062590215
7687887413783334152
7687890053397286151
7687890328690363680
7687894268685323542
7687895498337832212
7687895562271739157
7687899799625977095
7687901018599722258
7687901182467116309
7687902318599212308
7687904553211153684
7687905950623108372
7687907136793283847
7687909526250491169
7687915841966312724
7687917210064620820
7687918179460386068
7687918897948888338
7687919272965770503
7687921297992486164
7687928013933055252
7687929472615484680
7687933004932549906
7687934305573670152
7687935213753715988
7687935564523244820
7687936881589357857
7687937583866711316
7687938249972534546
7687939511187295509
7687940465789979925
7687941220139814151
7687942027891330325
7687942342271077653
7687945459058642196
7687948683404381473
7687949314756250898
7687949505639140611
7687950232495082759
7687951727915470088
7687952803037236500
7687953724928576788
7687953731295563029
7687954271509433621
7687955989689011463
7687956166755814686
7687956277602864406
7687957583138802976
7687957633281559815
7687958563636989205
7687961668281732370
7687962461689040136
7687962664588283143
7687964097815661846
7687965420078271751
7687965643265641746
7687966167100607766
7687967245800131854
7687967629205622034
7687968011654860052
7687968191007460628
7687968536504995093
7687969034033286421
7687969382298848544
7687969891365702933
7687970673284730134
7687970872933551368
7687971742148578567
7687971867512114440
7687972398066437394
7687972620280794388
7687973205981646111
7687973949434596626
7687975957134576916
7687976246109736212
7687976445464808736
7687976547919121696
7687977922363231510
7687978325343587591
7687982180152200468
7687984547060878610
7687985597104868640
7687988099124661511
7687989067287514376
7687991898690080020
7687992049215229216
7687992461381340424
7687993256113736978
7687994536093650197
7687996050858085653
7687996774912363784
7687997138529226004
7687999694634650887
7687999799274442002
7687999873391627540
7688000879047298311
7688001364168838421
7688001404853554440
7688002747735624968
7688003153995762965
7688003803014073607
7688003978029780244
7688004625680698657
7688005638445911304
7688005987025866016
7688007182415301896
7688007565266963733
7688008252071742741
7688010465389137183
7688010567004474645
7688011139149516050
7688011549247638792
7688011566389710100
7688012448191843604
7688014822985780512
7688015845733223701
7688015956878069013
7688016100948249889
7688017458250255637
7688017536897518866
7688017846693055766
7688018697625095445
7688019286824127762
7688020067023441173
7688020633816534292
7688020810090564871
7688020973735464225
7688021421053758740
7688021718736063752
7688021723635125525
7688022053622009109
7688022452642843924
7688023470680182036
7688023573914586398
7688023627010182418
7688024463895497991
7688024745274543380
7688025533313027350
7688026111279910164
7688026673375169810
7688027475737103634
7688031614399548703
7688031646410476821
7688032053136313608
7688035087337934083
7688036175713422600
7688036655285931272
7688036773204659477
7688038286471859489
7688040691322146056
7688041051327712544
7688041179929136405
7688043388893023506
7688043503963622663
7688044017489104148
7688044838914198791
7688044877736643848
7688044903498042645
7688044973463325973
7688045336564157714
7688045920650300690
7688045942041218336
7688046540761337096
7688046850426817822
7688046896257994016
7688047149141101845
7688048062979247378
7688048397802114337
7688048945196502293
7688048992118230293
7688049403893910805
7688049469476195604
7688050000533720327
7688050498032733447
7688050812244839712
7688051094018084114
7688051156177816839
7688051405621415175
7688051452354383126
7688051546298387725
7688051931343785238
7688051958753643796
7688052327021956373
7688054989624741140
7688055361961610517
7688055402831006996
7688055623606455573
7688056349741042964
7688056568738286870
7688056696333225247
7688057644715674887
7688057735958514974
7688062349160271137
7688062412490067213
7688063376387329300
7688063734538833170
7688065670935825682
7688067396426321165
7688067928440179975
7688069162123644178
7688069485101665558
7688070241896729877
7688070311861898517
7688071073102925070
7688071826005839125
7688071869894774037
7688071890509860116
7688073377386450194
7688073678084377886
7688075155746114849
7688075858032004382
7688077006763871520
7688083289327848725
7688083512574053652
7688085377575603477
7688088965748100372
7688090486438939924
7688090561479281940
7688096251216268562
7688097127230180628
7688101022387997972
7688103216562818325
7688103242269543694
7688105956613328149
7688146504564870418
7688147240841399572
7688148786253696277
7688204644488711445
7688205141920501010
7688206573080005920
7688209083060538657
7688209676789501216
7688209851956186401
7688213470336060680
7688215367075908884
7688218526670261536
7688219634536844577
7688225678117932296
7688231676073217288
7688232387586592021
7688234176818072852
7688245371910229281
7688245451144858887
7688247300786851092
7688250913072401671
7688251964722810119
7688254172415741204
7688256701186821384
7688258931927305502
7688261290741042465
7688261836449385750
7688263548245511445
7688264607684676884
7688265743477083406
7688266823346801938
7688268026059279636
7688268313205607701
7688271991245180181
7688274229086702855
7688274624798395669
7688277720710810901
7688281480518192405
7688281756796996885
7688282909521890568
7688283623077793038
7688285477383752981
7688287011039431968
7688287385020419348
7688290259204902164
7688291061172653333
7688296580096478497
7688296694114536718
7688300943678524680
7688302663842172167
7688306197392362753
7688310959449935134
7688313066068413703
7688314231011233032
7688315817997372704
7688318842875022599
7688319176536050962
7688319838254648596
7688320458961194261
7688320538355289352
7688321311432641810
7688322867141954849
7688324594259758356
7688325168967453974
7688325358772358418
7688327171504393492
7688329485531286792
7688331587771010334
7688332012524031253
7688333716392824085
7688336029035531552
7688336119129181453
7688336192290426120
7688339955541626132
7688342927415741703
7688345500092812565
7688346024443727112
7688346461892775188
7688349030081957128
7688349955613854984
7688351038390226194
7688352504244915474
7688355005627174165
7688356502855290132
7688356625937222943
7688359815923404053
7688360167125142792
7688361819311934727
7688362449648602386
7688362470192270612
7688363050176384276
7688363369308474631
7688364017932504341
7688364431314603282
7688365721415388423
7688365781762968862
7688366745093934343
7688368301885607186
7688368884910476562
7688369454786366727
7688371080611892510
7688371829068762388
7688373534506126623
7688376012639423765
7688377743888682270
7688377964458773781
7688378154192276754
7688379347404672263
7688380563736038677
7688381159201459464
7688381734013979935
7688384329596013838
7688384804378709280
7688385448674069780
7688385660947926279
7688385950434594068
7688386642222026005
7688387645864512801
7688388199588138254
7688389022485368095
7688389039568768288
7688389647856094484
7688390042598804743
7688390549019069703
7688391621418765586
7688392819546852628
7688393562194464008
7688393792180800786
7688393834773925138
7688394140324793620
7688394416108670229
7688396703556193556
7688396864999197960
7688396916039650581
7688398363699465490
7688399000776609031
7688399838412557601
7688400867346713863
7688401363503549718
7688401484492328225
7688401799438519572
7688402039226862866
7688402292554337543
7688402741470776608
7688403075157085458
7688404663707700511
7688405760014814478
7688406517044825364
7688406517288013074
7688408106400779538
7688408520072482056
7688408900458138887
7688410156593319188
7688410187371252999
7688410604477877522
7688410978102299911
7688411148126932231
7688411585252986130
7688411718719900936
7688411882809511188
7688411904825462037
7688412877891407122
7688413193156300052
7688413436597816583
7688413703963692310
7688414366890249493
7688414759716179220
7688414994765008149
7688416609446251784
7688417353385708807
7688419167896341778
7688419241221082386
7688420332079713556
7688420519456165127
7688420938907536661
7688421761129434381
7688422818064715021
7688423624583171348
7688423850882698517
7688426151131319560
7688426283377691925
7688426439959497991
7688426652933606676
7688427934868147463
7688427992879566098
7688428075746397472
7688428693760363796
7688430849544523026
7688432158020570386
7688432503174090002
7688432625035398413
7688433880604396821
7688434917901978901
7688435267157396756
7688435551258594568
7688435699829329173
7688436224100453664
7688436245495680277
7688438923676175649
7688439878731713813
7688439929730338066
7688440705110265108
7688440850195598612
7688440867127938324
7688440982748024097
7688441661751414024
7688441889363741970
7688443368942341384
7688443806861085984
7688445799289687316
7688447520376245511
7688448210037247252
7688452613171383565
7688454150153047314
7688454823695453458
7688454892649729301
7688455492418555144
7688456018967186706
7688456236236328213
7688457503398546708
7688457804297866517
7688459216259927316
7688459908106243336
7688460468918308114
7688461815902244114
7688462146597834004
7688462215011126548
7688463650327170325
7688465329537682709
7688467543027371284
7688467891846450454
7688468752874229013
7688470630634704148
7688472831738285332
7688481078356725012
7688497140947062037
7688529819599899912
7688568744712391949
7688569745339059474
7688571782801935623
7688572443274923285
7688579396231351582
7688579946402450708
7688582764928470290
7688582934437317895
7688583887013825813
7688592344601447701
7688595226444827911
7688598766034636052
7688609594913901845
7688611064078011669
7688614322330701063
7688616822563736840
7688620493930319122
7688622231307439378
7688622319748566292
7688625230465486098
7688628818768039176
7688631642465897748
7688635948871060767
7688636454687231263
7688636600464608532
7688637573513694484
7688638076368915732
7688639875922644242
7688645121222380820
7688645460004850952
7688646136466328839
7688646304532073748
7688647160115498247
7688647713440746759
7688651415622782240
7688651763188059424
7688655507229265173
7688656376133848341
7688656415400922401
7688656442659835168
7688656799032970503
7688657864021282062
7688657962994257184
7688657998134234400
7688658494718856456
7688660189200895240
7688661360472788244
7688666061818006805
7688667249594617109
7688667737022942471
7688670518844640534
7688672168284065046
7688672204267015442
7688673051537427732
7688673634000358676
7688673957746085141
7688673973650902294
7688676177313074453
7688677462162689312
7688677828144975111
7688682845182692640
7688683040532466962
7688683295160274197
7688683446624898318
7688683638245936404
7688685443713371422
7688685452005543186
7688685618884250887
7688686902085700870
7688687024886369567
7688688355453865236
7688688411623918856
7688689781177470214
7688690390832057630
7688691577341889822
7688692595954027784
7688694279585254657
7688695932312947982
7688696288023465268
7688698571335486740
7688700121688657173
7688702127652343047
7688703147048586528
7688703152287255839
7688705117779922206
7688705211455524127
7688706157074009345
7688710236391230741
7688710809412734241
7688713506278886657
7688713536041782536
7688713971536350496
7688714156077288736
7688715945266679073
7688716530384784662
7688717911770549510
7688718402290027790
7688718531197685013
7688721834287631629
7688723098773900551
7688724282213518600
7688724797022457118
7688725241333337352
7688725269846265095
7688726017493519638
7688726843129613576
7688728208534949172
7688728272888237318
7688728853828603154
7688729420416158997
7688729969459088648
7688730293682883848
7688730718523919648
7688730874543705365
7688730974754082066
7688732476453178642
7688733594730106119
7688734196927401248
7688735673641209110
7688736303239712007
7688737574428380438
7688738341889641761
7688738494948166934
7688738517278575879
7688739358966385926
7688739716279045397
7688739861452557588
7688740370670292257
7688741046771109138
7688741173279984917
7688741254078729493
7688741683512560928
7688741972181355797
7688742124736498964
7688743626444262687
7688748251197066514
7688748452318219541
7688748893432990997
7688749263181958407
7688749340130626822
7688749793035799828
7688750078785342721
7688750555933461791
7688750606508379412
7688750687185849607
7688750791175179542
7688751043798191368
7688751098097650975
7688752257231260958
7688752707963866388
7688752982472609044
7688753033877949716
7688753250182597908
7688753883568704788
7688754062040304929
7688755438321618196
7688756184676879638
7688758691780103445
7688760158473833761
7688761364839484704
7688762350341590305
7688762563840019732
7688763433566752007
7688764253037251860
7688764532340034834
7688764971030695176
7688764997102603538
7688766016792530184
7688766592414633224
7688766604464688391
7688768393452850440
7688769408885378305
7688769666751237396
7688770943233101076
7688771478913010945
7688771843129380114
7688771971366079745
7688772928346787092
7688773402173115654
7688773437451455765
7688773487011859733
7688773639474367751
7688773694319070484
7688773775583661325
7688774057302428948
7688774584258055431
7688776980413598977
7688777706326052104
7688779750331944213
7688779988694355221
7688780184899587350
7688780277132430625
7688780302138887446
7688780644498869522
7688780804855467297
7688781944158620936
7688781994347515154
7688782362271911176
7688783124951600404
7688783854278102294
7688784615456263456
7688784641284754709
7688785001877392641
7688785371076873502
7688785408540347649
7688785537133726997
7688785945482546452
7688787692464737542
7688787937730858258
7688788857764007186
7688789322425830676
7688789549866110260
7688790339968175361
7688790416170175762
7688790941418671381
7688791402364390674
7688792327736806664
7688792354723040545
7688792355037646101
7688792802339097863
7688795284582714631
7688795362949254421
7688795523704229140
7688795850608217352
7688796395934928146
7688797602602650888
7688798626524679445
7688800265964703006
7688802195906563336
7688802276151987477
7688802346972892448
7688802419303615752
7688802616385555733
7688802628414754049
7688803236429434142
7688803542789868821
7688803709366586645
7688805196113202453
7688806789130800404
7688808464063155462
7688808596053806343
7688808878292733191
7688809235169201415
7688809278517366023
7688811730515823905
7688812027845922055
7688812101887937844
7688812214089780501
7688812488045006101
7688813074995776788
7688814409333918996
7688814755527642389
7688817078584872214
7688817282545503489
7688817419774709000
7688820533865041158
7688821765757226260
7688822479715978504
7688823020562976020
7688826820002647329
7688828189577202950
7688836261146053908
7688839529934916884
7688842773620870418
7688843475877399809
7688843625983151380
7688843914794519828
7688847241196489991
7688848697332927751
7688848985099947282
7688855309971934486
7688855379354062101
7688858671547239702
7688867939977628946
7688873105875324167
7688926427504200981
7688927502806437134
7688933994766896404
7688934141760376084
7688943965453782304
7688944253673688341
7688948166531566868
7688952239943077152
7688952574136913184
7688953693579775239
7688955430965349640
7688967099066125575
7688970017756499218
7688971539550620950
7688972372539378951
7688978145524911412
7688982964989938962
7688984204448746770
7688986625413516566
7688989151949081878
7688991529498643730
7688992385254051080
7688993966062112007
7688994632977386759
7688998969971592455
7688999799777021204
7689000174059932960
7689000311880469793
7689001699490630920
7689003634880711954
7689004478980181279
7689007609470258440
7689008913399680257
7689009199845543189
7689009659876887815
7689015213454134549
7689016938994978055
7689021233169452295
7689022751683726600
7689023183697022229
7689025644381932808
7689025805279661334
7689027520049532178
7689027720356941074
7689029979316686102
7689032239627160853
7689034056859716885
7689035456717081876
7689039778905427221
7689041018032803073
7689041424746106118
7689042186851093767
7689043026928274702
7689047005150072072
7689047039900011777
7689047086322552096
7689047487759486229
7689050267953859846
7689050551937420576
7689051167384489234
7689054380057726241
7689054739404983575
7689055519876844807
7689059390757948679
7689060476759674145
7689061132799200532
7689061514145172756
7689061810946788630
7689063203984215348
7689063638639971591
7689063863102311701
7689064199342918933
7689064865092226322
7689064873715649813
7689065503171628310
7689068943092370718
7689069550297533718
7689069558597995809
7689070580867534086
7689071508588629256
7689073109348928788
7689074195015273761
7689075646126902529
7689075649105071366
7689076730077695233
7689077174963277076
7689077381704781077
7689077708667620628
7689078741821033761
7689079610251808020
7689079799830056213
7689079998048668948
7689080624992324872
7689080774888394006
7689081023379901704
7689084160354389278
7689084801344621856
7689087007527652630
7689087148154211606
7689087266786200853
7689087333806673160
7689088608791301384
7689090386505157908
7689090512594291988
7689090819784985878
7689090825829076256
7689092151925394710
7689094250495003925
7689096017416916245
7689097182246374657
7689097834355805461
7689098817655852296
7689100931593407762
7689101239937748232
7689102224378842389
7689103177659993364
7689103212191714567
7689105779311381780
7689106346716728577
7689106511565557025
7689107456223350036
7689108519173262610
7689110065671900436
7689111186255711510
7689113559917301013
7689114615409741088
7689114872369532191
7689114929655336212
7689115454794714388
7689115894768798984
7689115910891703558
7689116725538852104
7689116726331526433
7689117498884623623
7689117520715861269
7689118860020141333
7689120869301390610
7689121158087642389
7689123700544654625
7689125635964341525
7689125762510671125
7689125887567990036
7689126063196146952
7689128142975503637
7689128736578604296
7689128744572685576
7689129577242742048
7689130375213288736
7689130964714392854
7689133535671815445
7689133575840566535
7689135091594939654
7689135158145928451
7689135292959231262
7689135787874553108
7689135911975685384
7689136072567115016
7689136141756337428
7689136509496085781
7689136951219277057
7689137452837047572
7689138139629325589
7689138590189636872
7689138873850465556
7689138967446293780
7689139113223523606
7689140544567610645
7689141092393946375
7689141116863581447
7689142938181307669
7689143084835163425
7689143884819057938
7689143987780734229
7689145144372727058
7689145628340899073
7689147881323891990
7689148838623366431
7689151175433882901
7689151622978686239
7689152184830676244
7689152189566160135
7689152600654105908
7689153033548172551
7689153769103166727
7689153966558481682
7689154463168318738
7689154700796529952
7689154703543848200
7689154899560451349
7689155095602220295
7689155480601578753
7689155543646096661
7689155553028803861
7689155718355766546
7689155746172275986
7689156337862757664
7689156423191710996
7689157144469310752
7689157414641224978
7689157529531600149
7689157530118868230
7689157536292867380
7689158536365870338
7689158601147043093
7689160404316048661
7689161210259934485
7689161237720042758
7689161371023346951
7689161938621795585
7689163349153647890
7689163921952967954
7689163931696467220
7689163962205703431
7689164041226374408
7689164119294921992
7689164161883884818
7689164627036441886
7689165232161230088
7689165241610931457
7689165246975577376
7689165535224909078
7689165887340825864
7689166982708481287
7689168197274111264
7689168916274318598
7689169970361617682
7689174488499391774
7689176658116463890
7689178274114571572
7689179021657132320
7689179053101829397
7689179143732251910
7689180455849037077
7689181144381803797
7689181155727396129
7689183481384963361
7689184099466005761
7689184693392002325
7689185405555592456
7689185492809616673
7689186820894035222
7689188142788037909
7689189687163899154
7689190847904075011
7689191311550778637
7689195632879291669
7689196948468862215
7689197677606784264
7689199586077920533
7689202313868709127
7689202459390070068
7689203943506791688
7689204314744589589
7689207435860413728
7689211900604796178
7689211997266660609
7689212350393502983
7689226243794930965
7689226308227730709
7689227697679125781
7689252389714414869
7689259249850977557
7689273526414478622
7689299453613804820
7689314624755354901
7689315010429881620
7689315886766804225
7689322473115962631
7689322609850305810
7689322896908422406
7689325165192269077
7689326532308897076
7689327925488848148
7689327957671709972
7689339991868165383
7689345921833798933
7689352567012232470
7689352802585414942
7689353233105538322
7689353571745271046
7689353998784089362
7689355227199196437
7689359598377127201
7689368648099564833
7689371046348098824
7689372099722431777
7689372154072157471
7689376748193991944
7689377464086252818
7689382532378397960
7689384192508955925
7689385498644647186
7689387308625186066
7689387727040662806
7689389498685230356
7689391032559013121
7689391733481753869
7689392048708930829
7689397927743114503
7689399397741825301
7689399609126423815
7689399737929321749
7689403158111571222
7689403643014958356
7689403707837943061
7689406729666219294
7689407337034992928
7689407556611165461
7689408158271393044
7689409316369141012
7689409536117198087
7689411189389987078
7689412435610012948
7689413833701592353
7689414075851230472
7689414800891301152
7689414889626012980
7689416037845962005
7689417241250565382
7689417527557901598
7689418770334371080
7689419341485395233
7689421326754401556
7689424233096547616
7689424911286160647
7689426388746636577
7689427702381661461
7689428065738394888
7689428438234451220
7689429264734620961
7689429392006647073
7689429890885487893
7689430131131059478
7689431172916448533
7689431851152248085
7689431996333853953
7689432856027909396
7689432903314377991
7689432933223976199
7689435456047435022
7689435750512856341
7689436213899545864
7689436650547547444
7689437535302421790
7689437560082320661
7689437566797565202
7689438925571624214
7689440465145367829
7689441874649566471
7689442394495814944
7689442451978865950
7689442859530947872
7689443221885291794
7689443926578613510
7689444904048676129
7689445976985160980
7689446736711961877
7689446825547271445
7689447662780730656
7689448628095634721
7689451945622359348
7689453057230359828
7689453640859356449
7689454974954196255
7689455201115180340
7689455473933683989
7689456704064458004
7689457011364269334
7689457703059492102
7689458249392835860
7689459025783655687
7689459349176978708
7689459639708339477
7689459835649133845
7689460167544491285
7689460694437170452
7689461259812474144
7689464440454008085
7689465273669258529
7689465960998145302
7689467486021995798
7689471224430218516
7689471696973090068
7689472031632411925
7689472866307312904
7689473883799358738
7689474422972878101
7689474889023114517
7689475229432827156
7689475317777353991
7689475468260543764
7689475948428659989
7689476530417814792
7689476729882135860
7689477141875952914
7689478534540086580
7689479752100416774
7689479837945171201
7689479989531512116
7689481376667634965
7689481801772977428
7689483853332811041
7689484332607606034
7689484709117594888
7689484848062319892
7689485096092454165
7689489736284507423
7689489800381877512
7689490678157528352
7689491473456188692
7689491531564158216
7689492313155898645
7689493881531976963
7689494232146447637
7689494400979815686
7689494431627562247
7689495074375208200
7689495526315773197
7689496451763686663
7689497041038298388
7689497834218999072
7689498027182099719
7689498318937902366
7689498532641836306
7689500395063856417
7689501012607978774
7689501175426600213
7689501599839833366
7689502404127018258
7689502688874089735
7689502810899090706
7689503308729388309
7689503402098740487
7689503416703339796
7689503501981961492
7689503503965867284
7689504192163007776
7689504365542984968
7689505120555519245
7689505890260634888
7689505928160316694
7689506580085083414
7689506944729484562
7689507308304403744
7689511208327613718
7689511220491062529
7689511907258076423
7689511919568407829
7689513345681984789
7689514095195819297
7689514348376509717
7689515106379582753
7689515135756553485
7689518333271493895
7689519115039509782
7689520134993513749
7689520182116601121
7689520674410417416
7689521427627642130
7689521898778135826
7689522955826515232
7689524785595927815
7689524873395260693
7689526596520185101
7689527684392553749
7689528135246777620
7689529072183037198
7689529776884796692
7689530633877572884
7689530663225281812
7689530908533116191
7689531436042308872
7689531928088775949
7689532070208572692
7689532409578114311
7689532766261693716
7689533809284402440
7689534953352154386
7689537065209449736
7689537429409238280
7689537803750837512
7689538477192416534
7689538994295606529
7689540259176074497
7689540415376067847
7689540843916643602
7689540929711131912
7689540986669763860
7689541084644494612
7689541493907819809
7689541695364435221
7689541880316480790
7689541913724095751
7689542047979654420
7689544007587761414
7689544742924930311
7689545069841485076
7689545655928360199
7689547931073957141
7689548001060113671
7689550307696643336
7689550372049882386
7689550525183888658
7689550563691760914
7689550638040108289
7689550709317995782
7689550761860140296
7689551036016561430
7689551240472136981
7689551269777640724
7689553911526509832
7689553949258419457
7689553967407205664
7689554161909763359
7689556130984463634
7689557975014378760
7689558526720593172
7689559107891629330
7689559128812850462
7689560186704416020
7689561300006931718
7689563612628765972
7689564065231883540
7689565179004177686
7689566567373278494
7689566623648255254
7689566995259411718
7689567255759342869
7689568561290906900
7689569036325195029
7689569166604504340
7689569184010865941
7689570071231941895
7689570323464817972
7689571046642437409
7689573571638742304
7689581729673383188
7689582932213746976
7689582938157042962
7689583183788051732
7689586370431520008
7689591362307525940
7689594286278561056
7689608154979585313
7689608224240110880
7689616335113833750
7689618648654155030
7689638918559501586
7689640708780739861
7689669720475307316
7689680670787996980
7689684700662648082
7689692895300848916
7689693577512750337
7689697384888093972
7689697753475190029
7689699168306187534
7689701842619567361
7689708970201713942
7689709646034029842
7689716246249475335
7689718929115172114
7689720351982439700
7689723693865487648
7689727033726799112
7689728740003187976
7689734935933947157
7689734987368779016
7689737520921300231
7689740509287451925
7689741692957691158
7689743825643801874
7689744035333819669
7689744380441185556
7689744585349729556
7689745388034886933
7689747703332392199
7689751487026629921
7689752275190811911
7689752281272552724
7689756289047563527
7689757520071494944
7689757918643686663
7689759798673296658
7689760554017393941
7689760966292098325
7689761707144531220
7689762149517757704
7689762310188977429
7689762905151081749
7689764695359638791
7689767604923223314
7689768074035203346
7689768232907050292
7689771249416916257
7689771749705108767
7689772744791084308
7689772857924078856
7689773037452872981
7689773762169916693
7689774706236394770
7689775567457029406
7689775853185584404
7689776070433737992
7689777217152371975
7689777922667859232
7689778277249994005
7689778737474325781
7689779630676413718
7689779909241195809
7689780183808707862
7689780982194441479
7689781257999355188
7689781743577992470
7689782105529797896
7689782176757337366
7689783168882232609
7689783375854406944
7689783951090634005
7689785068125998354
7689785294727564551
7689785765806509344
7689786051619065095
7689786685030305031
7689787882168519969
7689788783046298888
7689789186991279378
7689789751414705426
7689790425929927958
7689792151147908382
7689792320438308104
7689792833217105153
7689794377698282770
7689795248981134614
7689796404478217479
7689797107347311893
7689797761956433204
7689797856118508818
7689798509746244884
7689800247421226253
7689801905626828040
7689802658969931028
7689802734719094036
7689804050216373505
7689804278726167816
7689805767024594197
7689806120713456903
7689806220089396487
7689809651323505942
7689810752823102734
7689810914115095828
7689812222356327687
7689814612568493313
7689815802752683271
7689816673087507719
7689817722988924192
7689818141580414260
7689818185213709569
7689818570569698582
7689818996228541697
7689819892194757910
7689820541439593735
7689826268648410420
7689828461803785494
7689828576757058834
7689830226548788501
7689830267720125716
7689830713096539399
7689832195648703762
7689836361917926688
7689838283014130962
7689838794786295060
7689842794059386134
7689843753359510804
7689845630230891798
7689845978400181518
7689846277261085985
7689846673731800342
7689847043057028374
7689847348310117653
7689847872375852321
7689849968290483474
7689850326966488341
7689850825962736929
7689850938084822279
7689853738286058773
7689853884864531719
7689854685884239124
7689855282251435284
7689855698259217672
7689857002587098389
7689858092883823893
7689858354293919008
7689859085574982964
7689860159002234132
7689860408399695137
7689860518718213397
7689860851947343125
7689861275462962453
7689861699586837768
7689862480251636999
7689862564829777160
7689863330193837330
7689863546095635713
7689864391180799265
7689865382261214516
7689865855483514133
7689867485155233037
7689867579321601293
7689868693874183476
7689869028441050389
7689869606198103316
7689870427396541703
7689871425590627615
7689871613839363348
7689874362857475360
7689874473268301078
7689875201743457588
7689875793165520136
7689876136452508961
7689878796886871328
7689880398142262549
7689880436113296672
7689880947403099413
7689881051317013773
7689881190924389650
7689881903574289682
7689881971152964882
7689882751826185493
7689882938464308500
7689883069435612448
7689883073701301510
7689883301829463318
7689883467831643410
7689885056453676289
7689886030635306260
7689886373121182982
7689887797087358229
7689888050230414599
7689888185442258177
7689888456750927124
7689889652236537106
7689889968940109078
7689892957985590550
7689895068169227527
7689895758002228503
7689900911585512736
7689901475035630869
7689903272668220692
7689904286213475592
7689905021344926997
7689906320413134102
7689906642762157332
7689907308553440534
7689908323612740897
7689908584921992454
7689909115249872136
7689910063787543828
7689911416412753172
7689913323952868626
7689914592289361172
7689914947840658718
7689915510892334366
7689915842405960991
7689916473925438727
7689916825492049173
7689917627573013791
7689918729446001928
7689920521781120276
7689922219106897183
7689923528996490529
7689924152920231200
7689925000148569365
7689926057650113844
7689926518163803410
7689926727254002977
7689926945852706066
7689927027457101063
7689927087301463314
7689927191710207252
7689927222664219911
7689928940479155476
7689929404104985887
7689932567625190657
7689933880647798038
7689934918620695829
7689935376772861204
7689937115303529760
7689937350394268946
7689938274374159623
7689940232103365920
7689943973804231944
7689945419840769301
7689946974807690516
7689947598899318034
7689953645487590664
7689955227000114450
7689958660604333314
7689961893963861255
7689972800060230932
7689974070728871188
7689975963668647189
7690004298108914975
7690010999193079060
7690012721038822689
7690018366202989844
7690037028339158279
7690038636670176542
7690040120099097886
7690046819505573141
7690054633586216214
7690065535022697735
7690065957309467922
7690071962042780936
7690087057154182407
7690088970541206806
7690090177062096136
7690090412186406164
7690090441605270815
7690093233539403026
7690095803301530888
7690097423523319060
7690101544519273749
7690103478080900374
7690103779798207765
7690104284054113556
7690105124127083808
7690107543758114068
7690109639429606676
7690111440409185543
7690111573230112021
7690111793942809876
7690115255292218638
7690117575212141832
7690118444716526900
7690119344482782496
7690119560174882069
7690119942297128212
7690120645337681173
7690121087270554900
7690123663177207062
7690126490788285702
7690127917011045654
7690128074968436020
7690128234582691092
7690128663320284437
7690129046390230302
7690130852386295060
7690132297370144020
7690132540564278535
7690132923265060102
7690133753523375380
7690134044880784661
7690134244940664084
7690136233107787030
7690137466828754196
7690140969810873608
7690142046539058440
7690144911399587090
7690145432168680756
7690146320962637063
7690147870791552274
7690154352639528200
7690157711824096533
7690157717368933652
7690158403351612705
7690163905087212801
7690164107496181013
7690164883295341846
7690165757233122612
7690166009684118792
7690167103621516565
7690167409730194710
7690167443561385236
7690167601669885190
7690167864497589512
7690168533640088840
7690169381506010390
7690170228851952917
7690171559184469270
7690172918277426440
7690173687684664594
7690174954922593556
7690178987187834119
7690179877290413332
7690180444226145558
7690180639785766165
7690184724962086165
7690184874652601633
7690185163623501108
7690185198264143136
7690187751634799890
7690188062269213984
7690188097937722642
7690188101028678932
7690188181265714454
7690188497906339105
7690188953793662241
7690188992314150145
7690189681811524896
7690189762514210055
7690189810455153940
7690190358315060498
7690190700440309012
7690190735336934674
7690190881097338120
7690191143061015815
7690191246651968799
7690191332345761042
7690191342944718100
7690192100595420436
7690192304216362261
7690192315750796551
7690192605262400776
7690193105764617479
7690193438997843220
7690194150595038478
7690194332162231560
7690194472885292309
7690194524362132743
7690194837336755457
7690195338807954696
7690195557561732384
7690195628164517121
7690195669528661269
7690195889746414866
7690196426810330388
7690196830746889505
7690197021080292626
7690197606563204372
7690197618269392136
7690198098559126817
7690198147598961941
7690198275051261190
7690198395041975572
7690199161672682770
7690199177170652434
7690199721222114567
7690199863308373261
7690200332953029896
7690200579380956436
7690200702601202964
7690200720959737095
7690201596159905056
7690201918076996886
7690202372957637908
7690202978971700512
7690203042595015956
7690203553910000926
7690203851391044897
7690204463088323860
7690204468897385759
7690204637122579745
7690204680781221128
7690204885861600533
7690204925774646536
7690205307766656276
7690205359742438676
7690205408346082612
7690205718561017109
7690206028377361672
7690206050108067093
7690207143928057108
7690208191837146388
7690208562722721038
7690209216107121953
7690209445455908117
7690210851546058004
7690210901483392263
7690210936732323093
7690211376459074837
7690212463941340423
7690212542181887239
7690212678496816417
7690212715247258887
7690212754564730134
7690212881891200278
7690213190264769824
7690213586056039700
7690213696236309780
7690213821541059860
7690214011975126324
7690214283212360990
7690214327290203422
7690214640508243221
7690214658275298573
7690215291787185429
7690215433261124872
7690216466842471710
7690216741636590869
7690216755825806613
7690216761026809095
7690216800373509397
7690217189042949409
7690217233011821830
7690217254885149972
7690217865022098706
7690218117552819464
7690218675823054094
7690219355157597454
7690219726143884564
7690219733630684423
7690219865201855765
7690220563586977042
7690220611762720020
7690220949123239186
7690221000021118226
7690221146058263829
7690221249255034133
7690221346739047711
7690221436937506056
7690221692819475734
7690221741326585121
7690221890270481671
7690223143092325653
7690223880539147528
7690223939989015828
7690224150304050453
7690224423546277141
7690224745035369735
7690226065255484692
7690226369686490388
7690226766194953493
7690226962337484052
7690227215740587297
7690227257075404052
7690227341527698710
7690227782344871174
7690228446781394207
7690228453873913108
7690230049382960405
7690230053904387349
7690230320783772948
7690230355810471188
7690230445841157390
7690230590200712461
7690231228691221792
7690231243857841430
7690231250799430913
7690231443087314190
7690231688152141063
7690231758196968710
7690232279674703125
7690232309219462418
7690232489306049793
7690233151355915541
7690233763112111378
7690233976992353539
7690234121141947679
7690234276696050950
7690235439537589535
7690236371994217748
7690237301229735176
7690238108574518548
7690238143878024469
7690238163695963398
7690238640856780039
7690238749728460040
7690239413598620935
7690239671514746130
7690240010196356372
7690241420568857874
7690241784374414612
7690242045671165191
7690244550291377422
7690244775974358280
7690245266930240776
7690245941806238997
7690245975822077217
7690246955863231777
7690247469141200135
7690247831038348551
7690248818146790677
7690248917941800199
7690249584311815454
7690249753279450399
7690250052773678354
7690250278951472415
7690250744921902366
7690250874383322375
7690251756932042004
7690251787453910293
7690252021441514770
7690252471184166162
7690254301704277270
7690254513030106388
7690254745717460230
7690255828607110420
7690255916352015637
7690256397799345428
7690256432322661653
7690256751651769613
7690258263799057682
7690258462042918164
7690259491518024968
7690259606676753672
7690259799040101654
7690260187722124550
7690260307029069064
7690260926523657473
7690261084304903455
7690261877510638868
7690263859797544214
7690264206683147540
7690264544161058056
7690265751000796436
7690267497035091218
7690268073273658644
7690268245340835104
7690268716222680353
7690269036130635038
7690270499640708372
7690271526477630740
7690273241155357982
7690274396732132629
7690274421038140702
7690275206711004423
7690275334201150753
7690275363330493714
7690275486991174943
7690275702653865223
7690275808505498888
7690276657969532178
7690277057338559762
7690277573422763267
7690278455430204692
7690279305309457686
7690279627616423175
7690279731555585287
7690279796953091349
7690280161668844822
7690281338221481236
7690281580580834578
7690281628039400724
7690281784889658676
7690281906121788690
7690282548588481800
7690282692910402849
7690282769997401376
7690283858339613970
7690284367448509703
7690284496528215302
7690284576475712789
7690284930596703518
7690285192010829076
7690287460135243029
7690288096373476626
7690288168528121108
7690288423227165974
7690288895413554464
7690289480149781780
7690289632990252310
7690290258524622100
7690291392140086561
7690291549514583348
7690292138575187208
7690292400949890334
7690292442007948562
7690292552087440660
7690292603006274836
7690292993139445013
7690293043290705172
7690293045924793608
7690293452877171986
7690293522179607816
7690293624625433874
7690293769110949138
7690294549696023814
7690295247452097813
7690295277231705352
7690296299882564872
7690297895769132306
7690297961493843218
7690298476860591380
7690298856382237965
7690299280728378645
7690299632395635976
7690299967977704717
7690300474494405895
7690300586075475214
7690301618922753301
7690301791585570100
7690302016354061575
7690302152748715270
7690302268922531105
7690302759555435796
7690304438505884950
7690304622153551124
7690304639262084365
7690304957265956116
7690305210542984466
7690305962887892246
7690306464979651872
7690306506444541205
7690306559586405640
7690306849819626772
7690308153413602582
7690308700510162196
7690308856261463310
7690309515320757512
7690309585491463444
7690309851687177504
7690310060018240788
7690310674488036615
7690310893879446804
7690312120990436630
7690312343502294302
7690312353937673493
7690313414618434830
7690313491063819540
7690315000908385557
7690315182865698081
7690315320833084693
7690315583635655957
7690315773478194439
7690315924464864533
7690316072376896776
7690316285846097174
7690316300584865044
7690316602876661044
7690316950152498464
7690317293829557524
7690317708222565653
7690318028776410376
7690318910721133846
7690319305673657621
7690319331477048583
7690320050561076494
7690320280266247444
7690321099824876832
7690321508702391572
7690322567378308366
7690322835104976146
7690323831159803154
7690325037299010834
7690325044660014342
7690326076010073362
7690326183468109074
7690326747635633426
7690327777379110165
7690330802286120244
7690331032574299400
7690331284203261198
7690333047027272992
7690334320334081300
7690334445689228552
7690335730337418518
7690337802525035797
7690338085036510471
7690340206142065940
7690341500751727893
7690341986418593032
7690342356301663510
7690343025943350550
7690343079391382805
7690343089164012814
7690343159003499782
7690343672881155336
7690343750840683798
7690343767647341831
7690344576938167560
7690347456936316181
7690349092467117326
7690349175753411860
7690354451512692000
7690357539124399367
7690358502958566657
7690358977439206677
7690374937307073823
7690388949101104405
7690390290875550997
7690402833077783822
7690408051207179542
7690418868795329800
7690430127427095830
7690431938443709728
7690437016869227783
7690438797187714324
7690442314812001569
7690442355983355169
7690442369803521313
7690442443778510112
7690449819797589270
7690450890867723553
7690451273073610016
7690451834070175006
7690452567263907105
7690455619739897096
7690456481140935944
7690459215474756884
7690461647256767765
7690463791032814856
7690464467900976416
7690467087633894689
7690468307350211861
7690469430861499670
7690470570328214790
7690471268298067206
7690472723184766241
7690475024188214558
7690476027801390354
7690478942117023008
7690479839429610772
7690480140450614559
7690480165532536084
7690480451055570197
7690480985691016481
7690481057480609045
7690482410642803975
7690484411099401504
7690485706380119329
7690486943083285781
7690487259358842134
7690488218999115028
7690489252307619094
7690490846067690753
7690490880834227489
7690490996777372950
7690491655304072454
7690492155437042964
7690492459075341589
7690492673966296340
7690492945551658272
7690494755838364946
7690495065935842580
7690495989953694994
7690496420029271304
7690501162780380447
7690501323611049237
7690503323639647520
7690503633837870356
7690503869981265160
7690505078553398531
7690505398331182357
7690505559090498824
7690505690535824647
7690508447195909409
7690508659171806485
7690509935184104711
7690511804761591043
7690513887057235221
7690514436661972230
7690515228257209618
7690515324642266388
7690515674321571079
7690515901212265750
7690516311285255432
7690517664288001288
7690518364543929608
7690519409688956178
7690520081729686816
7690524543697423636
7690524546901740802
7690525546593258760
7690525686045478151
7690525780006243605
7690527012846406919
7690528703968726290
7690528705642384648
7690530334924049671
7690530789410344199
7690532202672573748
7690533244642659604
7690534566104288533
7690534812112653601
7690535938694368520
7690536544414829831
7690536949072940296
7690538770822810900
7690540066103414024
7690541250004438293
7690541624060988673
7690542653670182164
7690543112250313991
7690544511105191169
7690546982208736520
7690547107228323093
7690548467529207061
7690548615592283400
7690549272470752533
7690551975162711314
7690552380512816405
7690559221108165896
7690560456108412166
7690561162836004104
7690562705928850710
7690563555032075526
7690564907820977422
7690566158545587477
7690566777717230856
7690567059423431956
7690567602166435093
7690567995009060104
7690568326363335944
7690568528340077832
7690568646778785056
7690568683906764054
7690568742601805063
7690568793956945173
7690568975008140551
7690570413251775762
7690571364624911624
7690571406370770177
7690571636143033607
7690571780733340949
7690571794637409542
7690572105586543905
7690573726613638422
7690574928378072327
7690575698800479495
7690575736293346593
7690576006830198048
7690579303720881428
7690579511821307157
7690580008993180948
7690580791625125126
7690581242835668244
7690581293595135239
7690581690971868448
7690582426875170080
7690583307322428674
7690585456454503688
7690585940984728863
7690586072736075030
7690586115409022228
7690586348280958215
7690586995243879701
7690587383183559966
7690587490561838343
7690587825166683414
7690588102263459105
7690588965241392391
7690590422116224277
7690591158908538144
7690592045710232863
7690595200862915861
7690595959188835617
7690596604469857568
7690596684967038238
7690597949839117574
7690598668327505160
7690598859810032914
7690599198290480404
7690600126712155399
7690600372032900360
7690600423996083474
7690600645996350741
7690601482130902294
7690601788600225042
7690602101352729878
7690603022010912007
7690603184280063250
7690604821082164532
7690605481345174791
7690606545960275206
7690606831349157153
7690608993525386528
7690609194830941447
7690609315136228622
7690610649600199938
7690612636806991111
7690613204849823009
7690613452217519381
7690614889575877908
7690617009456876808
7690617649847471382
7690617792868994325
7690617885298937094
7690618333288287520
7690618488787930386
7690619099239533846
7690619603654954260
7690619844470770977
7690620114286185734
7690620320381816097
7690620351729913108
7690620521956019489
7690621177332649223
7690621474704461089
7690622329059101973
7690622875031686452
7690622918371396882
7690623183875083541
7690624285156691208
7690624640099732756
7690625476498410770
7690625731159723285
7690626971457309972
7690627492725427486
7690627679330077953
7690628167521946900
7690628217459232008
7690628339685477640
7690628976598895880
7690629058140556565
7690629790235118880
7690630705054895380
7690631673914019075
7690633205124402434
7690633679353220374
7690633825977765140
7690633937260956946
7690634675420761364
7690636175458995486
7690636996712189204
7690637304163060993
7690637607633472800
7690637670824889622
7690637839582727456
7690638053479648532
7690638709506444552
7690639774587145480
7690640390361222408
7690641735076121863
7690641871571340552
7690641915103972626
7690642299226787086
7690642393305025812
7690642439723339026
7690642521281613077
7690642878502161671
7690643091832786183
7690643141753310485
7690643182786366723
7690643966651305236
7690645437153332501
7690645648051326209
7690645652354682133
7690646823186205974
7690646898205543700
7690647002383666446
7690647889252453663
7690648790289747218
7690649182767484183
7690649728626806022
7690651424283315464
7690651458005404934
7690651642953272584
7690651771387039007
7690652060651490612
7690653537834913025
7690655248678915336
7690656399688338709
7690657697221463329
7690657970127998241
7690658548857982226
7690658604948507925
7690659441234021684
7690660366803586311
7690660388488187157
7690660944321465607
7690661150949772551
7690661231564180737
7690661562087984404
7690661681852157214
7690662296833510677
7690662764376755463
7690663355064798485
7690663491736194324
7690663565392399668
7690663611827539230
7690663936034622740
7690664116918177042
7690664463002815750
7690664770302709000
7690664844705484064
7690665482914909461
7690665767720733960
7690666716954692885
7690667816751566081
7690667979113057558
7690669425917316360
7690669599347526934
7690670138470812935
7690670193483336967
7690670320696528136
7690670335393336577
7690670410597207314
7690670466587069703
7690670543112129800
7690670609046539528
7690671327841242389
7690671385231854868
7690672777723923734
7690672819256003853
7690672993474743560
7690673305333927176
7690673343065902356
7690673421134499090
7690673448703593729
7690673695236377876
7690674254815235360
7690674824867368212
7690675934105537813
7690675982356745493
7690676346376326402
7690676477523692808
7690676878146948373
7690676948275580192
7690677484655807751
7690678136052239637
7690678334765665558
7690678570905046279
7690678636281711893
7690679722694528264
7690680440826400031
7690680453258333461
7690680468114574599
7690683044952378642
7690683209163623713
7690684973975670048
7690685746591583508
7690686469916101889
7690687195199311122
7690688315904904454
7690688580213083399
7690689758250503445
7690690776057023764
7690690919904922881
7690693102448676116
7690697186862009606
7690697563460177183
7690697646742195489
7690699497181105429
7690700671967907079
7690701277898018069
7690701340552465686
7690705966500744468
7690713386413280533
7690714551716760853
7690720157362113799
7690733952843271445
7690756187800734994
7690766185821981970
7690787456966266144
7690787458333625633
7690792198228462866
7690792523685563656
7690792834064043282
7690802828956273940
7690805552196128020
7690809936929885472
7690810838759902471
7690810886092590369
7690810963532041502
7690811020528389397
7690811247201226006
7690811403665411349
7690813387437133089
7690813926933531925
7690814473673641223
7690815092438338838
7690817076960808213
7690820031197760800
7690821750459747602
7690822765766561055
7690824294707907873
7690825658196364557
7690826489851284743
7690829096229555463
7690831794261740820
7690834402762329366
7690834738981997876
7690834784133614881
7690835379296996638
7690838336692374804
7690840513095732532
7690840555101719860
7690841549504138517
7690842642053139730
7690844559038811412
7690847059473141023
7690847374603799826
7690848273086549266
7690848791691283718
7690849842448452882
7690850744420896006
7690851301286087954
7690851642521947410
7690852167242108178
7690853364417989896
7690855300278144276
7690855861006175510
7690856782272466196
7690857014938864914
7690860266443115783
7690861654036286727
7690863189868711188
7690866330966297864
7690866677344505106
7690867379340922133
7690867867318816020
7690868994751876359
7690870887351995669
7690872825288117537
7690872882032938273
7690872886277508385
7690873292072160543
7690874402480688405
7690875986111450401
7690878939169852693
7690881084275395860
7690881628033355041
7690881938051075349
7690882102203567381
7690882102434270484
7690882501312580885
7690882706481237269
7690883394795834645
7690883856869674261
7690884332994546966
7690884793373854997
7690885234337877255
7690885973495893266
7690888109524864263
7690889138102471954
7690890003932564754
7690890683682524424
7690892380295269638
7690892872983366926
7690893470738795796
7690893804638981408
7690894004669418770
7690895402463186183
7690896437231570196
7690896492676140310
7690898861249891592
7690899002929319176
7690899560100629791
7690900593916808481
7690904014623444257
7690904040032455966
7690904410662259976
7690906193606216980
7690906234005785888
7690908278259322119
7690908282466192661
7690908683701636359
7690908789981187329
7690909311597448469
7690909800695155976
7690910187812818196
7690910243747794183
7690910581108247815
7690911933414804754
7690912365566496022
7690912875707125005
7690912894174727476
7690912998738726165
7690913080150084884
7690913101515902215
7690914976546049313
7690915989084523797
7690916026522832160
7690916179635866900
7690916509811592500
7690917300848839949
7690919452203945237
7690919614167010582
7690919748401483028
7690920930738048263
7690920948689603861
7690921377116753184
7690922672183708961
7690923043069103393
7690923218713971969
7690924220833991968
7690924531250154772
7690924625190014228
7690924976194587956
7690925081643502854
7690926569426046240
7690927382538030344
7690927891827150100
7690928392392215816
7690929145982897441
7690931518214016263
7690932075674733832
7690932175943896341
7690932509235875093
7690932572033109269
7690933477352426770
7690934074533235986
7690935572789038388
7690935885096815873
7690936315457670413
7690936378426658062
7690937064153468192
7690937830096260370
7690938194816208158
7690938276231826709
7690939136793922823
7690940512970247445
7690943021734448406
7690943415671868692
7690943631896694034
7690945247651630337
7690945454787333384
7690945930614377736
7690947479902129416
7690947545543052576
7690948229755637010
7690949937445539093
7690950274633960724
7690950619070336277
7690951303148621077
7690953839444315399
7690954665030159637
7690954775210233121
7690955007167827218
7690955076294151455
7690955532424842518
7690955778336886037
7690956050358471958
7690956142020807944
7690956594980343061
7690956607697734919
7690957115128548629
7690957848653696289
7690957890261257474
7690959178612968711
7690961007975370016
7690961916268776711
7690962393400233236
7690962757776117022
7690963190414347550
7690963491510865184
7690963891311889671
7690964158518398239
7690964462672596245
7690965367963012383
7690965407812881678
7690965408110660885
7690965992008142110
7690967098222267678
7690967243584277767
7690968297583512850
7690968656557214996
7690968922375392534
7690969197437914386
7690969674749578528
7690970106813336850
7690970221292686623
7690972290393181471
7690973329154395399
7690974014977707265
7690974054940953870
7690974686963944736
7690975067840302356
7690975349089275168
7690975626274032902
7690976379441106190
7690976822313405726
7690977192301514004
7690978006885584148
7690978282765815060
7690978691563801876
7690979821983255829
7690979874344914197
7690980223021600021
7690980248896392466
7690980586441231649
7690980827911490848
7690981353780727062
7690981697856261409
7690981904018869524
7690982036122750230
7690982316008590613
7690982428579548437
7690982432299830535
7690982744024812832
7690982757203217672
7690982841240341767
7690982887465831700
7690982898450681108
7690983294368009479
7690983301548412193
7690983576162028821
7690984318558047508
7690984606404709640
7690984647949421842
7690985131909287189
7690985249127337222
7690985723465321748
7690986801095363848
7690987306655780116
7690987953228762386
7690988268778736917
7690988309027261714
7690988355865169182
7690988883944770837
7690988989616065824
7690989463056567584
7690989489858022664
7690991167181327636
7690991237741956373
7690991269333536033
7690992182622162183
7690992440177675528
7690992659317542145
7690992807623888158
7690992825344871701
7690993573910613269
7690993731851390228
7690995616436112647
7690996170839182599
7690996307812519188
7690996598414839072
7690996696230284565
7690996739771256116
7690999255351217416
7690999285134970145
7690999707635600658
7691000026805439751
7691000284402797832
7691001374674308359
7691001607286295828
7691002276747463988
7691002641861725471
7691002662199774485
7691002854110137614
7691003057504554248
7691004713814199584
7691005553308454152
7691006055823756577
7691006241321028885
7691006366298819892
7691006641856122130
7691007100331281671
7691008951206317332
7691009143368322336
7691009609145896212
7691009795389787412
7691010879755668756
7691011169116540161
7691011254680423712
7691012298118401332
7691012348483669268
7691012567900228871
7691012685047139585
7691012715095018772
7691013196261412128
7691013981154069790
7691014603043573010
7691015019261185300
7691015371821780254
7691016534646328582
7691016633237884178
7691017098734177568
7691017231219641618
7691017823367253256
7691018537313389846
7691019086913998094
7691019162772147476
7691019456394366240
7691020160886639902
7691020258789854482
7691020274115808542
7691020840686619926
7691021103602421013
7691021119695883553
7691022126295403797
7691022834994384149
7691022882658422037
7691023510658960647
7691024189788097810
7691024666890079506
7691026830731644190
7691027845451205902
7691028430950812949
7691029113791843591
7691029539648081204
7691030234191121696
7691030473044233524
7691031618345078034
7691032139269442830
7691032181052869896
7691032553091894535
7691032649866939649
7691033673113636110
7691033970242309406
7691035607107226898
7691037128649739553
7691037844525157663
7691037968009612564
7691038877510864148
7691039128149921045
7691039983951498516
7691040072094862593
7691040363066248469
7691041512985021714
7691041939394710816
7691042130621451541
7691042142780722450
7691043063623322900
7691043612276083990
7691043773933047060
7691044627398348065
7691044976951676182
7691045418888645908
7691045604193045773
7691047017505754388
7691048803935194400
7691049079136161044
7691049536361336065
7691050541102845191
7691051670100495638
7691052004206005525
7691052954681412884
7691052967666928917
7691053430651014421
7691054292509265160
7691055365949050132
7691055375746977032
7691055737631411477
7691056004527557908
7691056117236911381
7691056931724676372
7691058237759655186
7691058362313805058
7691059567748254998
7691060065477954822
7691061185986268423
7691061382841634068
7691062264878697748
7691062950672534802
7691063142209686804
7691064480196758836
7691065178208718098
7691065552508292372
7691069271400566037
7691070119006473473
7691071929331109141
7691073409849003272
7691073577449311520
7691078959584267541
7691079819215310101
7691080145901423893
7691099611364216116
7691113296728034580
7691122677804698898
7691135483157450004
7691143798998551816
7691144149642267922
7691153615263649044
7691166637906529557
7691173206178254100
7691180976403172630
7691181061253926177
7691191562025405716
7691192652062084373
7691193014806383892
7691193885036514581
7691195922654563606
7691197045914209558
7691199120853290260
7691201908291374342
7691202930757602573
7691205899532127510
7691207356033535252
7691207862072184071
7691208183100165396
7691208729366154517
7691210686503865632
7691211831532211477
7691212220654570773
7691212457859190036
7691213422267993365
7691213800745258253
7691214518646525192
7691216402438491393
7691218139228425479
7691218159772241159
7691218786967358740
7691220940327308550
7691222476616944904
7691222552387128594
7691227817341635858
7691228409640340757
7691231836156071175
7691238744396926229
7691241976825416967
7691243096775970079
7691243413726891285
7691243534883687701
7691244137403747605
7691245345342328077
7691246209201212690
7691247318271593780
7691251161407474950
7691251665734749460
7691251740607302920
7691253277173812500
7691257124751494407
7691257531674463508
7691258020285730056
7691259486442409234
7691259757700648223
7691260580685958420
7691261515747413279
7691261975057157384
7691262385142730004
7691263346229693716
7691263506695408914
7691263922439114004
7691264662775565598
7691266451499388180
7691266495858347294
7691267406265650445
7691267642329484575
7691268982959082784
7691270592544230664
7691270821846863126
7691270968689446164
7691271579417857287
7691271864986930465
7691273795776089377
7691273810506517774
7691274359943613729
7691275726141656351
7691275812267445522
7691276976040004884
7691278543581465874
7691278955873062151
7691279046314921234
7691279822563134752
7691279838866427144
7691281282222886166
7691282197046643976
7691282684265483540
7691283650368834817
7691284045040291104
7691284356475735329
7691285708211817735
7691287582629530893
7691288525735529780
7691290476993088801
7691293760554142998
7691295281991798034
7691295982687915285
7691297567564516628
7691298216742112544
7691299182820232469
7691299500446518548
7691300459952213270
7691301584021589269
7691301608012909846
7691302033172729106
7691303045161815329
7691303467905944853
7691303625498561800
7691304096636095752
7691304954593660168
7691305411475000597
7691306184858455297
7691306388286410015
7691306728872365332
7691306729308458261
7691306774636547335
7691306824405912852
7691307212030938381
7691308108227808532
7691308897554058517
7691308947893931285
7691309034820914454
7691309554163780885
7691310128238284053
7691311316392283444
7691311385732533524
7691312520472218883
7691312937444707636
7691313177673436438
7691313199588723989
7691313595241565462
7691313644897897746
7691313702208883988
7691314560187272456
7691314891487005973
7691316242208083220
7691317895862799637
7691318568285228320
7691318577399368980
7691318608571403541
7691319094179663137
7691319491342404878
7691319679243078913
7691319882947874066
7691320929514753287
7691321188252994836
7691321947371752726
7691321998273809677
7691322411505028372
7691322916163685665
7691323063392161056
7691323225392844040
7691323639710502158
7691323873874300178
7691324499718982930
7691324775037291798
7691324855894986002
7691325344300682517
7691325450362096928
7691325512907574548
7691325684714589470
7691325702762695957
7691325729602161942
7691325781816954144
7691326103453060385
7691326121459207457
7691326421683162388
7691326934604680480
7691327700409093383
7691328151481322783
7691328255600905493
7691328653816253703
7691328905365556501
7691329045828554014
7691329487467826464
7691329502555081992
7691330016784911637
7691331244075863314
7691331320433151240
7691332404954385685
7691333708208590101
7691334285416090902
7691335170258963720
7691336390155537677
7691336646804999445
7691336744687406368
7691338687627447583
7691339034244828430
7691339878856019233
7691340477899066638
7691341442601585942
7691341897906048277
7691342022015208711
7691342129897016596
7691342300450016534
7691342876965440790
7691343115814178068
7691343216393604359
7691343239999147284
7691343324908719380
7691343512532421902
7691344741132193044
7691345166006799617
7691347223157771528
7691347239712591124
7691347644769160461
7691348063364877589
7691348915513298198
7691349537134300437
7691350267756907782
7691351171239398678
7691352374006304006
7691352456080526612
7691352562783587591
7691353066464972040
7691353079299591438
7691353150745365781
7691355281435020551
7691355400947371284
7691355770616614165
7691355945900707080
7691356697025203477
7691357111812427028
7691357179365903624
7691357450863267092
7691357458081615112
7691357782855027988
7691358132357942546
7691358259961171221
7691358486881422613
7691358623519264006
7691359076101410069
7691359850596453640
7691359883509255444
7691360628325322016
7691360953660640513
7691361400463134004
7691361889942555925
7691362061787417862
7691362284450663687
7691362792951024928
7691363533174377736
7691364325998529813
7691364358755978504
7691364367010368781
7691365193359625494
7691365522654481672
7691366320130067733
7691366386857282848
7691366665614789908
7691366766173342996
7691367023061798177
7691367767190031646
7691367971016641813
7691370646118370568
7691371207916031240
7691371215746796818
7691371669943782677
7691371925012008213
7691372787973279009
7691373116211105076
7691373347849981202
7691374061389237510
7691374066984324372
7691375368472775988
7691375714792148244
7691376068090940694
7691376117021707528
7691376417082461448
7691376691054382356
7691377064238189844
7691377213584854280
7691377258170256658
7691377815744204040
7691378511604469005
7691378548409519392
7691378865033235732
7691379217975512333
7691379745031867669
7691380118966603015
7691380134481333512
7691380191611964690
7691380354552171797
7691380847450131732
7691380994548583686
7691381049934351637
7691381410019478816
7691382628116696342
7691382659284716801
7691383098025643271
7691383672741874964
7691383871375559969
7691383986609753362
7691384377774771477
7691384822157069575
7691385155176402197
7691385441496648967
7691385823878532372
7691385825212353824
7691386108235615521
7691386320245034258
7691386783594056981
7691387013588667681
7691387385749245204
7691389012816284961
7691389480170687774
7691390171928939796
7691390665996930325
7691390739233705223
7691390816597724423
7691390830199917831
7691391293905243413
7691391522280918292
7691391737205411093
7691391855585709332
7691392113929358612
7691392512673565982
7691392807382076692
7691394634836086037
7691394652519337217
7691394764490493187
7691394992606072097
7691395161900830004
7691395836277738773
7691395960487841030
7691397470089202964
7691398093153094933
7691398240322768148
7691399001110760756
7691400375898836244
7691400407746137365
7691402408458505490
7691402795441753366
7691404027657080085
7691404307643534614
7691404318724902150
7691404505950309653
7691404987225623815
7691405291430137109
7691405627452771605
7691405747858590996
7691405750656191764
7691406619229310240
7691406807197060372
7691407314649107718
7691407467267280149
7691408772702440725
7691409643607723284
7691410028451859733
7691410047456333063
7691412887851535638
7691413124989209877
7691413458168073492
7691414847468162325
7691415873717800212
7691416286860954900
7691417188145712404
7691417463187115271
7691417489619668257
7691417970316283157
7691418799362329876
7691420019938331937
7691420304484175125
7691420934703467797
7691421422018645249
7691422566585552149
7691422767140326677
7691422844537900301
7691423174730206465
7691423920716664086
7691424233146076434
7691424387114814740
7691424488600259892
7691426071979461909
7691426142468787457
7691426157354339605
7691427559984188693
7691428214173945119
7691428432562916629
7691428441492606209
7691430056119242014
7691431155886755092
7691431984375123221
7691432139216129287
7691432979884772640
7691433320608959765
7691433840354626824
7691433842279812353
7691433922856668437
7691434507756588309
7691434837873298706
7691435038566550836
7691435278430375189
7691435458517159189
7691435680043486484
7691435983450983702
7691436703298391317
7691437087119314196
7691438250061303060
7691438298748833045
7691440128878824725
7691441210598116629
7691442475298278659
7691444188998585621
7691446053375200534
7691449068815486229
7691449388257774868
7691449397497842965
7691452928758336789
7691467234111278343
7691468740113763592
7691505116112768277
7691520176054881557
7691545119954128148
7691545153873415444
7691546035608407314
7691546319759969543
7691546371635105044
7691548737595886880
7691549679464516882
7691551544772398357
7691552128355110166
7691558112897010964
7691558807683501342
7691559720510835988
7691560972665818386
7691561974857043206
7691563519870864661
7691563623579143431
7691565902822722837
7691572107632741663
7691572447899929877
7691573149518794002
7691573631775804692
7691575513936088328
7691578646192246029
7691583173519543572
7691583498959719688
7691584391524420871
7691594979860352278
7691595840929991958
7691595865382767892
7691597461697203476
7691600224275614997
7691600572398472468
7691601039929167126
7691601335694658848
7691603865761811730
7691604547764079904
7691606133978565921
7691606426921225492
7691608604851326216
7691611380457229590
7691611991655337234
7691612584033701142
7691615315758730504
7691615338626075912
7691616002647330056
7691620712808811796
7691621941169360149
7691622589399174413
7691623246118112542
7691624228185050375
7691626387555224854
7691634722832780577
7691635053436095765
7691635296839961876
7691637428729253128
7691637850831342855
7691638193841540372
7691638268898659592
7691639375565819157
7691642133186350358
7691642243588951316
7691642786700922118
7691642947938307336
7691643870895033613
7691644572027325718
7691648597288291592
7691649083949387028
7691651205885431072
7691652386070334740
7691653315339373832
7691654645307034881
7691655009922026774
7691655120823536897
7691655144492059925
7691657306559221010
7691659962484870420
7691660216965877014
7691660671708040468
7691661041318546695
7691661291752017172
7691661772234853652
7691661979899006228
7691661980830076174
7691662423757016341
7691663761450634517
7691665047113698568
7691666203185515783
7691666734264126741
7691666886425185556
7691667136841895182
7691667224674848018
7691668069969579272
7691671762827873557
7691672351058054420
7691672544058854689
7691672718126746902
7691673213910174997
7691674972175125781
7691675646648667412
7691680453610327328
7691680758544469266
7691681731056880903
7691682037538819341
7691682822095916309
7691683605885521172
7691683827537825046
7691683951437499680
7691684279339830548
7691684374818934038
7691685422975487264
7691685684221922581
7691686337413532948
7691687952463842561
7691688143208058119
7691688197239196950
7691688935218515213
7691689300252953876
7691689443941436692
7691690239420583198
7691691195902430485
7691691895436741896
7691692576059002133
7691693980370701589
7691694220444224788
7691694464259181857
7691694771592547604
7691695114191654166
7691695567411350804
7691695677738323231
7691695754821324038
7691696007100271890
7691697493511376148
7691698248360201504
7691698974553591073
7691700126993222933
7691703367365709076
7691703992644013332
7691705304840555797
7691706488712203541
7691707141069081864
7691707374306086145
7691708514632224018
7691708534437711126
7691708682920283444
7691708748104011041
7691708908238408978
7691709667029880085
7691709677591203093
7691709971611782420
7691710766897974535
7691712454606228754
7691713064063814932
7691713269425294614
7691714511031618846
7691714565259775238
7691715789732318485
7691717230635060501
7691717289690942740
7691717368640310580
7691718531737521415
7691718635672440071
7691718848898141461
7691718883375336734
7691719018708733192
7691719389741124865
7691720216010558741
7691720893441182996
7691721151223041313
7691721248308759821
7691721546343206145
7691721554450926869
7691721582145735956
7691721638068407585
7691723225260166421
7691723263898291477
7691723448598449416
7691724182425619732
7691724217435360545
7691724963262270738
7691725098025372936
7691725208901733633
7691725698876067092
7691726501447863560
7691726518841511174
7691727421292252437
7691727604650478866
7691728662370077960
7691728805370531086
7691729146300337429
7691729244690320658
7691729607631867168
7691729637352738080
7691730750890167585
7691731237387406599
7691731583883136264
7691732575689264405
7691732967546211591
7691733466890784020
7691733744604007681
7691734603773594900
7691734681993235734
7691735241249131808
7691735355170491669
7691735436237999381
7691736517080829205
7691736872321666337
7691737045168983316
7691737139914083592
7691737851729349902
7691737892678405396
7691738898535353601
7691739902496476424
7691739914722987286
7691740571169328398
7691740793240833301
7691741020626636052
7691741645448023317
7691742322115038484
7691743911836011809
7691745181892103444
7691746088738557197
7691746110494215457
7691747032876289287
7691747908634381576
7691748251246021906
7691748271810874657
7691748893041708308
7691749289042693384
7691749368893852936
7691749409775701268
7691749563710885141
7691750391582690591
7691750698413018376
7691752123700317442
7691752502441577749
7691752533223591188
7691753034497445128
7691753364710886689
7691755024346533153
7691756712360987922
7691756738428669217
7691757560440933653
7691760761412046100
7691760782534659334
7691761812085280013
7691762152935296270
7691763137472744724
7691763281005989140
7691764243418369281
7691764400751004950
7691765006370737429
7691765279394762006
7691765356448238869
7691765419505372436
7691765727212145927
7691765866081389857
7691766981267180821
7691767681757793544
7691767803405241607
7691768183677553951
7691768487760497950
7691768526004112660
7691769664971558177
7691771658436152577
7691771801503796513
7691772403558386976
7691772425356184846
7691772986654756117
7691773341421571358
7691773444966321441
7691773690102467873
7691773927361613078
7691774772857883911
7691775477257637138
7691775652877405461
7691775914597747988
7691776016519417106
7691776364550065415
7691777155306442002
7691777729091472658
7691777820917320981
7691778129840311560
7691778873553341727
7691779010153450774
7691779784619199745
7691780173640781064
7691780428260232456
7691781222762040596
7691781357952945416
7691782638775962898
7691783091089575189
7691783378898537749
7691784710292376852
7691784720241167624
7691784812436213000
7691785309117336864
7691785794570243346
7691786824376765703
7691787633017605406
7691792515501968661
7691792656736832769
7691795911818661140
7691797857686342944
7691800120739908884
7691803221840514325
7691804375383166230
7691804954608143649
7691805977783438606
7691806770934648078
7691807794952965382
7691808284315094292
7691808786746543368
7691809779848596769
7691809967912930582
7691810736544238856
7691811135921605909
7691813088672222482
7691814235155877141
7691823773003058452
7691825524112510228
7691828086437842197
