post_id,url
7690513650905402644,https://www.tiktok.com/@asterixalla4/video/7690513650905402644
7556245609313848632,https://www.tiktok.com/@abduroh1m/video/7556245609313848632
7562133846322433310,https://www.tiktok.com/@romanovskayshool/video/7562133846322433310
7612200404784254239,https://www.tiktok.com/@romanovskayshool/video/7612200404784254239
7562100294780210462,https://www.tiktok.com/@romanovskayshool/video/7562100294780210462
7656177229881265416,https://www.tiktok.com/@ssavalothh/video/7656177229881265416
7675656454115986711,https://www.tiktok.com/@mayb3eva/video/7675656454115986711
7631530499281816839,https://www.tiktok.com/@mellysssn/video/7631530499281816839
7656705168498593045,https://www.tiktok.com/@daryadruzh/video/7656705168498593045
7650970653008383262,https://www.tiktok.com/@nastkaaaatrap/video/7650970653008383262
7665717884433239328,https://www.tiktok.com/@yayga406/video/7665717884433239328
7655247532435442946,https://www.tiktok.com/@ggriglife/video/7655247532435442946
7650533366785117447,https://www.tiktok.com/@malynu_08/video/7650533366785117447
7652378733839404295,https://www.tiktok.com/@lina_willer/video/7652378733839404295
7655025861896244502,https://www.tiktok.com/@nikitsrrb15/video/7655025861896244502
7653019188172295442,https://www.tiktok.com/@malvia.msha/video/7653019188172295442
7652449234394041620,https://www.tiktok.com/@plohi.sh/video/7652449234394041620
7650238799649279240,https://www.tiktok.com/@vetka_sakuri1970/video/7650238799649279240
7657198015538597140,https://www.tiktok.com/@burmistroovaaa/video/7657198015538597140
7691643791446510870,https://www.tiktok.com/@mark_lamark/video/7691643791446510870
7656363134457777430,https://www.tiktok.com/@csnews_update/video/7656363134457777430
7654997311277255956,https://www.tiktok.com/@dynastiyko/video/7654997311277255956
7656837263967505682,https://www.tiktok.com/@veronica.anatsko/video/7656837263967505682
7642669044658703624,https://www.tiktok.com/@fun_twitchparmezan0_0/video/7642669044658703624
7653838231955361055,https://www.tiktok.com/@karmazyao/video/7653838231955361055
7650640335118322964,https://www.tiktok.com/@pink_soul22/video/7650640335118322964
7683126972469316886,https://www.tiktok.com/@naruuua/video/7683126972469316886
7645728858724977941,https://www.tiktok.com/@xarlavelka/video/7645728858724977941
7666474621327248660,https://www.tiktok.com/@botiha.xxx/video/7666474621327248660
7626709162751315218,https://www.tiktok.com/@hitman_math/video/7626709162751315218
7649461181706407188,https://www.tiktok.com/@assol_928/video/7649461181706407188
7651095155528748310,https://www.tiktok.com/@mariia.slife/video/7651095155528748310
7572100737933724948,https://www.tiktok.com/@nika_knows7/video/7572100737933724948
7646878401315278112,https://www.tiktok.com/@mishanyarampage/video/7646878401315278112
7653949070465174791,https://www.tiktok.com/@plohi.h/video/7653949070465174791
7570370926299172126,https://www.tiktok.com/@berezovoy_rep/video/7570370926299172126
7649555597620153614,https://www.tiktok.com/@myzikalnii/video/7649555597620153614
7651242050381286676,https://www.tiktok.com/@abidybi_math/video/7651242050381286676
7652723975650331924,https://www.tiktok.com/@aelitka6767/video/7652723975650331924
7651574241191660816,https://www.tiktok.com/@darix.134/video/7651574241191660816
7641986501554752800,https://www.tiktok.com/@mishanyarampage/video/7641986501554752800
7654539246396640533,https://www.tiktok.com/@hoodwink_n1/video/7654539246396640533
7568498638813433095,https://www.tiktok.com/@nadya_matem/video/7568498638813433095
7646692488459111698,https://www.tiktok.com/@nadya_matem/video/7646692488459111698
7647878885387947272,https://www.tiktok.com/@maryshka1/video/7647878885387947272
7687190157967019285,https://www.tiktok.com/@dariyana_lit/video/7687190157967019285
7610327255616654610,https://www.tiktok.com/@max_phys/video/7610327255616654610
7647843997607628053,https://www.tiktok.com/@.saykal_3/video/7647843997607628053
7560334349485346104,https://www.tiktok.com/@kate_geo_sotka/video/7560334349485346104
7611495899054853394,https://www.tiktok.com/@stellahimbio/video/7611495899054853394
7646465315466939655,https://www.tiktok.com/@exams_with_mary/video/7646465315466939655
7653380436596493601,https://www.tiktok.com/@anechka_min/video/7653380436596493601
7650461140194987282,https://www.tiktok.com/@mayorova0608/video/7650461140194987282
7652093965356797214,https://www.tiktok.com/@vildesstt/video/7652093965356797214
7651608031138204936,https://www.tiktok.com/@katja_stroganova/video/7651608031138204936
7651201782210694407,https://www.tiktok.com/@shuvepsblll/video/7651201782210694407
7647818693963042070,https://www.tiktok.com/@linux16_18/video/7647818693963042070
7654214219683892487,https://www.tiktok.com/@selesta_a/video/7654214219683892487
7653764933594778901,https://www.tiktok.com/@pasito951/video/7653764933594778901
7651547114597649672,https://www.tiktok.com/@gmixerv/video/7651547114597649672
7648275275637214478,https://www.tiktok.com/@exponentamath/video/7648275275637214478
7653071703119187207,https://www.tiktok.com/@fors_news/video/7653071703119187207
7650091247083818258,https://www.tiktok.com/@melanoma.0/video/7650091247083818258
7649088496484748565,https://www.tiktok.com/@schoolgirls80/video/7649088496484748565
7648957620342181128,https://www.tiktok.com/@livilarrr/video/7648957620342181128
7649684249758420244,https://www.tiktok.com/@dimochka_official_/video/7649684249758420244
7651246597761731858,https://www.tiktok.com/@stanisiavskaya_oo/video/7651246597761731858
7647077249530744082,https://www.tiktok.com/@mellrezka01/video/7647077249530744082
7651439239862816018,https://www.tiktok.com/@vedimochka16/video/7651439239862816018
7649026022771494151,https://www.tiktok.com/@densenglish/video/7649026022771494151
7657535435941367058,https://www.tiktok.com/@envuin/video/7657535435941367058
7664579986535353620,https://www.tiktok.com/@alenamxs/video/7664579986535353620
7615311028041075988,https://www.tiktok.com/@100e_ballov_be_like/video/7615311028041075988
7690636996712189204,https://www.tiktok.com/@nsttttty/video/7690636996712189204
7688769666751237396,https://www.tiktok.com/@mirrrvass/video/7688769666751237396
7690214658275298573,https://www.tiktok.com/@superpupermjdianchik/video/7690214658275298573
7648656460200611104,https://www.tiktok.com/@100ballsway/video/7648656460200611104
7690233976992353539,https://www.tiktok.com/@cybermothhh/video/7690233976992353539
7690884793373854997,https://www.tiktok.com/@katja_stroganova/video/7690884793373854997
7628676606369762581,https://www.tiktok.com/@100e_ballov_be_like/video/7628676606369762581
7628587964574190869,https://www.tiktok.com/@100e_ballov_be_like/video/7628587964574190869
7641250809925094678,https://www.tiktok.com/@ktchkw/video/7641250809925094678
7658957086088285460,https://www.tiktok.com/@katja_stroganova/video/7658957086088285460
7673914696109411604,https://www.tiktok.com/@ao100b/video/7673914696109411604
7682059850431384839,https://www.tiktok.com/@pelnest/video/7682059850431384839
7601621305175182599,https://www.tiktok.com/@100ballovege/video/7601621305175182599
7650256856853613844,https://www.tiktok.com/@sentim4owtal/video/7650256856853613844
7656041958552489230,https://www.tiktok.com/@wmikhw/video/7656041958552489230
7664638899523702048,https://www.tiktok.com/@100ballsway/video/7664638899523702048
7644604307714870535,https://www.tiktok.com/@swerqii0/video/7644604307714870535
7681288338829036821,https://www.tiktok.com/@philologybakery/video/7681288338829036821
7648213180300201236,https://www.tiktok.com/@100e_ballov_be_like/video/7648213180300201236
7655030381934054676,https://www.tiktok.com/@infomoscow24/video/7655030381934054676
7688352550466145550,https://www.tiktok.com/@exponentamath/video/7688352550466145550
7680444464761933074,https://www.tiktok.com/@tatarstan.newspro/video/7680444464761933074
7688803542789868821,https://www.tiktok.com/@tori_olk/video/7688803542789868821
7653516753963584801,https://www.tiktok.com/@kosi4ka/video/7653516753963584801
7679025358670138631,https://www.tiktok.com/@olya.veberr/video/7679025358670138631
7679408287451729173,https://www.tiktok.com/@vllgrinn/video/7679408287451729173
7638274835138743553,https://www.tiktok.com/@kohyyl/video/7638274835138743553
7682052130068352277,https://www.tiktok.com/@rina.st3/video/7682052130068352277
7667544507155483925,https://www.tiktok.com/@asif_noo/video/7667544507155483925
7583436726937390366,https://www.tiktok.com/@ege_struggles_202/video/7583436726937390366
7637025867067067669,https://www.tiktok.com/@viviva3869/video/7637025867067067669
7570611680368020758,https://www.tiktok.com/@ulyagff/video/7570611680368020758
7678031654522260753,https://www.tiktok.com/@ksuinax/video/7678031654522260753
7629685592028106006,https://www.tiktok.com/@mark_lamark/video/7629685592028106006
7653198429539142945,https://www.tiktok.com/@kosi4ka/video/7653198429539142945
7653907341384895776,https://www.tiktok.com/@kosi4ka/video/7653907341384895776
7665825701177724178,https://www.tiktok.com/@lume832/video/7665825701177724178
7673558826674687240,https://www.tiktok.com/@sodokiis/video/7673558826674687240
7661671651792145684,https://www.tiktok.com/@egenalegke/video/7661671651792145684
7677500353536986376,https://www.tiktok.com/@nassstya26/video/7677500353536986376
7557259225420893462,https://www.tiktok.com/@mark_lamark/video/7557259225420893462
7679825377379863828,https://www.tiktok.com/@profimatika_inf/video/7679825377379863828
7667970906391678221,https://www.tiktok.com/@morozilka_math/video/7667970906391678221
7689169049766333716,https://www.tiktok.com/@farishka_literature/video/7689169049766333716
7655340041493056789,https://www.tiktok.com/@top.repetitor0/video/7655340041493056789
7588610600863911175,https://www.tiktok.com/@perm_boy_ekb/video/7588610600863911175
7652427219964300562,https://www.tiktok.com/@youngteachrus/video/7652427219964300562
7604938452794117408,https://www.tiktok.com/@ivanvaletich68/video/7604938452794117408
7649506704786246932,https://www.tiktok.com/@vilya.brik/video/7649506704786246932
7649786126319865121,https://www.tiktok.com/@trevozhnye.roditeli/video/7649786126319865121
7561907220561054996,https://www.tiktok.com/@qwertyyyyyyyyqwerty/video/7561907220561054996
7664974957952126240,https://www.tiktok.com/@kurolesyaa/video/7664974957952126240
7630001151018159380,https://www.tiktok.com/@100e_ballov_be_like/video/7630001151018159380
7636518802238295316,https://www.tiktok.com/@bullovva3/video/7636518802238295316
7689156423191710996,https://www.tiktok.com/@farishka_literature/video/7689156423191710996
7630338904608034068,https://www.tiktok.com/@100e_ballov_be_like/video/7630338904608034068
7607563433864662293,https://www.tiktok.com/@100e_ballov_be_like/video/7607563433864662293
7652213054318349586,https://www.tiktok.com/@egygysha/video/7652213054318349586
7652269889524157716,https://www.tiktok.com/@nika_p1g/video/7652269889524157716
7654976703214800135,https://www.tiktok.com/@chasedem0ney/video/7654976703214800135
7650178537130872085,https://www.tiktok.com/@verrr17.8/video/7650178537130872085
7649049027459206433,https://www.tiktok.com/@jigganeuron/video/7649049027459206433
7657245652467879189,https://www.tiktok.com/@klaoukl/video/7657245652467879189
7653838185146895647,https://www.tiktok.com/@karmazyao/video/7653838185146895647
7649126509839387925,https://www.tiktok.com/@nova.watory/video/7649126509839387925
7653795349231832340,https://www.tiktok.com/@margoff0/video/7653795349231832340
7652692539979353358,https://www.tiktok.com/@musiasi/video/7652692539979353358
7576538211078491399,https://www.tiktok.com/@males.malinskya/video/7576538211078491399
7644158165398916359,https://www.tiktok.com/@vasyalisaofficial/video/7644158165398916359
7659696734012001544,https://www.tiktok.com/@marseltutor/video/7659696734012001544
7662636151727050005,https://www.tiktok.com/@maiuniversity/video/7662636151727050005
7652730783102258454,https://www.tiktok.com/@linux16_18/video/7652730783102258454
7597906213661101320,https://www.tiktok.com/@damninfluence/video/7597906213661101320
7646464053182876948,https://www.tiktok.com/@umarrbibarsov/video/7646464053182876948
7653876774773804318,https://www.tiktok.com/@kristinochkabio/video/7653876774773804318
7684266686614211861,https://www.tiktok.com/@profmat_god/video/7684266686614211861
7651944773133126919,https://www.tiktok.com/@mash.mall0w/video/7651944773133126919
7659436489658469639,https://www.tiktok.com/@fizik_alexandra/video/7659436489658469639
7658029358770097426,https://www.tiktok.com/@stephhes/video/7658029358770097426
7664514205470526742,https://www.tiktok.com/@newshortstt/video/7664514205470526742
7653037474595278112,https://www.tiktok.com/@drozds0/video/7653037474595278112
7654788890376686879,https://www.tiktok.com/@stranger8a8/video/7654788890376686879
7652445560703667487,https://www.tiktok.com/@h3o.nh4/video/7652445560703667487
7650488547295644935,https://www.tiktok.com/@jull.vii/video/7650488547295644935
7608518551707618580,https://www.tiktok.com/@nikasinyak/video/7608518551707618580
7683594335333387541,https://www.tiktok.com/@ankiddd_/video/7683594335333387541
7646082011001589013,https://www.tiktok.com/@ginsen_ge/video/7646082011001589013
7597050081858096391,https://www.tiktok.com/@egormatikovich/video/7597050081858096391
7672419775162748192,https://www.tiktok.com/@evd_abroad/video/7672419775162748192
7656420782863551766,https://www.tiktok.com/@skellice01/video/7656420782863551766
7651006416240626951,https://www.tiktok.com/@ttgg_9922/video/7651006416240626951
7633146158856293639,https://www.tiktok.com/@princesssofia_137/video/7633146158856293639
7651917406004186386,https://www.tiktok.com/@speed_silver20/video/7651917406004186386
7667900633051106580,https://www.tiktok.com/@bellaogem/video/7667900633051106580
7601249089233194260,https://www.tiktok.com/@_ww_nom_/video/7601249089233194260
7649829408597069077,https://www.tiktok.com/@fiz_oge_easy/video/7649829408597069077
7647626797969837330,https://www.tiktok.com/@kazanskiy72/video/7647626797969837330
7655746694784535815,https://www.tiktok.com/@zxcu707/video/7655746694784535815
7649495858790026526,https://www.tiktok.com/@sabr_foot7/video/7649495858790026526
7690567602166435093,https://www.tiktok.com/@svetka_oge/video/7690567602166435093
7645275221653605645,https://www.tiktok.com/@higuran/video/7645275221653605645
7659087561859648776,https://www.tiktok.com/@darel_oge/video/7659087561859648776
7686181557475773718,https://www.tiktok.com/@alffammae/video/7686181557475773718
7649030105615928590,https://www.tiktok.com/@tolina_2009/video/7649030105615928590
7656207452278410504,https://www.tiktok.com/@motosport1220/video/7656207452278410504
7652098816262311186,https://www.tiktok.com/@po1ya9/video/7652098816262311186
7690976172460625159,https://www.tiktok.com/@koby_1111/video/7690976172460625159
7652294757720263954,https://www.tiktok.com/@opasnost567/video/7652294757720263954
7598688903293308190,https://www.tiktok.com/@luizaort4tx/video/7598688903293308190
7646544228742417685,https://www.tiktok.com/@lowl7809/video/7646544228742417685
7645741217170427156,https://www.tiktok.com/@_dazzlings_bi/video/7645741217170427156
7639095058590878983,https://www.tiktok.com/@nessansnews/video/7639095058590878983
7588564580444458260,https://www.tiktok.com/@shedamovey/video/7588564580444458260
7647900127356570913,https://www.tiktok.com/@juliana18503/video/7647900127356570913
7646710297515805973,https://www.tiktok.com/@sofa_sonechk/video/7646710297515805973
7671015240485588242,https://www.tiktok.com/@nekrilover/video/7671015240485588242
7691788579378449682,https://www.tiktok.com/@marseltutor/video/7691788579378449682
7559521716146425106,https://www.tiktok.com/@metkatinooon/video/7559521716146425106
7688019560166952200,https://www.tiktok.com/@asya_fanclub/video/7688019560166952200
7632653543731744007,https://www.tiktok.com/@sheis.3w/video/7632653543731744007
7627928450153729288,https://www.tiktok.com/@himbiobro/video/7627928450153729288
7558582885091937548,https://www.tiktok.com/@kirill.neshh/video/7558582885091937548
7584385708131912981,https://www.tiktok.com/@alenamxs/video/7584385708131912981
7622247019687447822,https://www.tiktok.com/@mewhitelee/video/7622247019687447822
7615697291369778453,https://www.tiktok.com/@tgc.vodovozov/video/7615697291369778453
7686534658607140103,https://www.tiktok.com/@milya_maths/video/7686534658607140103
7617933752244702495,https://www.tiktok.com/@sofa_020210/video/7617933752244702495
7608870716628274439,https://www.tiktok.com/@sweeetxzll/video/7608870716628274439
7616303983837056276,https://www.tiktok.com/@tupoi.chelovechek/video/7616303983837056276
7676762395984874770,https://www.tiktok.com/@mashulianich.111/video/7676762395984874770
7603337847738862879,https://www.tiktok.com/@neko.chan228/video/7603337847738862879
7556328983193783563,https://www.tiktok.com/@ioaaannna_ya/video/7556328983193783563
7676024618917825814,https://www.tiktok.com/@artem_inf/video/7676024618917825814
7679171988551863575,https://www.tiktok.com/@stepask27/video/7679171988551863575
7587686255282982165,https://www.tiktok.com/@matematik_oge/video/7587686255282982165
7579294456566910229,https://www.tiktok.com/@kkuwx0/video/7579294456566910229
7672265602005863698,https://www.tiktok.com/@anelokokok/video/7672265602005863698
7690893470738795796,https://www.tiktok.com/@egeveshaem/video/7690893470738795796
7657629170008116500,https://www.tiktok.com/@masshherisshha/video/7657629170008116500
7652680247061597461,https://www.tiktok.com/@vlazina/video/7652680247061597461
7628638869306543390,https://www.tiktok.com/@ag28red/video/7628638869306543390
7561430015670242567,https://www.tiktok.com/@stanisiavskaya_oo/video/7561430015670242567
7590519698370923784,https://www.tiktok.com/@cyber9nida/video/7590519698370923784
7628957603082587422,https://www.tiktok.com/@triumph_online_school/video/7628957603082587422
7676089851493600530,https://www.tiktok.com/@malova_obsh/video/7676089851493600530
7661337650489560328,https://www.tiktok.com/@kartofanka69_/video/7661337650489560328
7647943870205971733,https://www.tiktok.com/@mishka_erema/video/7647943870205971733
7681767641383537941,https://www.tiktok.com/@tori_olk/video/7681767641383537941
7619818254751550742,https://www.tiktok.com/@stepask27/video/7619818254751550742
7685444748055743777,https://www.tiktok.com/@karpachev.an/video/7685444748055743777
7612986705469082902,https://www.tiktok.com/@au_chem/video/7612986705469082902
7569638877758033159,https://www.tiktok.com/@napolskaya_kseniya/video/7569638877758033159
7598852276475776270,https://www.tiktok.com/@sonyaa_aik/video/7598852276475776270
7685839941095460117,https://www.tiktok.com/@tori_olk/video/7685839941095460117
7646907846482726161,https://www.tiktok.com/@soalinka_/video/7646907846482726161
7556975184473869576,https://www.tiktok.com/@_esenichkaaa/video/7556975184473869576
7620013879396994311,https://www.tiktok.com/@zweifells/video/7620013879396994311
7649106844878671135,https://www.tiktok.com/@eugeniiavorobeva/video/7649106844878671135
7628613597580643591,https://www.tiktok.com/@your.little.sist3r/video/7628613597580643591
7625981781296041248,https://www.tiktok.com/@avramenko_fox/video/7625981781296041248
7571406188013800715,https://www.tiktok.com/@s0fgii/video/7571406188013800715
7571125641744059704,https://www.tiktok.com/@cuganochka/video/7571125641744059704
7573285030718475542,https://www.tiktok.com/@katik2211/video/7573285030718475542
7596010046622813496,https://www.tiktok.com/@dashka_kuzik/video/7596010046622813496
7631931845969480968,https://www.tiktok.com/@rus_nastya/video/7631931845969480968
7618223666454662408,https://www.tiktok.com/@molodoy_repet/video/7618223666454662408
7691804279912287496,https://www.tiktok.com/@vuiires/video/7691804279912287496
7691696697038179606,https://www.tiktok.com/@pupkamarisha.iluminate/video/7691696697038179606
7685082181152083222,https://www.tiktok.com/@aizy_study/video/7685082181152083222
7681398952637386004,https://www.tiktok.com/@shaulooo/video/7681398952637386004
7680144986863602964,https://www.tiktok.com/@abroad.chiksa/video/7680144986863602964
7657648929076563220,https://www.tiktok.com/@wksxins/video/7657648929076563220
7615356051126242581,https://www.tiktok.com/@ni.wez/video/7615356051126242581
7678430202480921874,https://www.tiktok.com/@stephhes/video/7678430202480921874
7691463220304891144,https://www.tiktok.com/@mamoshvick/video/7691463220304891144
7686543254170422548,https://www.tiktok.com/@griffwitch/video/7686543254170422548
7658954601290321173,https://www.tiktok.com/@sofia_amosova8/video/7658954601290321173
7648713264896986375,https://www.tiktok.com/@lizzza.ova/video/7648713264896986375
7691805941066485000,https://www.tiktok.com/@vuiires/video/7691805941066485000
7680607381016874261,https://www.tiktok.com/@ttutmo/video/7680607381016874261
7686541211104070926,https://www.tiktok.com/@julesilent/video/7686541211104070926
7679696662092057864,https://www.tiktok.com/@itskreal/video/7679696662092057864
7670336466433608978,https://www.tiktok.com/@murrriq/video/7670336466433608978
7671670169697144097,https://www.tiktok.com/@kinskymariaa/video/7671670169697144097
7649436744340737302,https://www.tiktok.com/@etoliemanif/video/7649436744340737302
7685387216385789202,https://www.tiktok.com/@ystaloch/video/7685387216385789202
7687660172281416990,https://www.tiktok.com/@melaniegooo1/video/7687660172281416990
7680567906698022165,https://www.tiktok.com/@grammlib29/video/7680567906698022165
7676211538306370837,https://www.tiktok.com/@emily.usa1/video/7676211538306370837
7619036775633210632,https://www.tiktok.com/@malinberryy/video/7619036775633210632
7680299371354754311,https://www.tiktok.com/@leesyyanaa/video/7680299371354754311
7643119675831782676,https://www.tiktok.com/@d1ssapearinny/video/7643119675831782676
7664240926885235976,https://www.tiktok.com/@glebaastan/video/7664240926885235976
7678246203112426784,https://www.tiktok.com/@evd_abroad/video/7678246203112426784
7672744672162237717,https://www.tiktok.com/@potato105xx/video/7672744672162237717
7673523227590708500,https://www.tiktok.com/@otegov/video/7673523227590708500
7615260951813623048,https://www.tiktok.com/@wokeydu/video/7615260951813623048
7654974248057834760,https://www.tiktok.com/@glebaastan/video/7654974248057834760
7677576145365142804,https://www.tiktok.com/@saxnxon/video/7677576145365142804
7687375789494521110,https://www.tiktok.com/@tinage_/video/7687375789494521110
7670880617193540885,https://www.tiktok.com/@withvalss/video/7670880617193540885
7651229004590075157,https://www.tiktok.com/@musicland.kids_minsk/video/7651229004590075157
7660997043875351826,https://www.tiktok.com/@mmmm_1818/video/7660997043875351826
7640936992317934879,https://www.tiktok.com/@theatre_triptih/video/7640936992317934879
7663094784612961554,https://www.tiktok.com/@fes.family/video/7663094784612961554
7647906991116946696,https://www.tiktok.com/@kori_wunderwafl/video/7647906991116946696
7665077192346438933,https://www.tiktok.com/@lishechkali/video/7665077192346438933
7665609233022405909,https://www.tiktok.com/@evgenikia/video/7665609233022405909
7679345305493474593,https://www.tiktok.com/@endrume/video/7679345305493474593
7682441320299908359,https://www.tiktok.com/@amina.taskimbaeva/video/7682441320299908359
7660977456559525128,https://www.tiktok.com/@nerabeeva2/video/7660977456559525128
7669824844741037334,https://www.tiktok.com/@govorittvera/video/7669824844741037334
7673269265885089057,https://www.tiktok.com/@sanyapokatrezv/video/7673269265885089057
7644163334337596705,https://www.tiktok.com/@voro_onin/video/7644163334337596705
7677974842091605281,https://www.tiktok.com/@sanyapokatrezv/video/7677974842091605281
7673447665237036296,https://www.tiktok.com/@luizchez/video/7673447665237036296
7652101160073006352,https://www.tiktok.com/@musicland.kids_minsk/video/7652101160073006352
7582906223842970888,https://www.tiktok.com/@llrainynightll/video/7582906223842970888
7641164876894719250,https://www.tiktok.com/@suzyllvy/video/7641164876894719250
7662312274610195732,https://www.tiktok.com/@nnasofita/video/7662312274610195732
7595622677998521607,https://www.tiktok.com/@uchebnikaktrisi/video/7595622677998521607
7681701689061018912,https://www.tiktok.com/@bog.dari29/video/7681701689061018912
7686184900701048085,https://www.tiktok.com/@mityacheblakov/video/7686184900701048085
7677635724643978529,https://www.tiktok.com/@sanyapokatrezv/video/7677635724643978529
7659387995975339285,https://www.tiktok.com/@chokayon/video/7659387995975339285
7650375739501579533,https://www.tiktok.com/@ulyannixxs/video/7650375739501579533
7684269904106654994,https://www.tiktok.com/@bul.anya/video/7684269904106654994
7663185829640031491,https://www.tiktok.com/@govorittvera/video/7663185829640031491
7604129055046208775,https://www.tiktok.com/@vviktoriabelova1/video/7604129055046208775
7663828923112869140,https://www.tiktok.com/@fufushko/video/7663828923112869140
7671286549186743559,https://www.tiktok.com/@bibixes/video/7671286549186743559
7663791851819846919,https://www.tiktok.com/@bulavka.aw/video/7663791851819846919
7670621354185592082,https://www.tiktok.com/@katungargona/video/7670621354185592082
7589054699358260502,https://www.tiktok.com/@zhizhinapol/video/7589054699358260502
7655622583559277845,https://www.tiktok.com/@tatarstan_da/video/7655622583559277845
7633398959204994325,https://www.tiktok.com/@wowvikas/video/7633398959204994325
7689069240875273492,https://www.tiktok.com/@istoria_s_0/video/7689069240875273492
7681290026151349525,https://www.tiktok.com/@arayazemkhan_/video/7681290026151349525
7661632470462319893,https://www.tiktok.com/@yevaenglish.0/video/7661632470462319893
7674549554145938708,https://www.tiktok.com/@valeriyaengels/video/7674549554145938708
7666418845850357000,https://www.tiktok.com/@mgok61m/video/7666418845850357000
7665055390459120918,https://www.tiktok.com/@pbeef4/video/7665055390459120918
7660070903069412616,https://www.tiktok.com/@knopkavtapkax/video/7660070903069412616
7677938119504563464,https://www.tiktok.com/@karrrewty0/video/7677938119504563464
7657500556923112737,https://www.tiktok.com/@mpgu_media/video/7657500556923112737
7664945513334050055,https://www.tiktok.com/@vishnevskkaya/video/7664945513334050055
7673797062177131783,https://www.tiktok.com/@knopkavtapkax/video/7673797062177131783
7665690924898405653,https://www.tiktok.com/@synergy.university/video/7665690924898405653
7662335715425930517,https://www.tiktok.com/@komanda.atf/video/7662335715425930517
7658977360724692256,https://www.tiktok.com/@pam_kubsau/video/7658977360724692256
7670131959783230727,https://www.tiktok.com/@priem_mgik/video/7670131959783230727
7659415738167479572,https://www.tiktok.com/@rdjeez/video/7659415738167479572
7651902265258724626,https://www.tiktok.com/@leninogpk/video/7651902265258724626
7660109624342777121,https://www.tiktok.com/@pbeef4/video/7660109624342777121
7673545463940893973,https://www.tiktok.com/@krylach_bstu/video/7673545463940893973
7657541601882836256,https://www.tiktok.com/@elkollege_prof/video/7657541601882836256
7647442809393351956,https://www.tiktok.com/@grsu_grodno/video/7647442809393351956
7605694305721666834,https://www.tiktok.com/@alsumnyv/video/7605694305721666834
7665294163465882893,https://www.tiktok.com/@stde.spbgut/video/7665294163465882893
7670092433765469448,https://www.tiktok.com/@murrriq/video/7670092433765469448
7658368876031380750,https://www.tiktok.com/@stde.spbgut/video/7658368876031380750
7668342462804397333,https://www.tiktok.com/@vivtvrn/video/7668342462804397333
7674187963428949268,https://www.tiktok.com/@rsukosygin/video/7674187963428949268
7664691665646701845,https://www.tiktok.com/@abitgup/video/7664691665646701845
7656908495782006036,https://www.tiktok.com/@i.m_kristi_/video/7656908495782006036
7658631400291142932,https://www.tiktok.com/@enr_sv/video/7658631400291142932
7671583055777238292,https://www.tiktok.com/@dmvl.r/video/7671583055777238292
7667545157876714765,https://www.tiktok.com/@lika_shmidt/video/7667545157876714765
7672358656268193057,https://www.tiktok.com/@griboedova.uni/video/7672358656268193057
7664572516056255764,https://www.tiktok.com/@komanda.atf/video/7664572516056255764
7663098917009083668,https://www.tiktok.com/@dariiweqss/video/7663098917009083668
7669842273294683400,https://www.tiktok.com/@lllubovvvvvv/video/7669842273294683400
7663210696351550740,https://www.tiktok.com/@tr1ckkqy/video/7663210696351550740
7676530718306094343,https://www.tiktok.com/@anaestesssia/video/7676530718306094343
7676471859562433799,https://www.tiktok.com/@vishnevskkaya/video/7676471859562433799
7663172140761500961,https://www.tiktok.com/@riversa/video/7663172140761500961
7632770275905441032,https://www.tiktok.com/@amina.taskimbaeva/video/7632770275905441032
7676407407450410247,https://www.tiktok.com/@ksuniabon/video/7676407407450410247
7659348729824038165,https://www.tiktok.com/@psuby/video/7659348729824038165
7671336416831393045,https://www.tiktok.com/@raniya_royal/video/7671336416831393045
7647859872138071314,https://www.tiktok.com/@priem_mgik/video/7647859872138071314
7663444448088722706,https://www.tiktok.com/@alskaz/video/7663444448088722706
7647773442816740641,https://www.tiktok.com/@kseniya_vuzline/video/7647773442816740641
7677186684424932641,https://www.tiktok.com/@nastasoff/video/7677186684424932641
7681259968397348129,https://www.tiktok.com/@nastasoff/video/7681259968397348129
7679802882715110689,https://www.tiktok.com/@nastasoff/video/7679802882715110689
7678865487391919392,https://www.tiktok.com/@nastasoff/video/7678865487391919392
7670907138881047826,https://www.tiktok.com/@teenage_like/video/7670907138881047826
7670994666363292959,https://www.tiktok.com/@we1nyash/video/7670994666363292959
7672964917376453895,https://www.tiktok.com/@kar.kar.karo/video/7672964917376453895
7665410591615503624,https://www.tiktok.com/@narka7505/video/7665410591615503624
7666037519300955412,https://www.tiktok.com/@pervyj_lesnoi_official_/video/7666037519300955412
7663828525757123860,https://www.tiktok.com/@bstu.by.official/video/7663828525757123860
7673056811909385490,https://www.tiktok.com/@senoskov/video/7673056811909385490
7661589925661396232,https://www.tiktok.com/@nust_misis/video/7661589925661396232
7677963742688202017,https://www.tiktok.com/@colledgerssu/video/7677963742688202017
7640340275293998344,https://www.tiktok.com/@fep.barsu/video/7640340275293998344
7661888737193889044,https://www.tiktok.com/@myauca_official/video/7661888737193889044
7677204722935270689,https://www.tiktok.com/@arctikad/video/7677204722935270689
7676812484342336800,https://www.tiktok.com/@arctikad/video/7676812484342336800
7651638100128435476,https://www.tiktok.com/@icis_mephi/video/7651638100128435476
7671305267476204832,https://www.tiktok.com/@pocikoj/video/7671305267476204832
7669929362132618516,https://www.tiktok.com/@aby_blondinka/video/7669929362132618516
7667487221791968532,https://www.tiktok.com/@docella_del_sol/video/7667487221791968532
7588490452488293654,https://www.tiktok.com/@ovikusyaa/video/7588490452488293654
7671973694780050695,https://www.tiktok.com/@diqsew/video/7671973694780050695
7677860965852925191,https://www.tiktok.com/@linnpipisya/video/7677860965852925191
7680089315011038472,https://www.tiktok.com/@iulianeyaa/video/7680089315011038472
7575073361215147286,https://www.tiktok.com/@ovikusyaa/video/7575073361215147286
7556548386829208865,https://www.tiktok.com/@provodnik_abiturenta/video/7556548386829208865
7579657746501487894,https://www.tiktok.com/@metr0fana/video/7579657746501487894
7689473883799358738,https://www.tiktok.com/@lemingmar/video/7689473883799358738
7590395393276497159,https://www.tiktok.com/@marinazharikovaa/video/7590395393276497159
7636670294177991968,https://www.tiktok.com/@makarlistkov/video/7636670294177991968
7651609112022617377,https://www.tiktok.com/@as_isssssss/video/7651609112022617377
7569371614652026119,https://www.tiktok.com/@mersannas/video/7569371614652026119
7677593073207004448,https://www.tiktok.com/@sanyapokatrezv/video/7677593073207004448
7682461729623772438,https://www.tiktok.com/@ggriglife/video/7682461729623772438
7670148581227023636,https://www.tiktok.com/@eva.kep/video/7670148581227023636
7646732533773749525,https://www.tiktok.com/@lizzwrug/video/7646732533773749525
7673834544474230024,https://www.tiktok.com/@lunaaaquynh/video/7673834544474230024
7679798928824454431,https://www.tiktok.com/@annssiiaa/video/7679798928824454431
7651620860415069458,https://www.tiktok.com/@molnia_union/video/7651620860415069458
7683498069765197074,https://www.tiktok.com/@_makyssss_/video/7683498069765197074
7680565950738861332,https://www.tiktok.com/@xarlavelka/video/7680565950738861332
7667121957971823904,https://www.tiktok.com/@sanyapokatrezv/video/7667121957971823904
7657949241683299617,https://www.tiktok.com/@rimes_o/video/7657949241683299617
7668289579048258846,https://www.tiktok.com/@oliksandrovna/video/7668289579048258846
7679070011096452353,https://www.tiktok.com/@vaviillova/video/7679070011096452353
7637433797323033878,https://www.tiktok.com/@mark_lamark/video/7637433797323033878
7688391184187804950,https://www.tiktok.com/@currenttime.tv/video/7688391184187804950
7679866849424755976,https://www.tiktok.com/@annturka/video/7679866849424755976
7664302361942215969,https://www.tiktok.com/@kinskymariaa/video/7664302361942215969
7671564172693638420,https://www.tiktok.com/@angelishka_malyshka/video/7671564172693638420
7642621963382426900,https://www.tiktok.com/@rgaumsha/video/7642621963382426900
7638908545651559700,https://www.tiktok.com/@synergy.university/video/7638908545651559700
7677863406702972192,https://www.tiktok.com/@griboedova.uni/video/7677863406702972192
7651989965101993223,https://www.tiktok.com/@itmoru/video/7651989965101993223
7654835701577469202,https://www.tiktok.com/@teplo_study/video/7654835701577469202
7609790812959919393,https://www.tiktok.com/@selectedfabless/video/7609790812959919393
7673154683740998933,https://www.tiktok.com/@k_o_v_s_h_ii_k/video/7673154683740998933
7671235845512383751,https://www.tiktok.com/@mc.mmf/video/7671235845512383751
7682010051112111378,https://www.tiktok.com/@re.vka/video/7682010051112111378
7659781452443225365,https://www.tiktok.com/@studsovetbstu/video/7659781452443225365
7639475884935728404,https://www.tiktok.com/@da.shytkaa/video/7639475884935728404
7671193311675256084,https://www.tiktok.com/@_dashhh7_/video/7671193311675256084
7664874118176656662,https://www.tiktok.com/@institute5_mai/video/7664874118176656662
7666552572542586120,https://www.tiktok.com/@m_e_rry_m/video/7666552572542586120
7684600434811555079,https://www.tiktok.com/@.riechka/video/7684600434811555079
7684279232884690196,https://www.tiktok.com/@polyashkaaasw/video/7684279232884690196
7690944261100965141,https://www.tiktok.com/@alikissses/video/7690944261100965141
7641892608771509512,https://www.tiktok.com/@nessansnews/video/7641892608771509512
7653404806438030624,https://www.tiktok.com/@pure_luster/video/7653404806438030624
7676857905836018976,https://www.tiktok.com/@iriskiswag/video/7676857905836018976
7658369986989133089,https://www.tiktok.com/@partia50/video/7658369986989133089
7653090418585799944,https://www.tiktok.com/@_eveliiina_/video/7653090418585799944
7634433537344605470,https://www.tiktok.com/@tusy_2025/video/7634433537344605470
7640618212303867158,https://www.tiktok.com/@diannastnn/video/7640618212303867158
7686057333633322256,https://www.tiktok.com/@gmmtvofficial/video/7686057333633322256
7690309538905410836,https://www.tiktok.com/@taes.tax/video/7690309538905410836
7606751219431804181,https://www.tiktok.com/@spokebob0/video/7606751219431804181
7687153897105919262,https://www.tiktok.com/@billboard/video/7687153897105919262
7656410493242035476,https://www.tiktok.com/@dasmshk/video/7656410493242035476
7691607395583266069,https://www.tiktok.com/@pesless_/video/7691607395583266069
7691621217496960277,https://www.tiktok.com/@pesless_/video/7691621217496960277
7685753496213261590,https://www.tiktok.com/@sho0t39/video/7685753496213261590
7691019319177858307,https://www.tiktok.com/@light_from_essassani/video/7691019319177858307
7682800924431093000,https://www.tiktok.com/@trend.lenta/video/7682800924431093000
7657715501413485837,https://www.tiktok.com/@shikkass/video/7657715501413485837
7671285621352123656,https://www.tiktok.com/@ilim.qaz/video/7671285621352123656
7618658942771612948,https://www.tiktok.com/@katanyabocilkematian/video/7618658942771612948
7678667537185393952,https://www.tiktok.com/@streetshop66/video/7678667537185393952
7618615406349143316,https://www.tiktok.com/@yogamudana/video/7618615406349143316
7618197183896063252,https://www.tiktok.com/@budalrek/video/7618197183896063252
7690720437042531615,https://www.tiktok.com/@princessevann/video/7690720437042531615
7690790625846791444,https://www.tiktok.com/@missgrandinternational/video/7690790625846791444
7608758195347066133,https://www.tiktok.com/@figure_skating.love2/video/7608758195347066133
7609412876264131848,https://www.tiktok.com/@evelina_goncharova07/video/7609412876264131848
7608704218471337234,https://www.tiktok.com/@arina.fss/video/7608704218471337234
7687253659876347158,https://www.tiktok.com/@7x7_horizontal_russia/video/7687253659876347158
7689971917775752455,https://www.tiktok.com/@candresperedo/video/7689971917775752455
7689142026130033927,https://www.tiktok.com/@celinedion/video/7689142026130033927
7655765469382675728,https://www.tiktok.com/@valerikuz0/video/7655765469382675728
7613080947264720150,https://www.tiktok.com/@lustigxe/video/7613080947264720150
7650136514717912340,https://www.tiktok.com/@holliklinn/video/7650136514717912340
7653774248548355350,https://www.tiktok.com/@lisa_demonica/video/7653774248548355350
7636093064091634964,https://www.tiktok.com/@nik_o_rus/video/7636093064091634964
7632265051575028999,https://www.tiktok.com/@ffroll_radiance_/video/7632265051575028999
7647123011627257109,https://www.tiktok.com/@kedrovaalyona/video/7647123011627257109
7645438953486568724,https://www.tiktok.com/@studywitharuzhan/video/7645438953486568724
7591603642965167380,https://www.tiktok.com/@bbabydin/video/7591603642965167380
7623142382959086868,https://www.tiktok.com/@evkamnl/video/7623142382959086868
7595557831009406215,https://www.tiktok.com/@milaok09/video/7595557831009406215
7641645609472101664,https://www.tiktok.com/@korolenoklers1x/video/7641645609472101664
7608520634196512021,https://www.tiktok.com/@milanka.khametovaa/video/7608520634196512021
7656048207394245895,https://www.tiktok.com/@aanextt/video/7656048207394245895
7656149332671859986,https://www.tiktok.com/@mila_zyk/video/7656149332671859986
7654950100124454162,https://www.tiktok.com/@lina14191/video/7654950100124454162
7649406555594525966,https://www.tiktok.com/@katerxdigrr/video/7649406555594525966
7652689937250209044,https://www.tiktok.com/@falders22/video/7652689937250209044
7650846121475984672,https://www.tiktok.com/@darinaa844/video/7650846121475984672
7673805297714072853,https://www.tiktok.com/@patyeij/video/7673805297714072853
7690891975049891092,https://www.tiktok.com/@armenian_family_/video/7690891975049891092
7687697955930901773,https://www.tiktok.com/@ytiputin/video/7687697955930901773
7556468027974274326,https://www.tiktok.com/@apollxria/video/7556468027974274326
7649474833754885396,https://www.tiktok.com/@hamargarita/video/7649474833754885396
7689475919202798881,https://www.tiktok.com/@timofeykan/video/7689475919202798881
7683524727444393246,https://www.tiktok.com/@zeleniybegemotikk/video/7683524727444393246
7682163107992571143,https://www.tiktok.com/@olyadelrey/video/7682163107992571143
7571951448154524950,https://www.tiktok.com/@secretnaya777/video/7571951448154524950
7681732887799991560,https://www.tiktok.com/@chert1nok/video/7681732887799991560
7691063110500617493,https://www.tiktok.com/@electrumdens/video/7691063110500617493
7656899887430159624,https://www.tiktok.com/@vsb_2023/video/7656899887430159624
7674937178404687124,https://www.tiktok.com/@lilvgs/video/7674937178404687124
7691711959439363346,https://www.tiktok.com/@infomoscow24/video/7691711959439363346
7691740440042704150,https://www.tiktok.com/@tula_shum/video/7691740440042704150
7683137440709692694,https://www.tiktok.com/@mealprep_cis/video/7683137440709692694
7684583811765521686,https://www.tiktok.com/@mealprep_cis/video/7684583811765521686
7617143309311462657,https://www.tiktok.com/@swwiqp/video/7617143309311462657
7650647134630448392,https://www.tiktok.com/@boss_history22/video/7650647134630448392
7587858427553074450,https://www.tiktok.com/@polia90miay/video/7587858427553074450
7625576919979019540,https://www.tiktok.com/@vilmull/video/7625576919979019540
7565806499700706568,https://www.tiktok.com/@user8366136824181/video/7565806499700706568
7644612424397491474,https://www.tiktok.com/@depsik67/video/7644612424397491474
7584777741703269652,https://www.tiktok.com/@babachay24/video/7584777741703269652
7619015917032328480,https://www.tiktok.com/@kirt20i1/video/7619015917032328480
7597060951896100108,https://www.tiktok.com/@milaaaanch111/video/7597060951896100108
7580310810350750983,https://www.tiktok.com/@dinka_kabinka/video/7580310810350750983
7571508689891380498,https://www.tiktok.com/@repetitor_oge_na_5/video/7571508689891380498
7614199528559873310,https://www.tiktok.com/@chopinspree28/video/7614199528559873310
7682876880621407510,https://www.tiktok.com/@hughaliaa/video/7682876880621407510
7686518740195872021,https://www.tiktok.com/@tori_olk/video/7686518740195872021
7560263537679944973,https://www.tiktok.com/@lorenwdqldc/video/7560263537679944973
7644602255609515285,https://www.tiktok.com/@mariyaomg__/video/7644602255609515285
7660830099016617237,https://www.tiktok.com/@alissexpi/video/7660830099016617237
7686903626433940756,https://www.tiktok.com/@ylashkt9/video/7686903626433940756
7677898621538389281,https://www.tiktok.com/@lerabulgary6/video/7677898621538389281
7691035638967061790,https://www.tiktok.com/@vildesstt/video/7691035638967061790
7644884044055858439,https://www.tiktok.com/@botashymmen/video/7644884044055858439
7684963684002680082,https://www.tiktok.com/@abdlrahmann_/video/7684963684002680082
7680475389453454612,https://www.tiktok.com/@verkckckc/video/7680475389453454612
7656492023867837714,https://www.tiktok.com/@lisaalisa7621/video/7656492023867837714
7657211876492758292,https://www.tiktok.com/@yanchikk52/video/7657211876492758292
7658218676167904532,https://www.tiktok.com/@te.samye4/video/7658218676167904532
7644699015082265864,https://www.tiktok.com/@mina_reiw/video/7644699015082265864
7650840868592569618,https://www.tiktok.com/@mor_tes/video/7650840868592569618
7658910211524070677,https://www.tiktok.com/@mirekini/video/7658910211524070677
7648392974660799764,https://www.tiktok.com/@vasilii.2009/video/7648392974660799764
7644846124527914261,https://www.tiktok.com/@lyceum.97/video/7644846124527914261
7647642657950420244,https://www.tiktok.com/@_tkdwwhq_/video/7647642657950420244
7645749925275372807,https://www.tiktok.com/@nikka.kkk/video/7645749925275372807
7650798360575855873,https://www.tiktok.com/@sttasxwiz/video/7650798360575855873
7641128121546149140,https://www.tiktok.com/@_.nailah._/video/7641128121546149140
7645569484627021077,https://www.tiktok.com/@mostova_sunrise/video/7645569484627021077
7658939092775816469,https://www.tiktok.com/@arubmx/video/7658939092775816469
7647642783393516821,https://www.tiktok.com/@babych_nastyy/video/7647642783393516821
7648624475554041095,https://www.tiktok.com/@ssoffierra/video/7648624475554041095
7650812249895898375,https://www.tiktok.com/@aliaswggz/video/7650812249895898375
7652322979858222354,https://www.tiktok.com/@user506615671333/video/7652322979858222354
7651302107575848199,https://www.tiktok.com/@soff.wxs484/video/7651302107575848199
7643855035931118856,https://www.tiktok.com/@v_kononovaa/video/7643855035931118856
7643996869378592007,https://www.tiktok.com/@annaantonova168/video/7643996869378592007
7683475263975443730,https://www.tiktok.com/@9b723/video/7683475263975443730
7657132078026312968,https://www.tiktok.com/@lyba972/video/7657132078026312968
7654193190328847623,https://www.tiktok.com/@pushkarewaa/video/7654193190328847623
7653451223152151828,https://www.tiktok.com/@_.v.oloshka._/video/7653451223152151828
7644522653285469441,https://www.tiktok.com/@1ambbalto/video/7644522653285469441
7656017020944829703,https://www.tiktok.com/@rakhim.aru/video/7656017020944829703
7645255900449705236,https://www.tiktok.com/@mak_szzs/video/7645255900449705236
7643848929490062599,https://www.tiktok.com/@nurbolovna.n_/video/7643848929490062599
7630135782543478023,https://www.tiktok.com/@ayaukaes/video/7630135782543478023
7645629067970088212,https://www.tiktok.com/@annya_dobby/video/7645629067970088212
7680952952743415062,https://www.tiktok.com/@nikaaa.murga/video/7680952952743415062
7655807973184261384,https://www.tiktok.com/@violwqss/video/7655807973184261384
7645738716018789639,https://www.tiktok.com/@aliwxkss/video/7645738716018789639
7645244541498314004,https://www.tiktok.com/@_innakushnir_1/video/7645244541498314004
7651282049306807573,https://www.tiktok.com/@darrr.iiiia/video/7651282049306807573
7684390644537675029,https://www.tiktok.com/@golden.kari/video/7684390644537675029
7642253501526969608,https://www.tiktok.com/@poliinkinn/video/7642253501526969608
7641530137736957192,https://www.tiktok.com/@friiinkty/video/7641530137736957192
7652067301964975368,https://www.tiktok.com/@_bantos.izbranny_/video/7652067301964975368
7621623416826924290,https://www.tiktok.com/@moonlace.brand/video/7621623416826924290
7644586498612022548,https://www.tiktok.com/@ntex.x/video/7644586498612022548
7658241259248553224,https://www.tiktok.com/@_user6882/video/7658241259248553224
7651580457129118983,https://www.tiktok.com/@adilbekkyzyy_aa/video/7651580457129118983
7558867191270034710,https://www.tiktok.com/@9aschool_58/video/7558867191270034710
7584047661615959307,https://www.tiktok.com/@trend.lenta/video/7584047661615959307
7685313015771663623,https://www.tiktok.com/@kkalitenko/video/7685313015771663623
7642324569499602197,https://www.tiktok.com/@the_9v_diary/video/7642324569499602197
7648190260387613972,https://www.tiktok.com/@k1rys1k/video/7648190260387613972
7633065088106155295,https://www.tiktok.com/@brandisue_420/video/7633065088106155295
7643401330354179336,https://www.tiktok.com/@maryy_99_/video/7643401330354179336
7673566856388644117,https://www.tiktok.com/@dali.photo.video/video/7673566856388644117
7643813107390745863,https://www.tiktok.com/@kochka934/video/7643813107390745863
7583759117349571872,https://www.tiktok.com/@dreamxr01/video/7583759117349571872
7630446122464496917,https://www.tiktok.com/@capcut_tmplt3/video/7630446122464496917
7668588578510900487,https://www.tiktok.com/@_m.chernetskaya._/video/7668588578510900487
7623563237434395934,https://www.tiktok.com/@jpiggybanks/video/7623563237434395934
7631357355153771807,https://www.tiktok.com/@ar.editsx/video/7631357355153771807
7610132489746615574,https://www.tiktok.com/@evelin.kg1/video/7610132489746615574
7644329666014219534,https://www.tiktok.com/@fwjimboo/video/7644329666014219534
7683112892022951189,https://www.tiktok.com/@classsjdbxxb/video/7683112892022951189
7599746161712418055,https://www.tiktok.com/@dikzzii_lll/video/7599746161712418055
7638083323650166036,https://www.tiktok.com/@tanynya.s/video/7638083323650166036
7683086174843407624,https://www.tiktok.com/@dasha_x_karina/video/7683086174843407624
7686405306062064903,https://www.tiktok.com/@anastasia.gubenya777/video/7686405306062064903
7688353143482010887,https://www.tiktok.com/@s_sergiivna13/video/7688353143482010887
7680534520692608274,https://www.tiktok.com/@11class_lyceumm/video/7680534520692608274
7683138376458964232,https://www.tiktok.com/@trend.lenta/video/7683138376458964232
7677126007337274642,https://www.tiktok.com/@avwlsa/video/7677126007337274642
7680869437536226580,https://www.tiktok.com/@olssmings/video/7680869437536226580
7596207609133206797,https://www.tiktok.com/@.inspobybells/video/7596207609133206797
7628519719745768725,https://www.tiktok.com/@seniors_ats/video/7628519719745768725
7683478349125127444,https://www.tiktok.com/@viskiviksi/video/7683478349125127444
7689774792219577606,https://www.tiktok.com/@betion_al86/video/7689774792219577606
7686023269404839186,https://www.tiktok.com/@vupysknik_com_ua/video/7686023269404839186
7653578420428819719,https://www.tiktok.com/@k.kapet/video/7653578420428819719
7680465448852524306,https://www.tiktok.com/@trend.lenta/video/7680465448852524306
7644678360014048533,https://www.tiktok.com/@ana.y.luchi/video/7644678360014048533
7679770230305885457,https://www.tiktok.com/@jawa1l/video/7679770230305885457
7623248567527918878,https://www.tiktok.com/@gossipgirlies22/video/7623248567527918878
7670890761054981384,https://www.tiktok.com/@vupysknik_com_ua/video/7670890761054981384
7642204645816847648,https://www.tiktok.com/@maserar1mi/video/7642204645816847648
7681427667979095316,https://www.tiktok.com/@qazaq_lenta/video/7681427667979095316
7690243601275604232,https://www.tiktok.com/@lenta_print_ua_/video/7690243601275604232
7683100708375252232,https://www.tiktok.com/@trend.lenta/video/7683100708375252232
7669886439420595477,https://www.tiktok.com/@ackxxxx/video/7669886439420595477
7663973434426281246,https://www.tiktok.com/@diaryofthisteenagegrl/video/7663973434426281246
7680791952601664798,https://www.tiktok.com/@vikanoda/video/7680791952601664798
7677329860796206356,https://www.tiktok.com/@postmind.albums/video/7677329860796206356
7685027117809159437,https://www.tiktok.com/@girligirl_boutique/video/7685027117809159437
7685429361062743314,https://www.tiktok.com/@trend.lenta/video/7685429361062743314
7677546322072849672,https://www.tiktok.com/@temychhh_/video/7677546322072849672
7685125606207393032,https://www.tiktok.com/@qazaq_lenta/video/7685125606207393032
7645983532887674130,https://www.tiktok.com/@forever142_/video/7645983532887674130
7680454141839150344,https://www.tiktok.com/@yurika_11_06_0/video/7680454141839150344
7682013270806514964,https://www.tiktok.com/@lenta_meos_/video/7682013270806514964
7682378269135473927,https://www.tiktok.com/@vupysknik_com_ua/video/7682378269135473927
7683189715297668370,https://www.tiktok.com/@trend.lenta/video/7683189715297668370
7684315188882918657,https://www.tiktok.com/@brand_lenta.kz/video/7684315188882918657
7683489751722118418,https://www.tiktok.com/@trend.lenta/video/7683489751722118418
7685051860121586962,https://www.tiktok.com/@qazaq_lenta/video/7685051860121586962
7668749418706783510,https://www.tiktok.com/@carolinebramleydresses/video/7668749418706783510
7685072579274542343,https://www.tiktok.com/@qazaq_lenta/video/7685072579274542343
7663763307974675732,https://www.tiktok.com/@darakye/video/7663763307974675732
7685019963777649928,https://www.tiktok.com/@qazaq_lenta/video/7685019963777649928
7655424911434976532,https://www.tiktok.com/@xgiu145/video/7655424911434976532
7633066487598566674,https://www.tiktok.com/@winasste/video/7633066487598566674
7682672091065355527,https://www.tiktok.com/@trend.lenta/video/7682672091065355527
7685078563413839111,https://www.tiktok.com/@qazaq_lenta/video/7685078563413839111
7674531898835619094,https://www.tiktok.com/@aminessa_a/video/7674531898835619094
7680809432808181010,https://www.tiktok.com/@trend.lenta/video/7680809432808181010
7677878111043734805,https://www.tiktok.com/@ariishsha/video/7677878111043734805
7646139017674673416,https://www.tiktok.com/@n.ikksaa/video/7646139017674673416
7681178864193785095,https://www.tiktok.com/@trend.lenta/video/7681178864193785095
7681385591807757589,https://www.tiktok.com/@.promolosbeibis_2/video/7681385591807757589
7680163584973950228,https://www.tiktok.com/@lipkovska_26/video/7680163584973950228
7680252386757168391,https://www.tiktok.com/@trend.lenta/video/7680252386757168391
7679873528094641415,https://www.tiktok.com/@trend.lenta/video/7679873528094641415
7682538938505989383,https://www.tiktok.com/@yksplayerboss/video/7682538938505989383
7658685601109085460,https://www.tiktok.com/@jk.l302/video/7658685601109085460
7684243085852822802,https://www.tiktok.com/@trend.lenta/video/7684243085852822802
7682698314394963207,https://www.tiktok.com/@trend.lenta/video/7682698314394963207
7674962867526864136,https://www.tiktok.com/@vupysknik_com_ua/video/7674962867526864136
7683317384135904542,https://www.tiktok.com/@111delilah/video/7683317384135904542
7685709144959077648,https://www.tiktok.com/@brand_lenta.kz/video/7685709144959077648
7685120096573951239,https://www.tiktok.com/@vupysknik_com_ua/video/7685120096573951239
7690017721278418194,https://www.tiktok.com/@6tob.com0/video/7690017721278418194
7654949851561463073,https://www.tiktok.com/@louanntravels/video/7654949851561463073
7685944797827288340,https://www.tiktok.com/@etalkctv/video/7685944797827288340
7686447051067886870,https://www.tiktok.com/@los40spain/video/7686447051067886870
7680967544462707988,https://www.tiktok.com/@loveryuuuu_/video/7680967544462707988
7634942824227622165,https://www.tiktok.com/@schoolzel_krimea/video/7634942824227622165
7660529238319172872,https://www.tiktok.com/@_mmillanchik/video/7660529238319172872
7604190370947173653,https://www.tiktok.com/@symbatssaa/video/7604190370947173653
7688291074510572817,https://www.tiktok.com/@eyeplusnews/video/7688291074510572817
7645996441227349269,https://www.tiktok.com/@aalishyyy/video/7645996441227349269
7612939318914501909,https://www.tiktok.com/@khutso_black/video/7612939318914501909
7642175419298368781,https://www.tiktok.com/@3hedits/video/7642175419298368781
7650781753103109397,https://www.tiktok.com/@seijohscaptain/video/7650781753103109397
7610008539322535186,https://www.tiktok.com/@1evushka/video/7610008539322535186
7657433024711167245,https://www.tiktok.com/@arinochka0174/video/7657433024711167245
7651043571579047182,https://www.tiktok.com/@najabiii/video/7651043571579047182
7645306907556678920,https://www.tiktok.com/@laiin_/video/7645306907556678920
7643762164989168916,https://www.tiktok.com/@lazer_dima11/video/7643762164989168916
7691715178743794966,https://www.tiktok.com/@relaispopulaire/video/7691715178743794966
7644140032814632210,https://www.tiktok.com/@varya18082010/video/7644140032814632210
7656327450200182036,https://www.tiktok.com/@yuliya_7894/video/7656327450200182036
7604889742295026951,https://www.tiktok.com/@prom_11b_2026/video/7604889742295026951
7656533253767056658,https://www.tiktok.com/@dmitrievofficial/video/7656533253767056658
7656212797604269333,https://www.tiktok.com/@maks_20.5/video/7656212797604269333
7653554871454452999,https://www.tiktok.com/@evgeniya_smovzh/video/7653554871454452999
7687384099148860703,https://www.tiktok.com/@ranovskia/video/7687384099148860703
7639734974865771806,https://www.tiktok.com/@silvia.j.rojas/video/7639734974865771806
7678356288279121172,https://www.tiktok.com/@grado.11b26/video/7678356288279121172
7678000847925562644,https://www.tiktok.com/@lesole_64/video/7678000847925562644
7688421742112410901,https://www.tiktok.com/@dayva.vmc/video/7688421742112410901
7686995507935317256,https://www.tiktok.com/@promo.26_nsdc/video/7686995507935317256
7645196293123427598,https://www.tiktok.com/@lalovargas89/video/7645196293123427598
7652188266938092831,https://www.tiktok.com/@jadebodz/video/7652188266938092831
7682356035079638302,https://www.tiktok.com/@quadloopexpresss/video/7682356035079638302
7652048340925926687,https://www.tiktok.com/@unioncollege/video/7652048340925926687
7583894491946290446,https://www.tiktok.com/@secretphw/video/7583894491946290446
7636973427911298311,https://www.tiktok.com/@ms._hiraya/video/7636973427911298311
7642810052612508941,https://www.tiktok.com/@thetrainthomas/video/7642810052612508941
7691823032431578386,https://www.tiktok.com/@detikcom/video/7691823032431578386
7691260041227275521,https://www.tiktok.com/@theanh28.showbiz/video/7691260041227275521
7690245176136076562,https://www.tiktok.com/@luqmanpervez/video/7690245176136076562
7691730619490897204,https://www.tiktok.com/@sbssportau/video/7691730619490897204
7657109632091098389,https://www.tiktok.com/@9class.09/video/7657109632091098389
7682331542764473618,https://www.tiktok.com/@natbrkt/video/7682331542764473618
7689026240094735617,https://www.tiktok.com/@usertthaem/video/7689026240094735617
7627234074385501458,https://www.tiktok.com/@11c_2026__/video/7627234074385501458
7678412850829724950,https://www.tiktok.com/@lelele32_/video/7678412850829724950
7679561374686711060,https://www.tiktok.com/@victriya/video/7679561374686711060
7681595667214814482,https://www.tiktok.com/@notborisova/video/7681595667214814482
7607730377674722568,https://www.tiktok.com/@gelechk_aaaa/video/7607730377674722568
7643884663894887700,https://www.tiktok.com/@miss.tanchikk/video/7643884663894887700
7642626801877110024,https://www.tiktok.com/@alinochkaaa1/video/7642626801877110024
7641942902893088021,https://www.tiktok.com/@salimeobva6/video/7641942902893088021
7679715281224076565,https://www.tiktok.com/@tipanatusya/video/7679715281224076565
7642993599797349640,https://www.tiktok.com/@itz_slown/video/7642993599797349640
7683481546120006930,https://www.tiktok.com/@ursofunnylollol/video/7683481546120006930
7689156127556390162,https://www.tiktok.com/@vupysknik_com_ua/video/7689156127556390162
7680841387625041172,https://www.tiktok.com/@viktoriaaa_29/video/7680841387625041172
7645586428080049416,https://www.tiktok.com/@mi28867/video/7645586428080049416
7686169222468209941,https://www.tiktok.com/@__9gradeeee__/video/7686169222468209941
7684623977087520021,https://www.tiktok.com/@jis.seniorsss/video/7684623977087520021
7642704412498087181,https://www.tiktok.com/@fvk67980/video/7642704412498087181
7680573621831552276,https://www.tiktok.com/@11th.story/video/7680573621831552276
7684546516102499604,https://www.tiktok.com/@tawjihi20277/video/7684546516102499604
7678800725924695314,https://www.tiktok.com/@vikkixqqi/video/7678800725924695314
7640869184515132694,https://www.tiktok.com/@musatova_l/video/7640869184515132694
7635701255339281671,https://www.tiktok.com/@tsybulki/video/7635701255339281671
7640468588750458125,https://www.tiktok.com/@carly._andpink/video/7640468588750458125
7691501066940124437,https://www.tiktok.com/@6to569/video/7691501066940124437
7678009896410926343,https://www.tiktok.com/@koctuk4/video/7678009896410926343
7679850464183209230,https://www.tiktok.com/@mellss49/video/7679850464183209230
7643937734423268629,https://www.tiktok.com/@_..l..i/video/7643937734423268629
7645249023544151303,https://www.tiktok.com/@11aandrushivka/video/7645249023544151303
7646144821932854558,https://www.tiktok.com/@jjquoteddd/video/7646144821932854558
7683192524990663954,https://www.tiktok.com/@lenta_print_ua_/video/7683192524990663954
7688949418774514965,https://www.tiktok.com/@clas.vi927/video/7688949418774514965
7645420767521393927,https://www.tiktok.com/@ecc00001/video/7645420767521393927
7685532919292513543,https://www.tiktok.com/@lu.ego.corro/video/7685532919292513543
7660595172136340753,https://www.tiktok.com/@infomoscow24/video/7660595172136340753
7670904882253057300,https://www.tiktok.com/@nstaysha_art/video/7670904882253057300
7691161578724429076,https://www.tiktok.com/@thuvienphapluat.vn/video/7691161578724429076
7686405783382281490,https://www.tiktok.com/@graduates2027.57/video/7686405783382281490
7690975356030930197,https://www.tiktok.com/@idrivevn/video/7690975356030930197
7691600542631578887,https://www.tiktok.com/@gruziabezfiltrov/video/7691600542631578887
7678365310637919518,https://www.tiktok.com/@44murk/video/7678365310637919518
7687614666675113224,https://www.tiktok.com/@godp_assh/video/7687614666675113224
7650028293512547605,https://www.tiktok.com/@zhurblondi/video/7650028293512547605
7627246258226351367,https://www.tiktok.com/@malbara187/video/7627246258226351367
7670895197458353415,https://www.tiktok.com/@lizaryzhenkaya/video/7670895197458353415
7651753876386860320,https://www.tiktok.com/@marusiashaka/video/7651753876386860320
7690520212029984007,https://www.tiktok.com/@usuryriri/video/7690520212029984007
7634127344508144914,https://www.tiktok.com/@rozova.romanovna/video/7634127344508144914
7686551075796733205,https://www.tiktok.com/@iusedt0/video/7686551075796733205
7677855319300623624,https://www.tiktok.com/@iryna_bilous/video/7677855319300623624
7683113469654256914,https://www.tiktok.com/@lllizzzikkk/video/7683113469654256914
7648927950670253326,https://www.tiktok.com/@krispropsy/video/7648927950670253326
7656807314904698130,https://www.tiktok.com/@marichka.vn/video/7656807314904698130
7687936153181293832,https://www.tiktok.com/@mdf_grsmu/video/7687936153181293832
7668331165002026247,https://www.tiktok.com/@sophiishaa/video/7668331165002026247
7675047797795671310,https://www.tiktok.com/@theuniu/video/7675047797795671310
7663899494550899990,https://www.tiktok.com/@alenka_kemeron/video/7663899494550899990
7626797996864277768,https://www.tiktok.com/@arujyanm/video/7626797996864277768
7616349022072130836,https://www.tiktok.com/@4prof_faculty/video/7616349022072130836
7677610469640785160,https://www.tiktok.com/@ekaterinarubenko/video/7677610469640785160
7670984395435642120,https://www.tiktok.com/@aliagolia/video/7670984395435642120
7623506421937720583,https://www.tiktok.com/@mediaolimpjour/video/7623506421937720583
7687258781993995540,https://www.tiktok.com/@russian_adekvat_/video/7687258781993995540
7667673934904560916,https://www.tiktok.com/@dasmeow/video/7667673934904560916
7623387253108247828,https://www.tiktok.com/@ikka_smith/video/7623387253108247828
7574977900298980638,https://www.tiktok.com/@www.avahelsley.com/video/7574977900298980638
7632262509293997313,https://www.tiktok.com/@ubt140kz/video/7632262509293997313
7593162282817916178,https://www.tiktok.com/@camii.mac/video/7593162282817916178
7687309912073948424,https://www.tiktok.com/@tigranmannm/video/7687309912073948424
7685464493811354898,https://www.tiktok.com/@logovo_katz/video/7685464493811354898
7686889978521062674,https://www.tiktok.com/@vtx.prodz1/video/7686889978521062674
7675494556103757076,https://www.tiktok.com/@pizdr1kevich/video/7675494556103757076
7652370263497035015,https://www.tiktok.com/@tengrinewskz/video/7652370263497035015
7687682052287696158,https://www.tiktok.com/@yablozitsiya/video/7687682052287696158
7684741440383012117,https://www.tiktok.com/@yabloqvaszt/video/7684741440383012117
7642949938120428821,https://www.tiktok.com/@baigazy.t/video/7642949938120428821
7683198475026091272,https://www.tiktok.com/@godaresai/video/7683198475026091272
7690791485037366549,https://www.tiktok.com/@missgrandinternational/video/7690791485037366549
7690792582644829446,https://www.tiktok.com/@missgrandinternational/video/7690792582644829446
7690800104260816148,https://www.tiktok.com/@missgrandinternational/video/7690800104260816148
7641341629936307458,https://www.tiktok.com/@madridstas.ftbl/video/7641341629936307458
7587113209014816018,https://www.tiktok.com/@hanmik443/video/7587113209014816018
7644955583942118677,https://www.tiktok.com/@templatedhin/video/7644955583942118677
7649872633034558727,https://www.tiktok.com/@ronidari/video/7649872633034558727
7676791459034549522,https://www.tiktok.com/@taamii4m/video/7676791459034549522
7680822463302733089,https://www.tiktok.com/@alezha_ob/video/7680822463302733089
7683202746136284434,https://www.tiktok.com/@pf_grsmu/video/7683202746136284434
7630161904551464225,https://www.tiktok.com/@kellion27/video/7630161904551464225
7687259270831820050,https://www.tiktok.com/@warnikitoss122/video/7687259270831820050
7691716136106200372,https://www.tiktok.com/@xlov_official/video/7691716136106200372
7650081439920311574,https://www.tiktok.com/@nosoyclaauudiia/video/7650081439920311574
7688680785607642390,https://www.tiktok.com/@dogi5250/video/7688680785607642390
7675702771189861649,https://www.tiktok.com/@vehna33/video/7675702771189861649
7590426186317057301,https://www.tiktok.com/@soappp.1/video/7590426186317057301
7686933866157870356,https://www.tiktok.com/@aanelya_rr/video/7686933866157870356
7659723424444501256,https://www.tiktok.com/@openedukz/video/7659723424444501256
7688378345465187591,https://www.tiktok.com/@profcollege_/video/7688378345465187591
7683254732051205394,https://www.tiktok.com/@marta.tarnovetska/video/7683254732051205394
7678352665868258568,https://www.tiktok.com/@marta.tarnovetska/video/7678352665868258568
7678403214693109000,https://www.tiktok.com/@marta.tarnovetska/video/7678403214693109000
7631208799285579026,https://www.tiktok.com/@dilanakkkaaaa/video/7631208799285579026
7631202215901826320,https://www.tiktok.com/@arthur.zhussupov/video/7631202215901826320
7687169954151451925,https://www.tiktok.com/@phonghien99/video/7687169954151451925
7682866803051351304,https://www.tiktok.com/@preuniversitario_saber/video/7682866803051351304
7689415424261246211,https://www.tiktok.com/@aftonbladet/video/7689415424261246211
7683424663648636181,https://www.tiktok.com/@_ngvyw.po/video/7683424663648636181
7610511068586134802,https://www.tiktok.com/@tomiris.hist/video/7610511068586134802
7646731062512569618,https://www.tiktok.com/@bimakhanova.nn/video/7646731062512569618
7654250874797034773,https://www.tiktok.com/@joker53621/video/7654250874797034773
7581555497778547990,https://www.tiktok.com/@vmaxuta1/video/7581555497778547990
7626436276606258452,https://www.tiktok.com/@adikhanov.education/video/7626436276606258452
7661008251437255949,https://www.tiktok.com/@glitterypinkmermaidfart/video/7661008251437255949
7669730041978260756,https://www.tiktok.com/@marinadedova_fengshui/video/7669730041978260756
7689297481712012575,https://www.tiktok.com/@helenhighered/video/7689297481712012575
7659555452794965255,https://www.tiktok.com/@zhifaaaaa/video/7659555452794965255
7669126345590344990,https://www.tiktok.com/@annaslifee3/video/7669126345590344990
7672789776722054420,https://www.tiktok.com/@kazinform_news/video/7672789776722054420
7689792250838158612,https://www.tiktok.com/@yudipilato/video/7689792250838158612
7669823613775662344,https://www.tiktok.com/@govoritalekseev/video/7669823613775662344
7669244364928847121,https://www.tiktok.com/@binbin.ajaaa/video/7669244364928847121
7671957439465458976,https://www.tiktok.com/@kinotop374/video/7671957439465458976
7663411205029072149,https://www.tiktok.com/@reanvry/video/7663411205029072149
7675056884298075425,https://www.tiktok.com/@ksuzzz3/video/7675056884298075425
7618218610657545479,https://www.tiktok.com/@oxfordbyhuong/video/7618218610657545479
7684329582673087751,https://www.tiktok.com/@nathilu.___/video/7684329582673087751
7669660070271110418,https://www.tiktok.com/@ecistudy/video/7669660070271110418
7675529643650288903,https://www.tiktok.com/@siapberkarierofficial/video/7675529643650288903
7686441580311481633,https://www.tiktok.com/@crowdctrl.mp4/video/7686441580311481633
7691377916373978374,https://www.tiktok.com/@el_rit/video/7691377916373978374
7690635227672136992,https://www.tiktok.com/@missfranceoff/video/7690635227672136992
7688773640078380320,https://www.tiktok.com/@omydash/video/7688773640078380320
7663860566875704609,https://www.tiktok.com/@le7meraviglie_/video/7663860566875704609
7646948167883230485,https://www.tiktok.com/@kokojapan_esp/video/7646948167883230485
7636030512238300436,https://www.tiktok.com/@lika.mauptn/video/7636030512238300436
7672081261942361366,https://www.tiktok.com/@waleedautos9/video/7672081261942361366
7691140402274946310,https://www.tiktok.com/@efootballupdate42/video/7691140402274946310
7688201807180352789,https://www.tiktok.com/@thuvienphapluat.vn/video/7688201807180352789
7690983600451341590,https://www.tiktok.com/@seerbyphotography/video/7690983600451341590
7659676328748223765,https://www.tiktok.com/@theantarahall/video/7659676328748223765
7690656526175849748,https://www.tiktok.com/@eduardoo.g22/video/7690656526175849748
7691413188771974433,https://www.tiktok.com/@hla.abi.27/video/7691413188771974433
7600307989161004310,https://www.tiktok.com/@arc1arc1/video/7600307989161004310
7641959221617052945,https://www.tiktok.com/@students_of_bfet/video/7641959221617052945
7664654880405064980,https://www.tiktok.com/@aauwk0/video/7664654880405064980
7691583240242613535,https://www.tiktok.com/@polytech_underground/video/7691583240242613535
7618206855478742292,https://www.tiktok.com/@lutsevich_rep/video/7618206855478742292
7562070618796084491,https://www.tiktok.com/@aqparat_qazaqstantv/video/7562070618796084491
7663184552923352341,https://www.tiktok.com/@_yaikov_/video/7663184552923352341
7681271016315800852,https://www.tiktok.com/@armycons6/video/7681271016315800852
7686874651288603925,https://www.tiktok.com/@maikeruu.021/video/7686874651288603925
7687701214930144519,https://www.tiktok.com/@kropyvnytsky_maper/video/7687701214930144519
7670950445661097236,https://www.tiktok.com/@marwanglitch/video/7670950445661097236
7686796678694833416,https://www.tiktok.com/@sha_97.z/video/7686796678694833416
7635251597731187988,https://www.tiktok.com/@vanidasomboon798/video/7635251597731187988
7623810280753007879,https://www.tiktok.com/@aillyngervacio/video/7623810280753007879
7676194650025233697,https://www.tiktok.com/@daria.15155/video/7676194650025233697
7651452078665026837,https://www.tiktok.com/@arzonzananona_tj/video/7651452078665026837
7587022296343153927,https://www.tiktok.com/@repetitor_leila/video/7587022296343153927
7690010983061818644,https://www.tiktok.com/@tertuzz.edits/video/7690010983061818644
7630343627973102866,https://www.tiktok.com/@official_nct/video/7630343627973102866
7690173581967248671,https://www.tiktok.com/@chocolate_girl909/video/7690173581967248671
7677566637335235860,https://www.tiktok.com/@official_nct/video/7677566637335235860
7690686944187141406,https://www.tiktok.com/@chocolate_girl909/video/7690686944187141406
7682136168640548119,https://www.tiktok.com/@dx10hd.yt3/video/7682136168640548119
7691506680403676437,https://www.tiktok.com/@pikiranrakyat/video/7691506680403676437
7674232102317083912,https://www.tiktok.com/@theio601/video/7674232102317083912
7678301951129390357,https://www.tiktok.com/@scarlet_alika/video/7678301951129390357
7633725080438246674,https://www.tiktok.com/@nurdaulet.nurdin/video/7633725080438246674
7672508024229006612,https://www.tiktok.com/@filoloqilkin/video/7672508024229006612
7673601925211786527,https://www.tiktok.com/@tikitoka189/video/7673601925211786527
7666770568443645205,https://www.tiktok.com/@dasha.turbozno.ukrainska/video/7666770568443645205
7672084544211684628,https://www.tiktok.com/@tenge.vezde/video/7672084544211684628
7683800839181372692,https://www.tiktok.com/@disd_seniors27/video/7683800839181372692
7685108099585281287,https://www.tiktok.com/@5.a_n/video/7685108099585281287
7690808161044843797,https://www.tiktok.com/@missgrandinternational/video/7690808161044843797
7686418373147626772,https://www.tiktok.com/@_ayamentyy/video/7686418373147626772
7682690101838613778,https://www.tiktok.com/@studyin_kz/video/7682690101838613778
7680986229957070088,https://www.tiktok.com/@apothems_1m/video/7680986229957070088
7682456607971921173,https://www.tiktok.com/@plan.tour/video/7682456607971921173
7663003535411318037,https://www.tiktok.com/@aruzhan.kudaiberg/video/7663003535411318037
7688647546415189281,https://www.tiktok.com/@gym.abitur.2027/video/7688647546415189281
7669786430465461520,https://www.tiktok.com/@akkuovva_a/video/7669786430465461520
7689923846929009927,https://www.tiktok.com/@koprayt/video/7689923846929009927
7668274955167075591,https://www.tiktok.com/@eldaan_al/video/7668274955167075591
7690286667831250197,https://www.tiktok.com/@randombullshit861/video/7690286667831250197
7663193039770258702,https://www.tiktok.com/@studywvani/video/7663193039770258702
7683452807537757460,https://www.tiktok.com/@tomiris.hist/video/7683452807537757460
7667506665763212565,https://www.tiktok.com/@taskyn.agai/video/7667506665763212565
7690919688418692359,https://www.tiktok.com/@nesta_dz_13/video/7690919688418692359
7676136216680549664,https://www.tiktok.com/@prof.zhukpuk/video/7676136216680549664
7661578192762703126,https://www.tiktok.com/@zigin_trash/video/7661578192762703126
7676398453697596705,https://www.tiktok.com/@bws.jahrgang.2027/video/7676398453697596705
7575922603806985494,https://www.tiktok.com/@wro.abi.2027/video/7575922603806985494
7635729477603036436,https://www.tiktok.com/@nura_stile.blog/video/7635729477603036436
7680920080879799574,https://www.tiktok.com/@theinspiredstories/video/7680920080879799574
7690446050972290325,https://www.tiktok.com/@peynir_imparatoricesi/video/7690446050972290325
7680506690378140949,https://www.tiktok.com/@userrna1223444455/video/7680506690378140949
7584770524891417878,https://www.tiktok.com/@obsino.obmana/video/7584770524891417878
7683863509817478420,https://www.tiktok.com/@bitchesknowu/video/7683863509817478420
7666814354418846994,https://www.tiktok.com/@thekinaycode/video/7666814354418846994
7679811539552980242,https://www.tiktok.com/@hungn102/video/7679811539552980242
7689526338016873760,https://www.tiktok.com/@liebig.abi276/video/7689526338016873760
7667168012398578966,https://www.tiktok.com/@janapacharova/video/7667168012398578966
7691466282155134228,https://www.tiktok.com/@albar_suganda23/video/7691466282155134228
7671429638857510157,https://www.tiktok.com/@lak_secret.acc472937492/video/7671429638857510157
7690894421067435272,https://www.tiktok.com/@_baow.zgoc._/video/7690894421067435272
7671154768110259464,https://www.tiktok.com/@olesya.nefedova/video/7671154768110259464
7686680337002384658,https://www.tiktok.com/@linh120hsahocftu/video/7686680337002384658
7674810689629752594,https://www.tiktok.com/@vov_edu/video/7674810689629752594
7590453092647193878,https://www.tiktok.com/@erikhubb/video/7590453092647193878
7687633807331134751,https://www.tiktok.com/@samandjessofficial/video/7687633807331134751
7633109828377808135,https://www.tiktok.com/@comyoii/video/7633109828377808135
7664550783894965525,https://www.tiktok.com/@thanhhoaithanh8/video/7664550783894965525
7691056538588319008,https://www.tiktok.com/@am.r442/video/7691056538588319008
7691742358186036501,https://www.tiktok.com/@anhgiaokid/video/7691742358186036501
7673832635105479957,https://www.tiktok.com/@thuvienphapluat.vn/video/7673832635105479957
7690137913421565204,https://www.tiktok.com/@yasir.husain/video/7690137913421565204
7669095314208394527,https://www.tiktok.com/@lmc.customss/video/7669095314208394527
7691428848642051346,https://www.tiktok.com/@alaingm08/video/7691428848642051346
7684903255272344850,https://www.tiktok.com/@admmcsr/video/7684903255272344850
7685635910636981524,https://www.tiktok.com/@e010et/video/7685635910636981524
7651375949518343446,https://www.tiktok.com/@billionaire.meex/video/7651375949518343446
7690567325979823380,https://www.tiktok.com/@2027ramadan7/video/7690567325979823380
7691731660089396513,https://www.tiktok.com/@matif968/video/7691731660089396513
7691770072003562784,https://www.tiktok.com/@voguefrance/video/7691770072003562784
7613735009349946644,https://www.tiktok.com/@katyacherrys/video/7613735009349946644
7680181141688618261,https://www.tiktok.com/@otekbtu/video/7680181141688618261
7691051904746458388,https://www.tiktok.com/@nedarcy_/video/7691051904746458388
7689535168272469266,https://www.tiktok.com/@katilsssss/video/7689535168272469266
7681925214577429767,https://www.tiktok.com/@chert1nok/video/7681925214577429767
7689094417256434945,https://www.tiktok.com/@evavezuchaa/video/7689094417256434945
7680590970521423117,https://www.tiktok.com/@sanchessssssssssssssss/video/7680590970521423117
7685445082090081569,https://www.tiktok.com/@danaia.ka/video/7685445082090081569
7687319786103065877,https://www.tiktok.com/@timur234399/video/7687319786103065877
7617487189890387221,https://www.tiktok.com/@mishkkar/video/7617487189890387221
7665597380783361312,https://www.tiktok.com/@apollxria/video/7665597380783361312
7686479839183867168,https://www.tiktok.com/@vpodlasenkoo/video/7686479839183867168
7685364911702084885,https://www.tiktok.com/@paramonova_as/video/7685364911702084885
7673908492696177927,https://www.tiktok.com/@fedya.ivanov/video/7673908492696177927
7684366211861204245,https://www.tiktok.com/@karpov_190/video/7684366211861204245
7564480802369588488,https://www.tiktok.com/@rina.vanilla/video/7564480802369588488
7681245548778720520,https://www.tiktok.com/@hatasha.muyz/video/7681245548778720520
7584537713957801227,https://www.tiktok.com/@ykshvaa_/video/7584537713957801227
7676785563814366484,https://www.tiktok.com/@gwertifor/video/7676785563814366484
7650076097375227143,https://www.tiktok.com/@online.offline.courses/video/7650076097375227143
7651069596295793952,https://www.tiktok.com/@marsik_ai/video/7651069596295793952
7683655455482203413,https://www.tiktok.com/@speed71670/video/7683655455482203413
7679211813728193806,https://www.tiktok.com/@_taya_999/video/7679211813728193806
7668056786313874709,https://www.tiktok.com/@suares92_nogayswagmafia/video/7668056786313874709
7629434603874340118,https://www.tiktok.com/@w_alyys/video/7629434603874340118
7559160697465310476,https://www.tiktok.com/@nika.thrasher/video/7559160697465310476
7598550617837194516,https://www.tiktok.com/@katrin_nikk1/video/7598550617837194516
7687855023677541652,https://www.tiktok.com/@wwrqxc/video/7687855023677541652
7651254563344977175,https://www.tiktok.com/@ekonomika_kontekst/video/7651254563344977175
7646332196143353102,https://www.tiktok.com/@muhannadacademy/video/7646332196143353102
7681252021948697887,https://www.tiktok.com/@ana_trubi/video/7681252021948697887
7684730795931585813,https://www.tiktok.com/@mishkkar/video/7684730795931585813
7608162626064960786,https://www.tiktok.com/@mentorlab.kz/video/7608162626064960786
7664562230205222162,https://www.tiktok.com/@callmejoq/video/7664562230205222162
7689584191603870996,https://www.tiktok.com/@genius45671/video/7689584191603870996
7624168856575167764,https://www.tiktok.com/@lunarnii/video/7624168856575167764
7647512808866811157,https://www.tiktok.com/@zhurblondi/video/7647512808866811157
7580488704234458379,https://www.tiktok.com/@vimungo/video/7580488704234458379
7636087992783883528,https://www.tiktok.com/@diwiwiwiaaa/video/7636087992783883528
7672027731181178132,https://www.tiktok.com/@miss_bakhytovaa/video/7672027731181178132
7617393682324540692,https://www.tiktok.com/@kessovam/video/7617393682324540692
7568471605496581388,https://www.tiktok.com/@ana.olmath/video/7568471605496581388
7688359629905988882,https://www.tiktok.com/@miv_sens/video/7688359629905988882
7673044441271209248,https://www.tiktok.com/@vasilisapromed/video/7673044441271209248
7634875736247012616,https://www.tiktok.com/@tomiris_bakrayeva/video/7634875736247012616
7689115744348409118,https://www.tiktok.com/@reklamaherzen/video/7689115744348409118
7652772119432006934,https://www.tiktok.com/@mariiiiiii336/video/7652772119432006934
7631212106557246753,https://www.tiktok.com/@likeromanty/video/7631212106557246753
7620474200393780498,https://www.tiktok.com/@asselya.a/video/7620474200393780498
7646774243245427989,https://www.tiktok.com/@zhurblondi/video/7646774243245427989
7675769429510180110,https://www.tiktok.com/@jannat_risunok/video/7675769429510180110
7658366512486534422,https://www.tiktok.com/@kata_academy/video/7658366512486534422
7651135209110293780,https://www.tiktok.com/@aliya_userbai/video/7651135209110293780
7662692863624400149,https://www.tiktok.com/@tatarstan_da/video/7662692863624400149
7654979118118800648,https://www.tiktok.com/@repetitor.tj/video/7654979118118800648
7677998784000838933,https://www.tiktok.com/@d.ss05/video/7677998784000838933
7676562382763805970,https://www.tiktok.com/@shuga_nis/video/7676562382763805970
7690875920302771477,https://www.tiktok.com/@pulse.kg/video/7690875920302771477
7599992635142556948,https://www.tiktok.com/@sofita.design/video/7599992635142556948
7686051325909454098,https://www.tiktok.com/@memniycanal/video/7686051325909454098
7684673141569981714,https://www.tiktok.com/@kat_love58/video/7684673141569981714
7683811749354654997,https://www.tiktok.com/@valy.sha.xx/video/7683811749354654997
7641442425977802004,https://www.tiktok.com/@timooxa27/video/7641442425977802004
7572135149278694711,https://www.tiktok.com/@orbiitlov/video/7572135149278694711
7581010583823060246,https://www.tiktok.com/@dapoluu/video/7581010583823060246
7582189916793163021,https://www.tiktok.com/@joo.jae.kyung2.0/video/7582189916793163021
7633100270360218900,https://www.tiktok.com/@leriabibiz/video/7633100270360218900
7652631156659080455,https://www.tiktok.com/@morfologiya_med/video/7652631156659080455
7679492686499499284,https://www.tiktok.com/@bogdanmatyushin/video/7679492686499499284
7663431500523769106,https://www.tiktok.com/@lena.libelle/video/7663431500523769106
7690568734448061728,https://www.tiktok.com/@hermesqz/video/7690568734448061728
7605552162508360981,https://www.tiktok.com/@iam.anluth/video/7605552162508360981
7633105589597474081,https://www.tiktok.com/@liza830738482748/video/7633105589597474081
7667020258330430738,https://www.tiktok.com/@ng.tinh_muadong/video/7667020258330430738
7677653529044978952,https://www.tiktok.com/@gscinemas/video/7677653529044978952
7584763130668961055,https://www.tiktok.com/@fdnct1995/video/7584763130668961055
7602322287894793493,https://www.tiktok.com/@superresheba/video/7602322287894793493
7644565366412266773,https://www.tiktok.com/@nur1anbekova_zhannur/video/7644565366412266773
7664454443953310992,https://www.tiktok.com/@ng.tinh_muadong/video/7664454443953310992
7691254988810603783,https://www.tiktok.com/@60giay.com/video/7691254988810603783
7649433107317247250,https://www.tiktok.com/@teuz.edtx/video/7649433107317247250
7658421283528527112,https://www.tiktok.com/@s_asc/video/7658421283528527112
7688901814640463124,https://www.tiktok.com/@philiptanasas/video/7688901814640463124
7685881839558462753,https://www.tiktok.com/@absolutelmessi10z/video/7685881839558462753
7687495565260705044,https://www.tiktok.com/@notayrinn/video/7687495565260705044
7688618934752480533,https://www.tiktok.com/@mathsapostol/video/7688618934752480533
7691700133511138566,https://www.tiktok.com/@theanh28trending/video/7691700133511138566
7684250978060750087,https://www.tiktok.com/@efewinyks/video/7684250978060750087
7679842428135787784,https://www.tiktok.com/@litera.zno/video/7679842428135787784
7689147997359361332,https://www.tiktok.com/@cansseelll06/video/7689147997359361332
7672119568311078175,https://www.tiktok.com/@funn7183/video/7672119568311078175
7690119486220913941,https://www.tiktok.com/@peynir_imparatoricesi/video/7690119486220913941
7664929222896389377,https://www.tiktok.com/@yksoperasyonu/video/7664929222896389377
7664031410352655637,https://www.tiktok.com/@mmohamed.4/video/7664031410352655637
7584787872822185247,https://www.tiktok.com/@pulanka761/video/7584787872822185247
7652469521546054930,https://www.tiktok.com/@omar_rizk7/video/7652469521546054930
7687344107047505173,https://www.tiktok.com/@yks2027hazirlaniyom/video/7687344107047505173
7690193774244351252,https://www.tiktok.com/@redmc226/video/7690193774244351252
7598491468893785362,https://www.tiktok.com/@zariiiwx/video/7598491468893785362
7597058358335573259,https://www.tiktok.com/@kmrietenn/video/7597058358335573259
7683735814144052493,https://www.tiktok.com/@shesjdu/video/7683735814144052493
7688794306534231316,https://www.tiktok.com/@absurdviktora/video/7688794306534231316
7634191161346821409,https://www.tiktok.com/@laapuh/video/7634191161346821409
7643843720894369045,https://www.tiktok.com/@blago_cut/video/7643843720894369045
7683879993100864789,https://www.tiktok.com/@mamamooorkaasss/video/7683879993100864789
7637845170846846226,https://www.tiktok.com/@harewxr/video/7637845170846846226
7657156275154767112,https://www.tiktok.com/@doshka_0.0/video/7657156275154767112
7687248805380558110,https://www.tiktok.com/@vorix.13/video/7687248805380558110
7655327088748154125,https://www.tiktok.com/@soccerstory25/video/7655327088748154125
7657238698072870165,https://www.tiktok.com/@azarovapolina/video/7657238698072870165
7681720933366680852,https://www.tiktok.com/@scheiperone/video/7681720933366680852
7681431671521987847,https://www.tiktok.com/@kasym_amanov/video/7681431671521987847
7651353758097526023,https://www.tiktok.com/@danchkka/video/7651353758097526023
7667552392660962581,https://www.tiktok.com/@angylins/video/7667552392660962581
7626768652263574804,https://www.tiktok.com/@xmysself/video/7626768652263574804
7686792854370323745,https://www.tiktok.com/@ushakovaa.stom/video/7686792854370323745
7639007735647882527,https://www.tiktok.com/@lend1k4/video/7639007735647882527
7680556135677463816,https://www.tiktok.com/@maeli.once/video/7680556135677463816
7677635017790590228,https://www.tiktok.com/@flaimkiti2.0/video/7677635017790590228
7644582750892199189,https://www.tiktok.com/@tea_boychannelof/video/7644582750892199189
7684360997162765575,https://www.tiktok.com/@weshivc/video/7684360997162765575
7682158027582999815,https://www.tiktok.com/@so_diadiushenko/video/7682158027582999815
7654877470478339349,https://www.tiktok.com/@maaadarii/video/7654877470478339349
7683205781390511381,https://www.tiktok.com/@bi_biiii5/video/7683205781390511381
7626709225582152978,https://www.tiktok.com/@veronica.anatsko/video/7626709225582152978
7650326649417764117,https://www.tiktok.com/@evkl_eani/video/7650326649417764117
7626045961424637204,https://www.tiktok.com/@sz.amilya/video/7626045961424637204
7626363225520606495,https://www.tiktok.com/@beshennaya5/video/7626363225520606495
7606024369260809480,https://www.tiktok.com/@viennifyy/video/7606024369260809480
7619304588017077524,https://www.tiktok.com/@d._nabi/video/7619304588017077524
7687640640737332493,https://www.tiktok.com/@nataly_florida/video/7687640640737332493
7688980412000980244,https://www.tiktok.com/@077maa0/video/7688980412000980244
7640430942196174087,https://www.tiktok.com/@sanimi_si/video/7640430942196174087
7656867957301153056,https://www.tiktok.com/@danyadasha/video/7656867957301153056
7649060894760258836,https://www.tiktok.com/@_m.a.r.e.n.g.o_/video/7649060894760258836
7691029260026318087,https://www.tiktok.com/@lostsightlife/video/7691029260026318087
7618613930960833813,https://www.tiktok.com/@seenungjet/video/7618613930960833813
7681000759969811719,https://www.tiktok.com/@zqqqqqq_/video/7681000759969811719
7633667033154030869,https://www.tiktok.com/@usert75ob24nc2/video/7633667033154030869
7651234519835544852,https://www.tiktok.com/@yamiraqhw/video/7651234519835544852
7689426901995113736,https://www.tiktok.com/@million_and_first_o1/video/7689426901995113736
7667908500315524372,https://www.tiktok.com/@uvvusuw/video/7667908500315524372
7684195885722406152,https://www.tiktok.com/@truemargosha/video/7684195885722406152
7688260006340201736,https://www.tiktok.com/@bambl73/video/7688260006340201736
7640873710458539271,https://www.tiktok.com/@dashyxqq/video/7640873710458539271
7644115339525098770,https://www.tiktok.com/@ksyxxmh/video/7644115339525098770
7556892768203853112,https://www.tiktok.com/@litvinoovaveronika/video/7556892768203853112
7596563358791355666,https://www.tiktok.com/@sashhk__a/video/7596563358791355666
7643781963353951495,https://www.tiktok.com/@smqweex/video/7643781963353951495
7642758617552243988,https://www.tiktok.com/@nashliks/video/7642758617552243988
7680527395761278216,https://www.tiktok.com/@ma.kruglikk/video/7680527395761278216
7627146323342527766,https://www.tiktok.com/@zheleznovaaa/video/7627146323342527766
7680504287331355925,https://www.tiktok.com/@300lero/video/7680504287331355925
7680488698131139848,https://www.tiktok.com/@11b_city_school/video/7680488698131139848
7680282091149430036,https://www.tiktok.com/@akhmetgali.aray/video/7680282091149430036
7644240015786020116,https://www.tiktok.com/@samirazzq/video/7644240015786020116
7685605874118839585,https://www.tiktok.com/@11g.86sch/video/7685605874118839585
7639734007097232658,https://www.tiktok.com/@_11b_.class/video/7639734007097232658
7611641260092247317,https://www.tiktok.com/@6527jdndy/video/7611641260092247317
7644565276176043296,https://www.tiktok.com/@darriss.z/video/7644565276176043296
7682898188134583559,https://www.tiktok.com/@myjoniks/video/7682898188134583559
7683884456498777352,https://www.tiktok.com/@twww_ya_/video/7683884456498777352
7686436393005944085,https://www.tiktok.com/@300lero/video/7686436393005944085
7691719684395240717,https://www.tiktok.com/@denenrii/video/7691719684395240717
7644154808022191393,https://www.tiktok.com/@lipwix_do/video/7644154808022191393
7644546037784251666,https://www.tiktok.com/@kk.kausan/video/7644546037784251666
7605991273211628818,https://www.tiktok.com/@a.lovess.a/video/7605991273211628818
7644444120173448466,https://www.tiktok.com/@viktoqqwu/video/7644444120173448466
7585481107378916629,https://www.tiktok.com/@pnstx0/video/7585481107378916629
7638924504407788820,https://www.tiktok.com/@11a_class_69/video/7638924504407788820
7681537172540886280,https://www.tiktok.com/@11b_4schooll/video/7681537172540886280
7644966071107472660,https://www.tiktok.com/@sohidmm/video/7644966071107472660
7683124512187010325,https://www.tiktok.com/@300lero/video/7683124512187010325
7656048523934289159,https://www.tiktok.com/@mrzvmsh/video/7656048523934289159
7669713532207910165,https://www.tiktok.com/@kuch3ryavaya/video/7669713532207910165
7680523519976885525,https://www.tiktok.com/@linnussyy/video/7680523519976885525
7680552121833508103,https://www.tiktok.com/@our11v104/video/7680552121833508103
7680622645028687111,https://www.tiktok.com/@miv_sens/video/7680622645028687111
7683398300128627975,https://www.tiktok.com/@140athogwarts/video/7683398300128627975
7686219357298511124,https://www.tiktok.com/@xarinnss/video/7686219357298511124
7627524188839972114,https://www.tiktok.com/@_chechliza_/video/7627524188839972114
7658055765638352144,https://www.tiktok.com/@mirra.one/video/7658055765638352144
7683222795920198919,https://www.tiktok.com/@aminasonya00/video/7683222795920198919
7645584674206649621,https://www.tiktok.com/@hazyaeva11atop202/video/7645584674206649621
7681649688679894290,https://www.tiktok.com/@zrwwsx/video/7681649688679894290
7683865164126391584,https://www.tiktok.com/@flowernika44/video/7683865164126391584
7628973613286264071,https://www.tiktok.com/@tvishayaaa/video/7628973613286264071
7627011983811955989,https://www.tiktok.com/@mmuratooovvv/video/7627011983811955989
7644107340521884935,https://www.tiktok.com/@arishabye/video/7644107340521884935
7681029885330017554,https://www.tiktok.com/@madamaq/video/7681029885330017554
7602487866450611476,https://www.tiktok.com/@our.tenth/video/7602487866450611476
7627859518847831316,https://www.tiktok.com/@sasshayaw/video/7627859518847831316
7684200238147521810,https://www.tiktok.com/@x.pumax/video/7684200238147521810
7648876610627636487,https://www.tiktok.com/@pestereva_krutaya67/video/7648876610627636487
7630800276500286728,https://www.tiktok.com/@braatz0_/video/7630800276500286728
7640477547104357653,https://www.tiktok.com/@anuteekssss/video/7640477547104357653
7680882505779612959,https://www.tiktok.com/@mellersw/video/7680882505779612959
7676586506122759432,https://www.tiktok.com/@l.nchik/video/7676586506122759432
7642001919245929759,https://www.tiktok.com/@alenkaaaa7383938/video/7642001919245929759
7655029577470807304,https://www.tiktok.com/@glenn.ysv/video/7655029577470807304
7637048863748132117,https://www.tiktok.com/@10vklas5/video/7637048863748132117
7690311688502988050,https://www.tiktok.com/@app_9811/video/7690311688502988050
7683912685200608520,https://www.tiktok.com/@melikssa00/video/7683912685200608520
7668386918412864789,https://www.tiktok.com/@ww._.69w/video/7668386918412864789
7679470968145857813,https://www.tiktok.com/@markaaarr/video/7679470968145857813
7561383443632868664,https://www.tiktok.com/@9__klasss_/video/7561383443632868664
7688620391610289430,https://www.tiktok.com/@legends9aaa/video/7688620391610289430
7657164424200932630,https://www.tiktok.com/@lizowwnyxxx/video/7657164424200932630
7680540165932125458,https://www.tiktok.com/@yankissi0/video/7680540165932125458
7686553982973693204,https://www.tiktok.com/@sofikso2/video/7686553982973693204
7657866599264783649,https://www.tiktok.com/@gimera24/video/7657866599264783649
7677639627536157973,https://www.tiktok.com/@kels3ss/video/7677639627536157973
7688723111914589492,https://www.tiktok.com/@so_nyshhka/video/7688723111914589492
7656346906825592072,https://www.tiktok.com/@wixiwbaa/video/7656346906825592072
7681217039968636181,https://www.tiktok.com/@214jaily_9g/video/7681217039968636181
7680894041994693896,https://www.tiktok.com/@nurkabulovaas_/video/7680894041994693896
7681645282966195476,https://www.tiktok.com/@black_dior22/video/7681645282966195476
7683410425907580191,https://www.tiktok.com/@polussa._.off/video/7683410425907580191
7591509961142734094,https://www.tiktok.com/@adii70717/video/7591509961142734094
7611185550921452807,https://www.tiktok.com/@wqx.nn_m/video/7611185550921452807
7606235070432578838,https://www.tiktok.com/@yyyanessa/video/7606235070432578838
7651237684668681492,https://www.tiktok.com/@elya.smith/video/7651237684668681492
7684671521591151893,https://www.tiktok.com/@theege61/video/7684671521591151893
7691066781095431425,https://www.tiktok.com/@tunaerdm0/video/7691066781095431425
7647245819598408968,https://www.tiktok.com/@ege.wav/video/7647245819598408968
7600167744142675207,https://www.tiktok.com/@theege61/video/7600167744142675207
7683609397326662930,https://www.tiktok.com/@subass.tr/video/7683609397326662930
7645330491045973256,https://www.tiktok.com/@rapllegacy/video/7645330491045973256
7684023339806919954,https://www.tiktok.com/@gmglyrics/video/7684023339806919954
7654569123539651847,https://www.tiktok.com/@valorc1/video/7654569123539651847
7644516372344622357,https://www.tiktok.com/@ucaytatilegirdikbeoh/video/7644516372344622357
7622064835982839061,https://www.tiktok.com/@realkorkuncstayle/video/7622064835982839061
7622610968685743381,https://www.tiktok.com/@izmirlebozusurmusuz/video/7622610968685743381
7647570075268107541,https://www.tiktok.com/@theege61/video/7647570075268107541
7667282309426515217,https://www.tiktok.com/@ege_media51/video/7667282309426515217
7609297311096720660,https://www.tiktok.com/@theege61/video/7609297311096720660
7658406946256555282,https://www.tiktok.com/@busrazeynepcetin/video/7658406946256555282
7585635650532183317,https://www.tiktok.com/@noogakademi/video/7585635650532183317
7689517786049170696,https://www.tiktok.com/@adacimnm/video/7689517786049170696
7678361654064581909,https://www.tiktok.com/@lvaudia/video/7678361654064581909
7651677536975473928,https://www.tiktok.com/@cengor2/video/7651677536975473928
7674656352102255893,https://www.tiktok.com/@irmakkyalinn/video/7674656352102255893
7591070987685317896,https://www.tiktok.com/@iremmerriiyyy/video/7591070987685317896
7662459164840561940,https://www.tiktok.com/@seviknehir/video/7662459164840561940
7691651760288550164,https://www.tiktok.com/@edittutkunu1/video/7691651760288550164
7684250859437395220,https://www.tiktok.com/@llionlyrics/video/7684250859437395220
7682079751493782802,https://www.tiktok.com/@meyir.aslansoy/video/7682079751493782802
7656951042344684821,https://www.tiktok.com/@user123344556677.0/video/7656951042344684821
7685665935922842901,https://www.tiktok.com/@user2515050877/video/7685665935922842901
7683888928671141138,https://www.tiktok.com/@senasaloldum/video/7683888928671141138
7681206736333589768,https://www.tiktok.com/@rap.ozor/video/7681206736333589768
7654148316455898386,https://www.tiktok.com/@ariyormhala/video/7654148316455898386
7648033965068094741,https://www.tiktok.com/@realkorkuncstayle/video/7648033965068094741
7657586704659942664,https://www.tiktok.com/@useerrr09789897593/video/7657586704659942664
7691224246617492744,https://www.tiktok.com/@diizieditt01/video/7691224246617492744
7578431614141730066,https://www.tiktok.com/@cookgizliuser/video/7578431614141730066
7683540169181465864,https://www.tiktok.com/@trlyricss01/video/7683540169181465864
7620986855198149904,https://www.tiktok.com/@gangizm/video/7620986855198149904
7634623734581677332,https://www.tiktok.com/@egebsaran/video/7634623734581677332
7632662335479532801,https://www.tiktok.com/@rapzine/video/7632662335479532801
7633516992569347346,https://www.tiktok.com/@lyveron.lyrics/video/7633516992569347346
7685785760645090580,https://www.tiktok.com/@_sudesss_/video/7685785760645090580
7661959880969899285,https://www.tiktok.com/@kumsalvspp_/video/7661959880969899285
7691154657867058446,https://www.tiktok.com/@turkish.fan29/video/7691154657867058446
7667970733020155157,https://www.tiktok.com/@bcgaraj/video/7667970733020155157
7625201812634635540,https://www.tiktok.com/@limonlucheescak/video/7625201812634635540
7651691790831062280,https://www.tiktok.com/@ey4lsfv/video/7651691790831062280
7638694437081615637,https://www.tiktok.com/@ylmztrkegee/video/7638694437081615637
7567783560887684373,https://www.tiktok.com/@yarinsiz_adam__/video/7567783560887684373
7675440494108757268,https://www.tiktok.com/@murogakgo23/video/7675440494108757268
7687547879304514837,https://www.tiktok.com/@dakikadagelisim/video/7687547879304514837
7685772127932370177,https://www.tiktok.com/@ogehchee/video/7685772127932370177
7658211190975270166,https://www.tiktok.com/@sujadrivingschool.live/video/7658211190975270166
7691690181237329158,https://www.tiktok.com/@ogehchee/video/7691690181237329158
7567425579637624120,https://www.tiktok.com/@parlamento.ao/video/7567425579637624120
7682051181329255698,https://www.tiktok.com/@oge464/video/7682051181329255698
7679040284935605534,https://www.tiktok.com/@wo4va7h0/video/7679040284935605534
7645800456828046600,https://www.tiktok.com/@oge.__/video/7645800456828046600
7672422626446413078,https://www.tiktok.com/@ogevibing/video/7672422626446413078
7675679671731653895,https://www.tiktok.com/@iamseun092/video/7675679671731653895
7678285654924610846,https://www.tiktok.com/@wo4va7h0/video/7678285654924610846
7683569246558817568,https://www.tiktok.com/@ogevibing/video/7683569246558817568
7676206422337703190,https://www.tiktok.com/@ogevibing/video/7676206422337703190
7611674504196132109,https://www.tiktok.com/@slimdunk706/video/7611674504196132109
7656383475481644309,https://www.tiktok.com/@benzarepublic/video/7656383475481644309
7652442356603489558,https://www.tiktok.com/@ogevibessss/video/7652442356603489558
7625912235373759752,https://www.tiktok.com/@oge464/video/7625912235373759752
7681367519893966102,https://www.tiktok.com/@ogevibing/video/7681367519893966102
7638641349708795144,https://www.tiktok.com/@ogebestie7/video/7638641349708795144
7600505652074581249,https://www.tiktok.com/@__oge__/video/7600505652074581249
7630317496008051989,https://www.tiktok.com/@ogebestie7/video/7630317496008051989
7691745060106358024,https://www.tiktok.com/@shopnaz.ng/video/7691745060106358024
7658765142234041620,https://www.tiktok.com/@benzarepublic/video/7658765142234041620
7681641639936314646,https://www.tiktok.com/@ebereelstok/video/7681641639936314646
7603065753209883905,https://www.tiktok.com/@__oge__/video/7603065753209883905
7639390799158840583,https://www.tiktok.com/@oge_motors27/video/7639390799158840583
7676402687189060885,https://www.tiktok.com/@omahdessy/video/7676402687189060885
7599808723850120456,https://www.tiktok.com/@__oge__/video/7599808723850120456
7647150898401053972,https://www.tiktok.com/@bangpayyyycuyyyy/video/7647150898401053972
7613754952900513045,https://www.tiktok.com/@essamsokriya/video/7613754952900513045
7573352692035226888,https://www.tiktok.com/@__oge__/video/7573352692035226888
7558760812924423446,https://www.tiktok.com/@___klemens/video/7558760812924423446
7568073030652398870,https://www.tiktok.com/@tooschi99/video/7568073030652398870
7659875507848203527,https://www.tiktok.com/@oge.babe5/video/7659875507848203527
7635773975460695303,https://www.tiktok.com/@gokhan.oge/video/7635773975460695303
7633096884676070672,https://www.tiktok.com/@ogehchee/video/7633096884676070672
7678848613417635093,https://www.tiktok.com/@ogechi9915/video/7678848613417635093
7679014817838943508,https://www.tiktok.com/@goodylove105/video/7679014817838943508
7581622001987538194,https://www.tiktok.com/@iwuflorence/video/7581622001987538194
7652018326545124630,https://www.tiktok.com/@ogevibessss/video/7652018326545124630
7614285259923901717,https://www.tiktok.com/@ogebrands/video/7614285259923901717
7660836684652678420,https://www.tiktok.com/@o.g.e.official/video/7660836684652678420
7609775149813910791,https://www.tiktok.com/@oge.__/video/7609775149813910791
7582661572728786184,https://www.tiktok.com/@oge.thebridalassistant/video/7582661572728786184
7607892296092110101,https://www.tiktok.com/@oge.72/video/7607892296092110101
7566675336356842770,https://www.tiktok.com/@__oge__/video/7566675336356842770
7667268059622591752,https://www.tiktok.com/@oge464/video/7667268059622591752
7673581714869898504,https://www.tiktok.com/@oge07374/video/7673581714869898504
7580429506343603463,https://www.tiktok.com/@oge.thebridalassistant/video/7580429506343603463
7648453360516992277,https://www.tiktok.com/@chacayakan/video/7648453360516992277
7646862193350266119,https://www.tiktok.com/@jgerenaiavictoria/video/7646862193350266119
7647254250799631636,https://www.tiktok.com/@benzarepublic/video/7647254250799631636
7628223109056728340,https://www.tiktok.com/@user813835846067/video/7628223109056728340
7674195317197245704,https://www.tiktok.com/@jihoon_suh/video/7674195317197245704
7690604959137680646,https://www.tiktok.com/@loloj.o.n.y/video/7690604959137680646
7656016660377111828,https://www.tiktok.com/@chacayakan/video/7656016660377111828
7676559964294466837,https://www.tiktok.com/@ogedeeee/video/7676559964294466837
7670452273578921237,https://www.tiktok.com/@user813835846067/video/7670452273578921237
7581471467993369912,https://www.tiktok.com/@user865194281237/video/7581471467993369912
7668350309625875734,https://www.tiktok.com/@ogevibing/video/7668350309625875734
7683957552492711200,https://www.tiktok.com/@oge12785/video/7683957552492711200
7668751818691726605,https://www.tiktok.com/@tseitsvincent/video/7668751818691726605
7580491005250637063,https://www.tiktok.com/@zyrox491/video/7580491005250637063
7605523205306076437,https://www.tiktok.com/@oge.72/video/7605523205306076437
7671762242706165014,https://www.tiktok.com/@ogevibing/video/7671762242706165014
7667885560903568661,https://www.tiktok.com/@oge67921/video/7667885560903568661
7664382389740768519,https://www.tiktok.com/@olgerusrus/video/7664382389740768519
7643644183625878791,https://www.tiktok.com/@ogebestie7/video/7643644183625878791
7658384018542513415,https://www.tiktok.com/@oge15061/video/7658384018542513415
7683189491133091104,https://www.tiktok.com/@oge12785/video/7683189491133091104
7663486299440942356,https://www.tiktok.com/@oge02755/video/7663486299440942356
7601646493405023509,https://www.tiktok.com/@user2162561477277/video/7601646493405023509
7689933084715797793,https://www.tiktok.com/@user7200161386756/video/7689933084715797793
7683598392878026016,https://www.tiktok.com/@ogevibing/video/7683598392878026016
7583454471313788172,https://www.tiktok.com/@user865194281237/video/7583454471313788172
7682494190307134753,https://www.tiktok.com/@oge12785/video/7682494190307134753
7687665560049569056,https://www.tiktok.com/@oge12785/video/7687665560049569056
7581213668944219448,https://www.tiktok.com/@user865194281237/video/7581213668944219448
7671031229537357077,https://www.tiktok.com/@tovia982/video/7671031229537357077
7584152700107967755,https://www.tiktok.com/@_mhizlinda_/video/7584152700107967755
7642693196299963668,https://www.tiktok.com/@user2162561477277/video/7642693196299963668
7630345537731988744,https://www.tiktok.com/@gemtra18122024/video/7630345537731988744
7664535239150030098,https://www.tiktok.com/@myx_his/video/7664535239150030098
7690420372822379789,https://www.tiktok.com/@hungryhungryhanny/video/7690420372822379789
7666094398307978503,https://www.tiktok.com/@oge_bell/video/7666094398307978503
7596717782335573269,https://www.tiktok.com/@oge.72/video/7596717782335573269
7591808027355860235,https://www.tiktok.com/@oge7284/video/7591808027355860235
7642316935857786120,https://www.tiktok.com/@ogebestie7/video/7642316935857786120
7646328624001453320,https://www.tiktok.com/@oge76297/video/7646328624001453320
7635220147132828946,https://www.tiktok.com/@ogefunan/video/7635220147132828946
7643957742906002696,https://www.tiktok.com/@ogebestie7/video/7643957742906002696
7596376798041083156,https://www.tiktok.com/@oge.72/video/7596376798041083156
7583320417507495224,https://www.tiktok.com/@user865194281237/video/7583320417507495224
7679287821147917599,https://www.tiktok.com/@garyowencom/video/7679287821147917599
7596385881645239570,https://www.tiktok.com/@oge15311/video/7596385881645239570
7687650460471135510,https://www.tiktok.com/@dmakskinandhair/video/7687650460471135510
7643923557944184085,https://www.tiktok.com/@bambawallyseck/video/7643923557944184085
7644923868326628628,https://www.tiktok.com/@_heulwen05/video/7644923868326628628
7589959675815218452,https://www.tiktok.com/@user2162561477277/video/7589959675815218452
7669303704801037576,https://www.tiktok.com/@nana_nanakey/video/7669303704801037576
7637994734195084565,https://www.tiktok.com/@ogebestie7/video/7637994734195084565
7652830503439142165,https://www.tiktok.com/@dixwnas/video/7652830503439142165
7599787570725178632,https://www.tiktok.com/@lerkiss_vv/video/7599787570725178632
7594479195447692552,https://www.tiktok.com/@_sonsarta_tt/video/7594479195447692552
7649660308222528776,https://www.tiktok.com/@arrtemq/video/7649660308222528776
7681235053409537298,https://www.tiktok.com/@sqk.3y/video/7681235053409537298
7600708547315338518,https://www.tiktok.com/@classe.classe7/video/7600708547315338518
7652533932570807559,https://www.tiktok.com/@poodayroi/video/7652533932570807559
7601085624006970644,https://www.tiktok.com/@.obsesssd/video/7601085624006970644
7643882478834371861,https://www.tiktok.com/@aassmiii/video/7643882478834371861
7602482576892235038,https://www.tiktok.com/@no957378/video/7602482576892235038
7612400610767375646,https://www.tiktok.com/@lifecanbebeautiful___/video/7612400610767375646
7682426830049103125,https://www.tiktok.com/@lenta_meos_/video/7682426830049103125
7679930721758121236,https://www.tiktok.com/@amiscde/video/7679930721758121236
7659579390069673229,https://www.tiktok.com/@actualljuniper/video/7659579390069673229
7681697540546530567,https://www.tiktok.com/@zhetynshy_synyp0/video/7681697540546530567
7669773274846481686,https://www.tiktok.com/@ketamin4ik19910704/video/7669773274846481686
7636875569883335967,https://www.tiktok.com/@new_lyrics707/video/7636875569883335967
7602372435396316434,https://www.tiktok.com/@sanechka.qk/video/7602372435396316434
7686649663453203732,https://www.tiktok.com/@tamuna_menro_books/video/7686649663453203732
7644187262321806613,https://www.tiktok.com/@moonlight2078/video/7644187262321806613
7653532423191268616,https://www.tiktok.com/@odessa_84/video/7653532423191268616
7643161198267092242,https://www.tiktok.com/@marinka7y/video/7643161198267092242
7650912600259169557,https://www.tiktok.com/@miory_news/video/7650912600259169557
7642730604236131615,https://www.tiktok.com/@ljewell_/video/7642730604236131615
7644132766610672897,https://www.tiktok.com/@tv7_kz/video/7644132766610672897
7646458920067976468,https://www.tiktok.com/@vloda_27/video/7646458920067976468
7607493115246644502,https://www.tiktok.com/@evelin.kg1/video/7607493115246644502
7645362885526523144,https://www.tiktok.com/@anastasiiaa_69/video/7645362885526523144
7656023842724318482,https://www.tiktok.com/@zhambyl0v01/video/7656023842724318482
7643357430734146830,https://www.tiktok.com/@khaters/video/7643357430734146830
7644207352463297800,https://www.tiktok.com/@sophia.sokolova/video/7644207352463297800
7646705431968107784,https://www.tiktok.com/@yyakovishenn/video/7646705431968107784
7643635663295876372,https://www.tiktok.com/@rina__4444/video/7643635663295876372
7684160428141743381,https://www.tiktok.com/@11b.21mektep/video/7684160428141743381
7621265655987260685,https://www.tiktok.com/@pretty_mentality/video/7621265655987260685
7680519447198829842,https://www.tiktok.com/@destetsalon/video/7680519447198829842
7671223393693306119,https://www.tiktok.com/@trend.lenta/video/7671223393693306119
7680898864098069781,https://www.tiktok.com/@lenta_meos_/video/7680898864098069781
7674421660606270727,https://www.tiktok.com/@twelve_one91/video/7674421660606270727
7690228507959414037,https://www.tiktok.com/@user851786990/video/7690228507959414037
7680913125322919189,https://www.tiktok.com/@welcometograde6_abubaqar/video/7680913125322919189
7669520557309709582,https://www.tiktok.com/@ellaa_faith2/video/7669520557309709582
7681112808225869064,https://www.tiktok.com/@pageturner.quotes/video/7681112808225869064
7601778181649026312,https://www.tiktok.com/@lataffi/video/7601778181649026312
7672359756874534162,https://www.tiktok.com/@vupysknik_com_ua/video/7672359756874534162
7670243100941487368,https://www.tiktok.com/@lklens/video/7670243100941487368
7685694893636734229,https://www.tiktok.com/@_11b.klacc_/video/7685694893636734229
7605946820312812818,https://www.tiktok.com/@11v.23/video/7605946820312812818
7557089676591385867,https://www.tiktok.com/@medinaaa.ii/video/7557089676591385867
7691641575293684999,https://www.tiktok.com/@temychhh_/video/7691641575293684999
7557061994986196246,https://www.tiktok.com/@nu_riik777/video/7557061994986196246
7654824136409189663,https://www.tiktok.com/@vogue_of_your_fyp/video/7654824136409189663
7678630168851778836,https://www.tiktok.com/@mnxa31/video/7678630168851778836
7679764239539621140,https://www.tiktok.com/@lehich.09/video/7679764239539621140
7688339958683192609,https://www.tiktok.com/@arimelkaa/video/7688339958683192609
7676906273043942689,https://www.tiktok.com/@kira_blackkk/video/7676906273043942689
7690575453635104032,https://www.tiktok.com/@vlams54/video/7690575453635104032
7666903006796877077,https://www.tiktok.com/@daneliagrl/video/7666903006796877077
7689041724894760244,https://www.tiktok.com/@temychhh_/video/7689041724894760244
7688608161913195798,https://www.tiktok.com/@kirzsas/video/7688608161913195798
7587768788108512533,https://www.tiktok.com/@storm.poem/video/7587768788108512533
7641813247938645268,https://www.tiktok.com/@thisisour0/video/7641813247938645268
7690929922725940500,https://www.tiktok.com/@alena_sahnova/video/7690929922725940500
7691657993783463186,https://www.tiktok.com/@nasnzc/video/7691657993783463186
7680147361007586581,https://www.tiktok.com/@butovskyyy/video/7680147361007586581
7691407197837790484,https://www.tiktok.com/@ab1shhka/video/7691407197837790484
7691716602588351764,https://www.tiktok.com/@aminemtop/video/7691716602588351764
7651642969891654944,https://www.tiktok.com/@soniukafrunza/video/7651642969891654944
7691693626828688661,https://www.tiktok.com/@ss__mal_/video/7691693626828688661
7691660781850578197,https://www.tiktok.com/@polyashkaaasw/video/7691660781850578197
7682779875081571602,https://www.tiktok.com/@taiyr.sss/video/7682779875081571602
7683888330383232272,https://www.tiktok.com/@prosto.aneka/video/7683888330383232272
7680491438265634066,https://www.tiktok.com/@shinys.sofi/video/7680491438265634066
7679560311619210512,https://www.tiktok.com/@sbikz/video/7679560311619210512
7603709171237735713,https://www.tiktok.com/@user8520143846196/video/7603709171237735713
7685299157279591701,https://www.tiktok.com/@winsaid4/video/7685299157279591701
7684545077519289621,https://www.tiktok.com/@qqwsal/video/7684545077519289621
7686522276551986452,https://www.tiktok.com/@swaagfion_/video/7686522276551986452
7682774717408824596,https://www.tiktok.com/@pohozhie2/video/7682774717408824596
7690187164826553632,https://www.tiktok.com/@durev_vpn/video/7690187164826553632
7683744470998797575,https://www.tiktok.com/@sautbaeva.au/video/7683744470998797575
7686728795121896711,https://www.tiktok.com/@madixsww/video/7686728795121896711
7683112045939608852,https://www.tiktok.com/@user8039458122737/video/7683112045939608852
7691761650990402817,https://www.tiktok.com/@anvilka0_0/video/7691761650990402817
7683877404342832392,https://www.tiktok.com/@sofika.sh/video/7683877404342832392
7688657464635510023,https://www.tiktok.com/@taiyr.sss/video/7688657464635510023
7643795091819154696,https://www.tiktok.com/@meshvt/video/7643795091819154696
7662677201397107975,https://www.tiktok.com/@nezarr46/video/7662677201397107975
7690504937939209480,https://www.tiktok.com/@hamburgervampa/video/7690504937939209480
7662284553909734677,https://www.tiktok.com/@iy.s81/video/7662284553909734677
7645654900109479188,https://www.tiktok.com/@waansesa/video/7645654900109479188
7583251434397895992,https://www.tiktok.com/@mewwo_o/video/7583251434397895992
7647221271805119776,https://www.tiktok.com/@yasikayasmin/video/7647221271805119776
7632232969201044744,https://www.tiktok.com/@jealous.owner/video/7632232969201044744
7685653240653876501,https://www.tiktok.com/@aitiev_10a/video/7685653240653876501
7647598519716728085,https://www.tiktok.com/@saifer026/video/7647598519716728085
7688036645274275080,https://www.tiktok.com/@infomoscow24/video/7688036645274275080
7688117132617321746,https://www.tiktok.com/@chirko9/video/7688117132617321746
7644880360630783252,https://www.tiktok.com/@alena_sahnova/video/7644880360630783252
7646417705863630100,https://www.tiktok.com/@zhlxuj/video/7646417705863630100
7643896477336489237,https://www.tiktok.com/@_alikhaan8/video/7643896477336489237
7684701812162628884,https://www.tiktok.com/@pasmurno/video/7684701812162628884
7606796951828401421,https://www.tiktok.com/@mary_15.s/video/7606796951828401421
7681723006980312328,https://www.tiktok.com/@11ae_malybay/video/7681723006980312328
7686398721898188053,https://www.tiktok.com/@yarosllavochka/video/7686398721898188053
7689503999518723358,https://www.tiktok.com/@burmalda_l1/video/7689503999518723358
7683474818045414674,https://www.tiktok.com/@taiyr.sss/video/7683474818045414674
7683569189130456341,https://www.tiktok.com/@v.alyaska/video/7683569189130456341
7683608017627024673,https://www.tiktok.com/@serialxxi/video/7683608017627024673
7684932824415112455,https://www.tiktok.com/@marslanovaass/video/7684932824415112455
7676397556590578966,https://www.tiktok.com/@bobgubka0/video/7676397556590578966
7667999504360017159,https://www.tiktok.com/@alyaits77/video/7667999504360017159
7691797123683306773,https://www.tiktok.com/@krioscore/video/7691797123683306773
7668662286659325205,https://www.tiktok.com/@alena_sahnova/video/7668662286659325205
7660096043337485590,https://www.tiktok.com/@video_mmmm3/video/7660096043337485590
7632276021907033365,https://www.tiktok.com/@alena_sahnova/video/7632276021907033365
7638605769226718496,https://www.tiktok.com/@kaalau__/video/7638605769226718496
7647272801677741320,https://www.tiktok.com/@absolutik2288/video/7647272801677741320
7676459378509204756,https://www.tiktok.com/@alena_sahnova/video/7676459378509204756
7680585530999983381,https://www.tiktok.com/@creeplinyou0/video/7680585530999983381
7660459472434875661,https://www.tiktok.com/@misi.li55/video/7660459472434875661
7568763702627945748,https://www.tiktok.com/@slovovioletti/video/7568763702627945748
7636398727095192850,https://www.tiktok.com/@litsey_school_10gh_/video/7636398727095192850
7686884266524855572,https://www.tiktok.com/@adrenalinhouse.ru/video/7686884266524855572
7634106844910193927,https://www.tiktok.com/@litsey_school_10gh_/video/7634106844910193927
7572489518645890360,https://www.tiktok.com/@mimqws/video/7572489518645890360
7677542847775509767,https://www.tiktok.com/@r0wyyyzwerr/video/7677542847775509767
7680165182810688789,https://www.tiktok.com/@sidelnikovvv/video/7680165182810688789
7600323854006783262,https://www.tiktok.com/@vika_06112012/video/7600323854006783262
7691543861071482113,https://www.tiktok.com/@maxim0440.1/video/7691543861071482113
7625540109609323789,https://www.tiktok.com/@oshar.k/video/7625540109609323789
7561689047337274655,https://www.tiktok.com/@romanovskayshool/video/7561689047337274655
7626369635025292562,https://www.tiktok.com/@anarhan_taalaibekovna/video/7626369635025292562
7623461692365737237,https://www.tiktok.com/@andrey.alekseev.dance/video/7623461692365737237
7624407037887188246,https://www.tiktok.com/@logic_task1/video/7624407037887188246
7684552949762215189,https://www.tiktok.com/@crawlexcut/video/7684552949762215189
7562908043550166295,https://www.tiktok.com/@nasok467/video/7562908043550166295
7584912503834938646,https://www.tiktok.com/@user70683812987813/video/7584912503834938646
7691758261548092692,https://www.tiktok.com/@lord_hockey/video/7691758261548092692
7690605521744727309,https://www.tiktok.com/@dumbazz_fann1/video/7690605521744727309
7688311753112882452,https://www.tiktok.com/@user012067763/video/7688311753112882452
7690469816171367687,https://www.tiktok.com/@daswee16/video/7690469816171367687
7690135101878947104,https://www.tiktok.com/@upgradeinside/video/7690135101878947104
7645185874551901461,https://www.tiktok.com/@henk41357/video/7645185874551901461
7579964418650361119,https://www.tiktok.com/@soundtagcompany/video/7579964418650361119
7669432811937582343,https://www.tiktok.com/@ksy_mylife/video/7669432811937582343
7673483500867194133,https://www.tiktok.com/@him_gooot/video/7673483500867194133
7687612536362978593,https://www.tiktok.com/@brestnovosti1/video/7687612536362978593
7653220143782219029,https://www.tiktok.com/@krizic17/video/7653220143782219029
7584532241246719252,https://www.tiktok.com/@news.first/video/7584532241246719252
7670683251547131137,https://www.tiktok.com/@bloodpetal29/video/7670683251547131137
7691353578195193102,https://www.tiktok.com/@sigidakaterina/video/7691353578195193102
7582133388140678456,https://www.tiktok.com/@amonyyaa/video/7582133388140678456
7652304604637433110,https://www.tiktok.com/@byharim/video/7652304604637433110
7650227905338805518,https://www.tiktok.com/@wghiaf2/video/7650227905338805518
7651488249550048530,https://www.tiktok.com/@pipicka_omagad/video/7651488249550048530
7686550091506715911,https://www.tiktok.com/@kibrish74/video/7686550091506715911
7680406647097003266,https://www.tiktok.com/@pradamansion/video/7680406647097003266
7575941767338478869,https://www.tiktok.com/@malvi.cos/video/7575941767338478869
7647528709808770322,https://www.tiktok.com/@permovich/video/7647528709808770322
7650457602970750228,https://www.tiktok.com/@takiesibe/video/7650457602970750228
7653120213226884373,https://www.tiktok.com/@toprepet/video/7653120213226884373
7682366770107141389,https://www.tiktok.com/@mky1no/video/7682366770107141389
7660462464714181896,https://www.tiktok.com/@sanyaebonit/video/7660462464714181896
7654608278760246536,https://www.tiktok.com/@over.acted/video/7654608278760246536
7654698721849969940,https://www.tiktok.com/@nikognom/video/7654698721849969940
7683786355624758550,https://www.tiktok.com/@.jesus_lover11037/video/7683786355624758550
7668686284784733472,https://www.tiktok.com/@kittywr.10/video/7668686284784733472
7650209043117772034,https://www.tiktok.com/@viciebski_kray/video/7650209043117772034
7630928240051227912,https://www.tiktok.com/@eno_oki/video/7630928240051227912
7650482028416224532,https://www.tiktok.com/@youjitof/video/7650482028416224532
7602578234710002964,https://www.tiktok.com/@karrtavaya69l/video/7602578234710002964
7672863919437876488,https://www.tiktok.com/@shreelanker/video/7672863919437876488
7580836845735415058,https://www.tiktok.com/@nyan.off/video/7580836845735415058
7629334443987045640,https://www.tiktok.com/@_.mjla._/video/7629334443987045640
7678237631448091935,https://www.tiktok.com/@soooktiklol/video/7678237631448091935
7666207835323190560,https://www.tiktok.com/@valentina.taranin4/video/7666207835323190560
7658183301865262354,https://www.tiktok.com/@sveta.koneva/video/7658183301865262354
7556242079857380621,https://www.tiktok.com/@zmicherovskaya_teacher/video/7556242079857380621
7652063216310242567,https://www.tiktok.com/@kdrschn/video/7652063216310242567
7672452587995663623,https://www.tiktok.com/@shar_out/video/7672452587995663623
7610487588138274055,https://www.tiktok.com/@hellobro9990/video/7610487588138274055
7633513191556893973,https://www.tiktok.com/@irinastav_0115/video/7633513191556893973
7665018175293000992,https://www.tiktok.com/@vladislavchenchak/video/7665018175293000992
7577497063366200584,https://www.tiktok.com/@lina122114/video/7577497063366200584
7688811410461052193,https://www.tiktok.com/@vladislavchenchak/video/7688811410461052193
7583035483169590548,https://www.tiktok.com/@_apple_head_25/video/7583035483169590548
7604424569490803988,https://www.tiktok.com/@r4zer98/video/7604424569490803988
7634960696509304084,https://www.tiktok.com/@doctorashow/video/7634960696509304084
7625076057745444127,https://www.tiktok.com/@buekhh3/video/7625076057745444127
7646716645985111304,https://www.tiktok.com/@petrovmichail/video/7646716645985111304
7652385114751618324,https://www.tiktok.com/@llcheckll/video/7652385114751618324
7673069766008966420,https://www.tiktok.com/@aauwk0/video/7673069766008966420
7678834921716108551,https://www.tiktok.com/@palinachereza/video/7678834921716108551
7659434579547147540,https://www.tiktok.com/@melekkkysha/video/7659434579547147540
7661625509977115925,https://www.tiktok.com/@ebobeblyat/video/7661625509977115925
7586343022221200647,https://www.tiktok.com/@gotosleepl/video/7586343022221200647
7652353688681434399,https://www.tiktok.com/@kimpintish11/video/7652353688681434399
7656102075595623698,https://www.tiktok.com/@fedya.ivanov/video/7656102075595623698
7565476420781149462,https://www.tiktok.com/@fontana_loberyy/video/7565476420781149462
7645337701125868821,https://www.tiktok.com/@_tatyana_pavlovna/video/7645337701125868821
7650890348880760082,https://www.tiktok.com/@melinolio/video/7650890348880760082
7677023229889793298,https://www.tiktok.com/@esen_nt2/video/7677023229889793298
7584061244324302101,https://www.tiktok.com/@miss.bartly/video/7584061244324302101
7686412766105652498,https://www.tiktok.com/@vikikshhh/video/7686412766105652498
7639258345085488385,https://www.tiktok.com/@artem_he30/video/7639258345085488385
7601741610249997588,https://www.tiktok.com/@banumirz/video/7601741610249997588
7691731583883136264,https://www.tiktok.com/@gotosleepl/video/7691731583883136264
7629696392755236104,https://www.tiktok.com/@lenlihx/video/7629696392755236104
7681770197711113504,https://www.tiktok.com/@haemson_/video/7681770197711113504
7671395495159385352,https://www.tiktok.com/@llqhrr/video/7671395495159385352
7575949885367880982,https://www.tiktok.com/@anastasia.clairee/video/7575949885367880982
7632668582173838612,https://www.tiktok.com/@mmtveyy/video/7632668582173838612
7686200730956352788,https://www.tiktok.com/@anx1i3ety/video/7686200730956352788
7667987207629786376,https://www.tiktok.com/@ka_zeel/video/7667987207629786376
7601225745825828151,https://www.tiktok.com/@sweet_ju__/video/7601225745825828151
7685760315144834336,https://www.tiktok.com/@likeromanty/video/7685760315144834336
7685092844935204114,https://www.tiktok.com/@romanovatoria/video/7685092844935204114
7690968630330281224,https://www.tiktok.com/@egor.pyst/video/7690968630330281224
7674975204648455442,https://www.tiktok.com/@aa_simonyan/video/7674975204648455442
7654533520546696469,https://www.tiktok.com/@tartimka/video/7654533520546696469
7673214660539075858,https://www.tiktok.com/@_daryaxq_/video/7673214660539075858
7691352039514754325,https://www.tiktok.com/@voka.clinic/video/7691352039514754325
7646053985148833046,https://www.tiktok.com/@im.denisovnaa/video/7646053985148833046
7686189080496852245,https://www.tiktok.com/@mariyaomg__/video/7686189080496852245
7675320986555862305,https://www.tiktok.com/@usmarero/video/7675320986555862305
7651618857215479060,https://www.tiktok.com/@askhatkyzyy.__/video/7651618857215479060
7659139179527392533,https://www.tiktok.com/@djannatnurieva/video/7659139179527392533
7667907238152998164,https://www.tiktok.com/@nskkkaa/video/7667907238152998164
7681574626467646740,https://www.tiktok.com/@lu3ra7/video/7681574626467646740
7675966847283498260,https://www.tiktok.com/@nikolossss8/video/7675966847283498260
7683474228598836498,https://www.tiktok.com/@meangirlsboss/video/7683474228598836498
7671932971007413525,https://www.tiktok.com/@mabie.zxz/video/7671932971007413525
7675958886154784021,https://www.tiktok.com/@sz.amilya/video/7675958886154784021
7690272036299508999,https://www.tiktok.com/@turanahmedovvv/video/7690272036299508999
7689144908384357639,https://www.tiktok.com/@turanahmedovvv/video/7689144908384357639
7680609495617260808,https://www.tiktok.com/@wiwqqxs_/video/7680609495617260808
7684174753560644871,https://www.tiktok.com/@vladimirsagildi/video/7684174753560644871
7684996518184602900,https://www.tiktok.com/@yul.diary/video/7684996518184602900
7672691062279834911,https://www.tiktok.com/@yasmin_mus/video/7672691062279834911
7683599449054055687,https://www.tiktok.com/@marta.tarnovetska/video/7683599449054055687
7667248777186626824,https://www.tiktok.com/@julia.omachado/video/7667248777186626824
7682146167018507527,https://www.tiktok.com/@marta.tarnovetska/video/7682146167018507527
7650939855773371669,https://www.tiktok.com/@anvar_iristayev/video/7650939855773371669
7687972688710749473,https://www.tiktok.com/@famkelouiseofficial_/video/7687972688710749473
7662507895405153566,https://www.tiktok.com/@creationentertainment/video/7662507895405153566
7680147599180975380,https://www.tiktok.com/@serillove.ua/video/7680147599180975380
7682410573790792968,https://www.tiktok.com/@sshushkaaa/video/7682410573790792968
7660436445647228181,https://www.tiktok.com/@katka.www29/video/7660436445647228181
7675683252081888532,https://www.tiktok.com/@cnu.vs.official/video/7675683252081888532
7675286306942946580,https://www.tiktok.com/@swxzui/video/7675286306942946580
7678297679192935697,https://www.tiktok.com/@haleppaaaa/video/7678297679192935697
7657584688835382541,https://www.tiktok.com/@kinocobra12/video/7657584688835382541
7609886539040034068,https://www.tiktok.com/@abituriyent2026.d/video/7609886539040034068
7614416323967225108,https://www.tiktok.com/@abituriyent2026.d/video/7614416323967225108
7641299721188855073,https://www.tiktok.com/@ucas_online/video/7641299721188855073
7621928667173637409,https://www.tiktok.com/@ferrabi27.effner/video/7621928667173637409
7642215884131454241,https://www.tiktok.com/@ferrabi27.effner/video/7642215884131454241
7650503741547842849,https://www.tiktok.com/@ferrabi27.effner/video/7650503741547842849
7603422851072363799,https://www.tiktok.com/@ferrabi27.effner/video/7603422851072363799
7631873024853134625,https://www.tiktok.com/@ferrabi27.effner/video/7631873024853134625
7605242470183619862,https://www.tiktok.com/@ferrabi27.effner/video/7605242470183619862
7606053606587927831,https://www.tiktok.com/@ferrabi27.effner/video/7606053606587927831
7683934459267190038,https://www.tiktok.com/@politehtgn/video/7683934459267190038
7690873065978236181,https://www.tiktok.com/@studlife.mp4/video/7690873065978236181
7686097955526331681,https://www.tiktok.com/@u._uliana_.a/video/7686097955526331681
7681314113489964309,https://www.tiktok.com/@bgsha_ekfak/video/7681314113489964309
7671193328305687821,https://www.tiktok.com/@miywwsalrxx/video/7671193328305687821
7690943334096948493,https://www.tiktok.com/@newt_runner_maze/video/7690943334096948493
7684324748527930645,https://www.tiktok.com/@narta.study/video/7684324748527930645
7567401530102533396,https://www.tiktok.com/@osipovaa_d/video/7567401530102533396
7683608435346165012,https://www.tiktok.com/@darryanass/video/7683608435346165012
7680459824915696914,https://www.tiktok.com/@wqutir/video/7680459824915696914
7687571409844931872,https://www.tiktok.com/@makarlistkov/video/7687571409844931872
7618179373794921749,https://www.tiktok.com/@riinxxie/video/7618179373794921749
7689788346620497172,https://www.tiktok.com/@yyudonn/video/7689788346620497172
7683072862449683744,https://www.tiktok.com/@makarlistkov/video/7683072862449683744
7556620868064005383,https://www.tiktok.com/@mattksrtq/video/7556620868064005383
7576950775566339336,https://www.tiktok.com/@yanessa.smet/video/7576950775566339336
7603389821205237024,https://www.tiktok.com/@makarlistkov/video/7603389821205237024
7682788831401348373,https://www.tiktok.com/@veron0700/video/7682788831401348373
7682710897869131015,https://www.tiktok.com/@y9nss/video/7682710897869131015
7644554467232337172,https://www.tiktok.com/@imfine.noimnot/video/7644554467232337172
7684626811644398869,https://www.tiktok.com/@veron0700/video/7684626811644398869
7686736360744520993,https://www.tiktok.com/@makarlistkov/video/7686736360744520993
7684313756335230215,https://www.tiktok.com/@holera_talk_forever/video/7684313756335230215
7691358362419612980,https://www.tiktok.com/@alisanovbio/video/7691358362419612980
7690982236765637889,https://www.tiktok.com/@molnia_union/video/7690982236765637889
7627478382791494945,https://www.tiktok.com/@makarlistkov/video/7627478382791494945
7680273822641130772,https://www.tiktok.com/@lizaratatata/video/7680273822641130772
7689397978901024033,https://www.tiktok.com/@kate.in.france/video/7689397978901024033
7682061441683475719,https://www.tiktok.com/@oddilliya/video/7682061441683475719
7691144454144593166,https://www.tiktok.com/@zaraza_az/video/7691144454144593166
7684697643477404960,https://www.tiktok.com/@mne_lenq/video/7684697643477404960
7686068737715408146,https://www.tiktok.com/@varryall1/video/7686068737715408146
7684192036211133729,https://www.tiktok.com/@wurenok/video/7684192036211133729
7680722419736120597,https://www.tiktok.com/@qqqwrks/video/7680722419736120597
7626153488397077782,https://www.tiktok.com/@sower.u/video/7626153488397077782
7688281505293962517,https://www.tiktok.com/@slavabeater2/video/7688281505293962517
7685399680355667230,https://www.tiktok.com/@yanchiiikstar/video/7685399680355667230
7681329269380877599,https://www.tiktok.com/@annssiiaa/video/7681329269380877599
7644883280717827348,https://www.tiktok.com/@lbesenokk/video/7644883280717827348
7691264188315979021,https://www.tiktok.com/@mettmoney/video/7691264188315979021
7686552184929963286,https://www.tiktok.com/@mvpmirangel/video/7686552184929963286
7689494879369432341,https://www.tiktok.com/@mantsiger/video/7689494879369432341
7663248876891114765,https://www.tiktok.com/@footfabric14/video/7663248876891114765
7681780391958646024,https://www.tiktok.com/@karinassurvival/video/7681780391958646024
7687661851278052626,https://www.tiktok.com/@kropottin/video/7687661851278052626
7689027382816083220,https://www.tiktok.com/@pyrokinesis_h/video/7689027382816083220
7609795296452791574,https://www.tiktok.com/@inventinganna_/video/7609795296452791574
7607836496644541726,https://www.tiktok.com/@icywhy1/video/7607836496644541726
7672401506095680788,https://www.tiktok.com/@ksiuvand/video/7672401506095680788
7679125597544664341,https://www.tiktok.com/@rallinw/video/7679125597544664341
7691308977895820574,https://www.tiktok.com/@jetminds.company/video/7691308977895820574
7682856444030405920,https://www.tiktok.com/@stepulenok.ekaterina/video/7682856444030405920
7677660473235442977,https://www.tiktok.com/@stepulenok.ekaterina/video/7677660473235442977
7670498482058267911,https://www.tiktok.com/@__maybeornotoryes/video/7670498482058267911
7685450934033403144,https://www.tiktok.com/@snuy.us/video/7685450934033403144
7642683733392346376,https://www.tiktok.com/@rootstat/video/7642683733392346376
7624258983657868565,https://www.tiktok.com/@ulyafe/video/7624258983657868565
7679161942895824135,https://www.tiktok.com/@nikolay.elgin/video/7679161942895824135
7675304729320213768,https://www.tiktok.com/@tengrinewskz/video/7675304729320213768
7691409274156715297,https://www.tiktok.com/@sanyapokatrezv/video/7691409274156715297
7627081029320232200,https://www.tiktok.com/@simmedkz/video/7627081029320232200
7663577884463729928,https://www.tiktok.com/@jawa_prog/video/7663577884463729928
7681266888235961607,https://www.tiktok.com/@altedukz/video/7681266888235961607
7681973748018236692,https://www.tiktok.com/@gupp5_au/video/7681973748018236692
7580691549512617272,https://www.tiktok.com/@culture.bsu/video/7580691549512617272
7691274848252726549,https://www.tiktok.com/@alisksir/video/7691274848252726549
7601514822882135304,https://www.tiktok.com/@eviks26/video/7601514822882135304
7683130529729809671,https://www.tiktok.com/@uir1.aupprb/video/7683130529729809671
7691400445574565141,https://www.tiktok.com/@irinagutsko/video/7691400445574565141
7680042379587423509,https://www.tiktok.com/@ggullinguacouncil/video/7680042379587423509
7683528587802152199,https://www.tiktok.com/@mashikjaan/video/7683528587802152199
7691607232521325844,https://www.tiktok.com/@adskiy_dristun1000_7/video/7691607232521325844
7647944947248794888,https://www.tiktok.com/@oblv9o/video/7647944947248794888
7683055691359128853,https://www.tiktok.com/@gupp5_au/video/7683055691359128853
7682717219331247378,https://www.tiktok.com/@delovaya___t/video/7682717219331247378
7680833875697749280,https://www.tiktok.com/@endrume/video/7680833875697749280
7685350540737383698,https://www.tiktok.com/@sshhhinee/video/7685350540737383698
7683106708066946311,https://www.tiktok.com/@uir1.aupprb/video/7683106708066946311
7681724825286511885,https://www.tiktok.com/@kyherav1y/video/7681724825286511885
7691070689096273182,https://www.tiktok.com/@ira.want/video/7691070689096273182
7683556911958084882,https://www.tiktok.com/@viskkass_/video/7683556911958084882
7688966744924278048,https://www.tiktok.com/@isgo_mpgu/video/7688966744924278048
7565506815958453515,https://www.tiktok.com/@cinema.eveningffsn/video/7565506815958453515
7672401865010679072,https://www.tiktok.com/@notyour.masha/video/7672401865010679072
7683825731251539220,https://www.tiktok.com/@zlatsgaik/video/7683825731251539220
7691795654695193887,https://www.tiktok.com/@iriski.house/video/7691795654695193887
7679534765858442526,https://www.tiktok.com/@midnightsoul757/video/7679534765858442526
7631905438740548882,https://www.tiktok.com/@asinussssss/video/7631905438740548882
7686856047310490888,https://www.tiktok.com/@d3n4iikk/video/7686856047310490888
7566576273917529400,https://www.tiktok.com/@prof_ikta/video/7566576273917529400
7680974726595972373,https://www.tiktok.com/@vlazina/video/7680974726595972373
7688809784639851797,https://www.tiktok.com/@msf_brsm/video/7688809784639851797
7680938020773580053,https://www.tiktok.com/@angelishka_malyshka/video/7680938020773580053
7634174101094993170,https://www.tiktok.com/@oneu_official/video/7634174101094993170
7685020276245187872,https://www.tiktok.com/@angelldzd/video/7685020276245187872
7680500255951031573,https://www.tiktok.com/@philology_mspu/video/7680500255951031573
7681350759140822279,https://www.tiktok.com/@ladna18/video/7681350759140822279
7691274734859717908,https://www.tiktok.com/@studlife.mp4/video/7691274734859717908
7685399201542458644,https://www.tiktok.com/@milani.a.a/video/7685399201542458644
7681536395646618900,https://www.tiktok.com/@theannewss/video/7681536395646618900
7680522054768151815,https://www.tiktok.com/@profsouzbteu/video/7680522054768151815
7682664652756536594,https://www.tiktok.com/@altedukz/video/7682664652756536594
7685281110737145120,https://www.tiktok.com/@melanholiks/video/7685281110737145120
7608508831127096584,https://www.tiktok.com/@social_media.kazutb/video/7608508831127096584
7618185501236874517,https://www.tiktok.com/@lkarnov/video/7618185501236874517
7685076270694157575,https://www.tiktok.com/@nenekit21/video/7685076270694157575
7681315468556193045,https://www.tiktok.com/@nikeely/video/7681315468556193045
7637557484521114900,https://www.tiktok.com/@xmysself/video/7637557484521114900
7606374994989468949,https://www.tiktok.com/@vi_dolgova/video/7606374994989468949
7684224523834576135,https://www.tiktok.com/@fmme_family/video/7684224523834576135
7683572217082596611,https://www.tiktok.com/@mppgrl_/video/7683572217082596611
7668327871622040840,https://www.tiktok.com/@studmedia_bntu/video/7668327871622040840
7689084190461136146,https://www.tiktok.com/@itmoru/video/7689084190461136146
7683481078035893524,https://www.tiktok.com/@fedyabredya11/video/7683481078035893524
7557278016208964886,https://www.tiktok.com/@kalleriys/video/7557278016208964886
7653195969202294023,https://www.tiktok.com/@akonyny/video/7653195969202294023
7634881582423084302,https://www.tiktok.com/@impromik3/video/7634881582423084302
7646813196866587924,https://www.tiktok.com/@annushka_makeuptutorial/video/7646813196866587924
7605145342505487637,https://www.tiktok.com/@rarcticx/video/7605145342505487637
7688664761243815189,https://www.tiktok.com/@vostokazumo/video/7688664761243815189
7593295672820993291,https://www.tiktok.com/@donj0ns/video/7593295672820993291
7585912407176908064,https://www.tiktok.com/@makarlistkov/video/7585912407176908064
7675669008837774625,https://www.tiktok.com/@rafael_frk/video/7675669008837774625
7685782633183202581,https://www.tiktok.com/@msu_fmie/video/7685782633183202581
7618649980273757470,https://www.tiktok.com/@arsenysamlv/video/7618649980273757470
7691727264437914902,https://www.tiktok.com/@velko_veche_uchi/video/7691727264437914902
7659038748587396383,https://www.tiktok.com/@yullya_in_italy/video/7659038748587396383
7676112422863637781,https://www.tiktok.com/@gsmushki_d206/video/7676112422863637781
7683953102931643669,https://www.tiktok.com/@annafongerd/video/7683953102931643669
7682670431937023250,https://www.tiktok.com/@black_mafi7036/video/7682670431937023250
7681399624283770132,https://www.tiktok.com/@aaliinkkk/video/7681399624283770132
7682713193076034824,https://www.tiktok.com/@oldenburg.life/video/7682713193076034824
7686876878350601488,https://www.tiktok.com/@anbookstu_/video/7686876878350601488
7641940027554975007,https://www.tiktok.com/@the_contrast_man/video/7641940027554975007
7684183993964645652,https://www.tiktok.com/@budik_qr/video/7684183993964645652
7664954886001282322,https://www.tiktok.com/@klosd016/video/7664954886001282322
7662495969187056914,https://www.tiktok.com/@_nadirbai/video/7662495969187056914
7684282491728858390,https://www.tiktok.com/@latiernakris/video/7684282491728858390
7691656055415147798,https://www.tiktok.com/@user99942510228001/video/7691656055415147798
7610857050112855303,https://www.tiktok.com/@senms/video/7610857050112855303
7684933801927134485,https://www.tiktok.com/@iruss.ka/video/7684933801927134485
7586000189568208139,https://www.tiktok.com/@marla_366/video/7586000189568208139
7571139758290734392,https://www.tiktok.com/@sashinmme/video/7571139758290734392
7557752456025869575,https://www.tiktok.com/@adelyushaaa/video/7557752456025869575
7689878799059586337,https://www.tiktok.com/@leonid20004/video/7689878799059586337
7691795855992458497,https://www.tiktok.com/@foryoureposts1/video/7691795855992458497
7686214369545325845,https://www.tiktok.com/@amoral_mgsu/video/7686214369545325845
7686787710480141588,https://www.tiktok.com/@_nnuray01/video/7686787710480141588
7662011623304858912,https://www.tiktok.com/@minaxx8x1/video/7662011623304858912
7686439638625520914,https://www.tiktok.com/@kateclubb/video/7686439638625520914
7689369471043079432,https://www.tiktok.com/@alt502room/video/7689369471043079432
7596182757089250571,https://www.tiktok.com/@mskn_97/video/7596182757089250571
7674564886214479125,https://www.tiktok.com/@arishulik_/video/7674564886214479125
7689811215819820320,https://www.tiktok.com/@yuliya.qx3/video/7689811215819820320
7632733908525731080,https://www.tiktok.com/@starosta_bsu/video/7632733908525731080
7685789783104212244,https://www.tiktok.com/@kary_berry_/video/7685789783104212244
7680193130481831189,https://www.tiktok.com/@fre.bsuir/video/7680193130481831189
7614975061044284692,https://www.tiktok.com/@smg.yana/video/7614975061044284692
7616322986001304852,https://www.tiktok.com/@dkmgsu/video/7616322986001304852
7590492535777250616,https://www.tiktok.com/@theglowspace_/video/7590492535777250616
7598881873019948310,https://www.tiktok.com/@super.nova.3020/video/7598881873019948310
7678361333934427400,https://www.tiktok.com/@advokat_panchak/video/7678361333934427400
7650529998637419794,https://www.tiktok.com/@naasstixss/video/7650529998637419794
7680969488224783624,https://www.tiktok.com/@anuts.wwz/video/7680969488224783624
7655443616143265042,https://www.tiktok.com/@fjpeek/video/7655443616143265042
7682155765553040660,https://www.tiktok.com/@antoshka_be/video/7682155765553040660
7629695088817409287,https://www.tiktok.com/@veneshkaa.study/video/7629695088817409287
7633917350416223509,https://www.tiktok.com/@gvkaa_/video/7633917350416223509
7680605361744694546,https://www.tiktok.com/@mvtr_v/video/7680605361744694546
7603020603313900821,https://www.tiktok.com/@v.e.r.o_n.i.k_a_/video/7603020603313900821
7591425377654934805,https://www.tiktok.com/@kenistady/video/7591425377654934805
7689855376954625332,https://www.tiktok.com/@p_kovalchuk/video/7689855376954625332
7667665367308766471,https://www.tiktok.com/@jastarruhy_geo/video/7667665367308766471
7679544250748390689,https://www.tiktok.com/@prod_by_project/video/7679544250748390689
7604537752931257621,https://www.tiktok.com/@ssddps/video/7604537752931257621
7680586649176165645,https://www.tiktok.com/@nata_nataxx/video/7680586649176165645
7689443135117675783,https://www.tiktok.com/@ratsky_lubomyr/video/7689443135117675783
7679529132279041312,https://www.tiktok.com/@prod_by_project/video/7679529132279041312
7630026878794943764,https://www.tiktok.com/@leanmeliss/video/7630026878794943764
7618614456108502303,https://www.tiktok.com/@dityaaatkoo/video/7618614456108502303
7689885912766958869,https://www.tiktok.com/@kllniiss/video/7689885912766958869
7665457812503285022,https://www.tiktok.com/@valkyrae/video/7665457812503285022
7680493906269572359,https://www.tiktok.com/@art_inveil/video/7680493906269572359
7649773556959694098,https://www.tiktok.com/@sgik.by/video/7649773556959694098
7689808273490431253,https://www.tiktok.com/@lebo_wadynamic/video/7689808273490431253
7673442345047559442,https://www.tiktok.com/@areiquor/video/7673442345047559442
7673060344125869330,https://www.tiktok.com/@borzova_iryna/video/7673060344125869330
7677540418258537736,https://www.tiktok.com/@rayadelastdragon/video/7677540418258537736
7665813807419116821,https://www.tiktok.com/@emirayoyo21/video/7665813807419116821
7677551792636415252,https://www.tiktok.com/@estehskibidi/video/7677551792636415252
7584307013597859086,https://www.tiktok.com/@mitia.mtf/video/7584307013597859086
7660572058283150623,https://www.tiktok.com/@annbymee/video/7660572058283150623
7579669422160366855,https://www.tiktok.com/@englilizon/video/7579669422160366855
7586350851225079058,https://www.tiktok.com/@katti_buerk/video/7586350851225079058
7660621798492491041,https://www.tiktok.com/@notthestudy/video/7660621798492491041
7647130068145294610,https://www.tiktok.com/@evulya_03/video/7647130068145294610
7690134044880784661,https://www.tiktok.com/@poly5322/video/7690134044880784661
7646005279355669780,https://www.tiktok.com/@lizusha_ko/video/7646005279355669780
7630799986048912661,https://www.tiktok.com/@charl_808/video/7630799986048912661
7661684115871190290,https://www.tiktok.com/@rus_ege_easy/video/7661684115871190290
7687293944371219732,https://www.tiktok.com/@germanovad/video/7687293944371219732
7619354287067467030,https://www.tiktok.com/@tg_ttnikurs_bot/video/7619354287067467030
7648505406213410070,https://www.tiktok.com/@.20274879/video/7648505406213410070
7689465273669258529,https://www.tiktok.com/@study.hype/video/7689465273669258529
7580466930637737237,https://www.tiktok.com/@julepoh/video/7580466930637737237
7671247628889246994,https://www.tiktok.com/@khabarovskay_18/video/7671247628889246994
7689550563691760914,https://www.tiktok.com/@study_with_me_ege/video/7689550563691760914
7653142972866759956,https://www.tiktok.com/@veyksiik/video/7653142972866759956
7691064480196758836,https://www.tiktok.com/@egenalegke/video/7691064480196758836
7680910649257397525,https://www.tiktok.com/@11ege1/video/7680910649257397525
7631174958537870614,https://www.tiktok.com/@ruslanochka36/video/7631174958537870614
7572629313816677639,https://www.tiktok.com/@yaa.darrya/video/7572629313816677639
7677971033143528725,https://www.tiktok.com/@murslivsss_egekurse/video/7677971033143528725
7674534223885126933,https://www.tiktok.com/@vishashe/video/7674534223885126933
7691737139914083592,https://www.tiktok.com/@katya_zaharova/video/7691737139914083592
7679873249164954901,https://www.tiktok.com/@11ege1/video/7679873249164954901
7690959178612968711,https://www.tiktok.com/@anton.mnogochl/video/7690959178612968711
7671573120456690964,https://www.tiktok.com/@11ege1/video/7671573120456690964
7650927920294497557,https://www.tiktok.com/@wh.sii/video/7650927920294497557
7689061810946788630,https://www.tiktok.com/@yaniip16/video/7689061810946788630
7690690776057023764,https://www.tiktok.com/@cto434/video/7690690776057023764
7595633978892127500,https://www.tiktok.com/@prestrelite/video/7595633978892127500
7686151237166714133,https://www.tiktok.com/@katerina_radova/video/7686151237166714133
7605682147323579679,https://www.tiktok.com/@ege_struggles_202/video/7605682147323579679
7659110685183348001,https://www.tiktok.com/@ann.aftergloow/video/7659110685183348001
7681973068457118983,https://www.tiktok.com/@newpeopletver/video/7681973068457118983
7664585495049030920,https://www.tiktok.com/@khanyx/video/7664585495049030920
7690301610890710293,https://www.tiktok.com/@wqowx_/video/7690301610890710293
7584088002444447007,https://www.tiktok.com/@zapreti_mne444/video/7584088002444447007
7689143793978838304,https://www.tiktok.com/@threads.stories8/video/7689143793978838304
7670985602300464406,https://www.tiktok.com/@rilining/video/7670985602300464406
7570746593960283400,https://www.tiktok.com/@kluch_k_russkomu/video/7570746593960283400
7584892070645517590,https://www.tiktok.com/@stuparalexandr/video/7584892070645517590
7652699286773255444,https://www.tiktok.com/@milkschool01/video/7652699286773255444
7591168032634899742,https://www.tiktok.com/@alex_solovei86/video/7591168032634899742
7572170621250030904,https://www.tiktok.com/@roshennyy/video/7572170621250030904
7579523658855566647,https://www.tiktok.com/@atlassee_/video/7579523658855566647
7691601733838966038,https://www.tiktok.com/@polly_inside/video/7691601733838966038
7574832837849894151,https://www.tiktok.com/@mem404ory/video/7574832837849894151
7691438758335384862,https://www.tiktok.com/@lind_gran/video/7691438758335384862
7688107285188447495,https://www.tiktok.com/@smartcode_academy_ua/video/7688107285188447495
7690334445689228552,https://www.tiktok.com/@dzhumhlw8f0/video/7690334445689228552
7690899002929319176,https://www.tiktok.com/@learnflow88/video/7690899002929319176
7691750106114149652,https://www.tiktok.com/@deffka0070/video/7691750106114149652
7659711477732936980,https://www.tiktok.com/@examchemistry/video/7659711477732936980
7691336787037392136,https://www.tiktok.com/@avie_osh/video/7691336787037392136
7606396456588774678,https://www.tiktok.com/@user1275794039815/video/7606396456588774678
7671680909527010592,https://www.tiktok.com/@thesaurus.obsch/video/7671680909527010592
7590761237961575688,https://www.tiktok.com/@global_ee_physics/video/7590761237961575688
7664598793286896916,https://www.tiktok.com/@bio_mira_otrubi/video/7664598793286896916
7629006061181209863,https://www.tiktok.com/@jenskiy_sekret_/video/7629006061181209863
7661646153993161992,https://www.tiktok.com/@jenskiy_sekret_/video/7661646153993161992
7690527299539684630,https://www.tiktok.com/@online.kg_shop/video/7690527299539684630
7681525751207824657,https://www.tiktok.com/@m.secret_osh/video/7681525751207824657
7676125088479235336,https://www.tiktok.com/@8888hojibobo/video/7676125088479235336
7679457164343119111,https://www.tiktok.com/@salmanov_denis/video/7679457164343119111
7620828217997380884,https://www.tiktok.com/@nurtilek_uraimov/video/7620828217997380884
7581451375259733266,https://www.tiktok.com/@dizaynprint/video/7581451375259733266
7641967403106143508,https://www.tiktok.com/@alfia_sh_op/video/7641967403106143508
7563680517737155860,https://www.tiktok.com/@avto_bereke/video/7563680517737155860
7665421903494008086,https://www.tiktok.com/@maths_mila/video/7665421903494008086
7641067579976731925,https://www.tiktok.com/@osh.reklama_/video/7641067579976731925
7627423604686327058,https://www.tiktok.com/@bael.avto_salon/video/7627423604686327058
7645011274123709717,https://www.tiktok.com/@zaporozhetsk/video/7645011274123709717
7680115026782326036,https://www.tiktok.com/@quest_osh/video/7680115026782326036
7675264584978271509,https://www.tiktok.com/@asyl..bereke/video/7675264584978271509
7590803134105095431,https://www.tiktok.com/@uchmane_global/video/7590803134105095431
7617867511329066258,https://www.tiktok.com/@radiouzel.bishkek_/video/7617867511329066258
7691701916279131413,https://www.tiktok.com/@jelly.miko/video/7691701916279131413
7584842253227625739,https://www.tiktok.com/@vikabombina/video/7584842253227625739
7679355686865866004,https://www.tiktok.com/@dana_minsk/video/7679355686865866004
7656341641371995408,https://www.tiktok.com/@m.secret_osh/video/7656341641371995408
7595252876059020551,https://www.tiktok.com/@laksheri.osh/video/7595252876059020551
7572142442179300616,https://www.tiktok.com/@radiouzel.reklama/video/7572142442179300616
7653190397874720014,https://www.tiktok.com/@kg_bul/video/7653190397874720014
7614219871823449352,https://www.tiktok.com/@sakina_kosmetika_o/video/7614219871823449352
7646854020627205394,https://www.tiktok.com/@rothmans774/video/7646854020627205394
7568762967370517768,https://www.tiktok.com/@radiouzel.reklama/video/7568762967370517768
7654161750002126101,https://www.tiktok.com/@alimov.tv/video/7654161750002126101
7680614741231799572,https://www.tiktok.com/@lolpiuyr/video/7680614741231799572
7690826180479421716,https://www.tiktok.com/@osh_trend/video/7690826180479421716
7630088411583434004,https://www.tiktok.com/@fantasiaosh/video/7630088411583434004
7574064802708917512,https://www.tiktok.com/@islam.midinovv/video/7574064802708917512
7685214400222907656,https://www.tiktok.com/@istore_06/video/7685214400222907656
7683489209654463775,https://www.tiktok.com/@touchforyou_beauty/video/7683489209654463775
7644481119919885589,https://www.tiktok.com/@altyn_blog/video/7644481119919885589
7609145595722255638,https://www.tiktok.com/@aidarali.maasalie/video/7609145595722255638
7684338754663763221,https://www.tiktok.com/@alfia_sh_op/video/7684338754663763221
7671274621739486482,https://www.tiktok.com/@khurulbaev/video/7671274621739486482
7560751461324344596,https://www.tiktok.com/@rashid_braun/video/7560751461324344596
7689035615526063381,https://www.tiktok.com/@shapyev/video/7689035615526063381
7657610550729395478,https://www.tiktok.com/@skripkary/video/7657610550729395478
7576618093934382343,https://www.tiktok.com/@alsatkg/video/7576618093934382343
7691580725358775570,https://www.tiktok.com/@mbti_true/video/7691580725358775570
7686635400768539918,https://www.tiktok.com/@archa.news/video/7686635400768539918
7689514411773447442,https://www.tiktok.com/@osh_reklama/video/7689514411773447442
7657822211033550098,https://www.tiktok.com/@rj_ism/video/7657822211033550098
7600377174457142549,https://www.tiktok.com/@bek_market1/video/7600377174457142549
7610356048469200146,https://www.tiktok.com/@osh_reklama/video/7610356048469200146
7689519390890413330,https://www.tiktok.com/@osh_reklama/video/7689519390890413330
7620689203369725204,https://www.tiktok.com/@ustanovka_dvereialmaty/video/7620689203369725204
7659251598731808032,https://www.tiktok.com/@tvoi.kliuchik_osh/video/7659251598731808032
7684361305972591888,https://www.tiktok.com/@news_optimism.kz/video/7684361305972591888
7585460907388554517,https://www.tiktok.com/@tehno_house312/video/7585460907388554517
7652731871373069589,https://www.tiktok.com/@sunqar_dordoi/video/7652731871373069589
7689557067404676359,https://www.tiktok.com/@osh_reklama/video/7689557067404676359
7589719253822082322,https://www.tiktok.com/@mr.mot1y/video/7589719253822082322
7689512609367837958,https://www.tiktok.com/@osh_reklama/video/7689512609367837958
7691789104425553172,https://www.tiktok.com/@joniusen/video/7691789104425553172
7641594563664088340,https://www.tiktok.com/@beishenjorobekov/video/7641594563664088340
7627917388335336711,https://www.tiktok.com/@bittexnika_optom/video/7627917388335336711
7690537126701649173,https://www.tiktok.com/@osh_trend/video/7690537126701649173
7688979700378602760,https://www.tiktok.com/@altyn_moobile/video/7688979700378602760
7604404632181312790,https://www.tiktok.com/@smartcamera_osh/video/7604404632181312790
7678727857400515860,https://www.tiktok.com/@osh_trend/video/7678727857400515860
7566110134611528980,https://www.tiktok.com/@huntprokg/video/7566110134611528980
7629251166173547809,https://www.tiktok.com/@silantev_studio/video/7629251166173547809
7679767459213167890,https://www.tiktok.com/@viktoria.ign/video/7679767459213167890
7617034988818681108,https://www.tiktok.com/@nikastarvanlav/video/7617034988818681108
7654589787948600584,https://www.tiktok.com/@vahrameevdes/video/7654589787948600584
7675736211163516182,https://www.tiktok.com/@1moosef/video/7675736211163516182
7672373989473389846,https://www.tiktok.com/@taogonaa/video/7672373989473389846
7686456276850642184,https://www.tiktok.com/@mdxx427/video/7686456276850642184
7598892653614353676,https://www.tiktok.com/@_mukroveif_421/video/7598892653614353676
7677697916772830484,https://www.tiktok.com/@ofilamkaa/video/7677697916772830484
7631287728914697490,https://www.tiktok.com/@varyajam1/video/7631287728914697490
7688605711634369800,https://www.tiktok.com/@voloshka1111/video/7688605711634369800
7658015589436362004,https://www.tiktok.com/@beer_twink/video/7658015589436362004
7691430056119242014,https://www.tiktok.com/@sonia_study5/video/7691430056119242014
7686186872883973396,https://www.tiktok.com/@vishashe/video/7686186872883973396
7690221890270481671,https://www.tiktok.com/@milanka9761/video/7690221890270481671
7691644255709777160,https://www.tiktok.com/@sofiya.dubko/video/7691644255709777160
7682130325488536839,https://www.tiktok.com/@smartcode_academy_ua/video/7682130325488536839
7691294137194253589,https://www.tiktok.com/@gek0_6/video/7691294137194253589
7648873367646326037,https://www.tiktok.com/@magazinrealodejda/video/7648873367646326037
7677867019844275488,https://www.tiktok.com/@bektur.invest/video/7677867019844275488
7669696882217667861,https://www.tiktok.com/@alimov.tv/video/7669696882217667861
7577691460586212629,https://www.tiktok.com/@morenzo_mens/video/7577691460586212629
7639627149430885653,https://www.tiktok.com/@uy.bazar.osh/video/7639627149430885653
7676924688811068692,https://www.tiktok.com/@islam_auto_sale/video/7676924688811068692
7654445701144907029,https://www.tiktok.com/@alimov.tv/video/7654445701144907029
7677207958320729364,https://www.tiktok.com/@islam_auto_sale/video/7677207958320729364
7675669732070018325,https://www.tiktok.com/@alimov.tv/video/7675669732070018325
7676092432336964871,https://www.tiktok.com/@santex.kgz/video/7676092432336964871
7680585577716043029,https://www.tiktok.com/@alfia_sh_op/video/7680585577716043029
7674987093231258900,https://www.tiktok.com/@alfia_sh_op/video/7674987093231258900
7660653588531645703,https://www.tiktok.com/@nurtilek_uraimov/video/7660653588531645703
7590251260226342162,https://www.tiktok.com/@tvoy_komp_osh/video/7590251260226342162
7580793634526727432,https://www.tiktok.com/@ozodbek_aybekov/video/7580793634526727432
7557002089520467208,https://www.tiktok.com/@avto_bereke/video/7557002089520467208
7625156660717210898,https://www.tiktok.com/@ozodbek_aybekov/video/7625156660717210898
7565785440918244626,https://www.tiktok.com/@949494s/video/7565785440918244626
7609670597420780821,https://www.tiktok.com/@user9690591398586/video/7609670597420780821
7556872919914269960,https://www.tiktok.com/@rybalkaosh1/video/7556872919914269960
7572134608901278983,https://www.tiktok.com/@ozodbek_aybekov/video/7572134608901278983
7669455024870722834,https://www.tiktok.com/@e.banner_ads/video/7669455024870722834
7656072797340355861,https://www.tiktok.com/@aalam_kabar/video/7656072797340355861
7677941587971706133,https://www.tiktok.com/@alimov.tv/video/7677941587971706133
7558037829696179474,https://www.tiktok.com/@ozodbek_aybekov/video/7558037829696179474
7602247879775816968,https://www.tiktok.com/@_avto_una_kg/video/7602247879775816968
7653386885695327509,https://www.tiktok.com/@alimov.tv/video/7653386885695327509
7672058649090608404,https://www.tiktok.com/@alfia_sh_op/video/7672058649090608404
7600027401241758983,https://www.tiktok.com/@ozodbek_aybekov/video/7600027401241758983
7673159821197118740,https://www.tiktok.com/@tandoo.kl/video/7673159821197118740
7574396840846658824,https://www.tiktok.com/@alsatkg/video/7574396840846658824
7677106110309879061,https://www.tiktok.com/@saghidasht_04/video/7677106110309879061
7595179489697565970,https://www.tiktok.com/@ozodbek_aybekov/video/7595179489697565970
7615920737018268936,https://www.tiktok.com/@alsatkg/video/7615920737018268936
7649415949547736341,https://www.tiktok.com/@_umid__jon/video/7649415949547736341
7583300093214756117,https://www.tiktok.com/@avto_bereke/video/7583300093214756117
7620818504291224839,https://www.tiktok.com/@ozodbek_aybekov/video/7620818504291224839
7690585990586535198,https://www.tiktok.com/@kirill_neiro/video/7690585990586535198
7575882974583966983,https://www.tiktok.com/@avto_bereke/video/7575882974583966983
7592226542197984532,https://www.tiktok.com/@avto_bereke/video/7592226542197984532
7585515685342760247,https://www.tiktok.com/@sivorotkapravda/video/7585515685342760247
7660577023366090004,https://www.tiktok.com/@ryumuor/video/7660577023366090004
7665787131071073557,https://www.tiktok.com/@darinix_.2/video/7665787131071073557
7663528580990717191,https://www.tiktok.com/@millix.i/video/7663528580990717191
7612051773519383815,https://www.tiktok.com/@mizhgzpv0nj/video/7612051773519383815
7650551590444748065,https://www.tiktok.com/@cewabb8/video/7650551590444748065
7660018744546086151,https://www.tiktok.com/@paradists_rgakaa/video/7660018744546086151
7677524629644119317,https://www.tiktok.com/@subsfromtina/video/7677524629644119317
7658669332951502102,https://www.tiktok.com/@alisshas.your/video/7658669332951502102
7690241610809969940,https://www.tiktok.com/@usmary01/video/7690241610809969940
7690173312399330568,https://www.tiktok.com/@firis_i/video/7690173312399330568
7670205754078416159,https://www.tiktok.com/@marieviias/video/7670205754078416159
7659061561247419668,https://www.tiktok.com/@arnishechkawq/video/7659061561247419668
7688714308112370965,https://www.tiktok.com/@nata_kotysheva/video/7688714308112370965
7674583102223699207,https://www.tiktok.com/@_aliskin_19/video/7674583102223699207
7682720606965550368,https://www.tiktok.com/@aleksiks15/video/7682720606965550368
7676922548315016479,https://www.tiktok.com/@kkdevtp/video/7676922548315016479
7689164119294921992,https://www.tiktok.com/@study_with_me_ege/video/7689164119294921992
7671681276692139285,https://www.tiktok.com/@iammasha20/video/7671681276692139285
7669451405521849630,https://www.tiktok.com/@sad_slov/video/7669451405521849630
7615787002964888853,https://www.tiktok.com/@bel4ka4/video/7615787002964888853
7608671962772081940,https://www.tiktok.com/@anjelikasinger/video/7608671962772081940
7688261290741042465,https://www.tiktok.com/@arianka.kk/video/7688261290741042465
7690157757751774484,https://www.tiktok.com/@oshalelavkray/video/7690157757751774484
7641609177663655200,https://www.tiktok.com/@kalleriys/video/7641609177663655200
7691080145901423893,https://www.tiktok.com/@wemlla4/video/7691080145901423893
7691205176866131221,https://www.tiktok.com/@ist.fun.kira/video/7691205176866131221
7691383986609753362,https://www.tiktok.com/@olivika_aa/video/7691383986609753362
7689508677723786517,https://www.tiktok.com/@synergyschool/video/7689508677723786517
7684706960414969096,https://www.tiktok.com/@brodnikova_lisaveta/video/7684706960414969096
7689353571745271046,https://www.tiktok.com/@ninalove156/video/7689353571745271046
7690700671967907079,https://www.tiktok.com/@fpsniii/video/7690700671967907079
7691691895436741896,https://www.tiktok.com/@lerchka001/video/7691691895436741896
7691273795776089377,https://www.tiktok.com/@valery.yaki/video/7691273795776089377
7682064511473372434,https://www.tiktok.com/@kate.bubnova7/video/7682064511473372434
7593330981344480534,https://www.tiktok.com/@vlada.sys/video/7593330981344480534
7678678537766702369,https://www.tiktok.com/@xxxqzwxxx/video/7678678537766702369
7654344343402122514,https://www.tiktok.com/@evgenievnak/video/7654344343402122514
7611086967844965654,https://www.tiktok.com/@all_aboutbeauty_/video/7611086967844965654
7641999868776467730,https://www.tiktok.com/@whiiskuss/video/7641999868776467730
7679512373694139681,https://www.tiktok.com/@mandragora311/video/7679512373694139681
7664211531743202568,https://www.tiktok.com/@nata_a55/video/7664211531743202568
7658330200383622421,https://www.tiktok.com/@glow_mode7/video/7658330200383622421
7664159026430725398,https://www.tiktok.com/@ohdamnonline73/video/7664159026430725398
7685682795670195477,https://www.tiktok.com/@user13045056784313/video/7685682795670195477
7629610755163262230,https://www.tiktok.com/@vetallisaaa/video/7629610755163262230
7676902549089488148,https://www.tiktok.com/@diunexdcpsb/video/7676902549089488148
7676128361311210784,https://www.tiktok.com/@darik_511/video/7676128361311210784
7668261523873090837,https://www.tiktok.com/@lifeellas/video/7668261523873090837
7590408219999178014,https://www.tiktok.com/@polinette.8/video/7590408219999178014
7682383443115642133,https://www.tiktok.com/@beauty_bloger0/video/7682383443115642133
7607910598457740566,https://www.tiktok.com/@karafrik16_/video/7607910598457740566
7680995894879063316,https://www.tiktok.com/@tikulyy3/video/7680995894879063316
7592961552647589127,https://www.tiktok.com/@osh_ship_anon_batl/video/7592961552647589127
7642666543481916693,https://www.tiktok.com/@be0uty.care/video/7642666543481916693
7596042339764702475,https://www.tiktok.com/@inkalekkk_k/video/7596042339764702475
7633390009105747220,https://www.tiktok.com/@swvilli/video/7633390009105747220
7605180960941935892,https://www.tiktok.com/@amiwx28/video/7605180960941935892
7643412996970138900,https://www.tiktok.com/@hitik539/video/7643412996970138900
7623421726537288991,https://www.tiktok.com/@malika_tyt4/video/7623421726537288991
7597461412654468364,https://www.tiktok.com/@aluaemii/video/7597461412654468364
7580471660927618315,https://www.tiktok.com/@z1kpenit2/video/7580471660927618315
7678771711692573973,https://www.tiktok.com/@b.flower54/video/7678771711692573973
7569886740584975634,https://www.tiktok.com/@aariwelly/video/7569886740584975634
7666441018924993810,https://www.tiktok.com/@n.ellkis/video/7666441018924993810
7628336589470567711,https://www.tiktok.com/@amir.trading.manas/video/7628336589470567711
7665730333995814165,https://www.tiktok.com/@jeny_on/video/7665730333995814165
7599035122146397496,https://www.tiktok.com/@bezlyakfecha/video/7599035122146397496
7577119704418897207,https://www.tiktok.com/@shik_girll/video/7577119704418897207
7678985269575470357,https://www.tiktok.com/@lisena.aa/video/7678985269575470357
7661239074350484744,https://www.tiktok.com/@m0901204z5x/video/7661239074350484744
7663863307111042312,https://www.tiktok.com/@kalnura.review/video/7663863307111042312
7564750087012830486,https://www.tiktok.com/@alatoo_fastfood/video/7564750087012830486
7630795296607325458,https://www.tiktok.com/@kostoprav7/video/7630795296607325458
7653073876296928544,https://www.tiktok.com/@marusiashaka/video/7653073876296928544
7662626551862791444,https://www.tiktok.com/@lubluchiorio/video/7662626551862791444
7559608020972408086,https://www.tiktok.com/@v09585924gmail/video/7559608020972408086
7680239151362477320,https://www.tiktok.com/@eldar33_____/video/7680239151362477320
7597468595689458952,https://www.tiktok.com/@osh_ship_anon_batl/video/7597468595689458952
7669880872018955550,https://www.tiktok.com/@sofyankka14/video/7669880872018955550
7689908810055437598,https://www.tiktok.com/@vikys_haa333/video/7689908810055437598
7576635797458144519,https://www.tiktok.com/@ksen.chikkkk/video/7576635797458144519
7635741469743205654,https://www.tiktok.com/@limbo_shop_kg/video/7635741469743205654
7635723962449775894,https://www.tiktok.com/@limbo_shop_kg/video/7635723962449775894
7593416276903496978,https://www.tiktok.com/@osh_ship_anon_batl/video/7593416276903496978
7609658230184135943,https://www.tiktok.com/@tezkabar/video/7609658230184135943
7673941288978369800,https://www.tiktok.com/@avie_osh/video/7673941288978369800
7663120610884685088,https://www.tiktok.com/@tinka001_1/video/7663120610884685088
7672366414270827784,https://www.tiktok.com/@mb314467/video/7672366414270827784
7679116049689644309,https://www.tiktok.com/@aauwk0/video/7679116049689644309
7596787412903136530,https://www.tiktok.com/@osh_ship_anon_batl/video/7596787412903136530
7688682201545854216,https://www.tiktok.com/@miwmiw440/video/7688682201545854216
7679353089781959969,https://www.tiktok.com/@svata_beauti14/video/7679353089781959969
7688387307807739156,https://www.tiktok.com/@rrenarreborn/video/7688387307807739156
7568437981548186898,https://www.tiktok.com/@radiouzel.reklama/video/7568437981548186898
7690983225358896406,https://www.tiktok.com/@lalievv_555l/video/7690983225358896406
7657996603319504161,https://www.tiktok.com/@runo.kg/video/7657996603319504161
7653039639632039189,https://www.tiktok.com/@aksesuaravto_tulpar/video/7653039639632039189
7632321434529877255,https://www.tiktok.com/@dubai.autoparts.kg/video/7632321434529877255
7690220948494011681,https://www.tiktok.com/@tinovva1/video/7690220948494011681
7646695087900019988,https://www.tiktok.com/@aksesuaravto_tulpar/video/7646695087900019988
7646278591998610708,https://www.tiktok.com/@aksesuaravto_tulpar/video/7646278591998610708
7650845570487127329,https://www.tiktok.com/@bula_mobile01/video/7650845570487127329
7644939746241793302,https://www.tiktok.com/@grwm_ari4/video/7644939746241793302
7687186184841284885,https://www.tiktok.com/@reklama_jaruia.osh/video/7687186184841284885
7629323041264192799,https://www.tiktok.com/@triumph_online_school/video/7629323041264192799
7691320365540330774,https://www.tiktok.com/@.lazy79/video/7691320365540330774
7664244391707479303,https://www.tiktok.com/@steisha.i/video/7664244391707479303
7587808339153767688,https://www.tiktok.com/@alsatkg/video/7587808339153767688
7689339991868165383,https://www.tiktok.com/@shar.maths/video/7689339991868165383
7691332689042967830,https://www.tiktok.com/@.nasticaro/video/7691332689042967830
7613820880581315857,https://www.tiktok.com/@venera53802/video/7613820880581315857
7643370315732618504,https://www.tiktok.com/@cargo.s77.osh/video/7643370315732618504
7564379380554665223,https://www.tiktok.com/@adil_abiy/video/7564379380554665223
7664257671968623894,https://www.tiktok.com/@vika.style.unbox/video/7664257671968623894
7687100275898862868,https://www.tiktok.com/@profmat_god/video/7687100275898862868
7580663250862296342,https://www.tiktok.com/@demal.osh/video/7580663250862296342
7572414584091348242,https://www.tiktok.com/@radiouzel.reklama/video/7572414584091348242
7654903023705017616,https://www.tiktok.com/@aminook34/video/7654903023705017616
7662420214507670805,https://www.tiktok.com/@darinix_.2/video/7662420214507670805
7670451945961786644,https://www.tiktok.com/@adapress/video/7670451945961786644
7600102874118376724,https://www.tiktok.com/@neonilla02/video/7600102874118376724
7684318830478380306,https://www.tiktok.com/@hi_tea.kg/video/7684318830478380306
7655385871125925128,https://www.tiktok.com/@kalnura.review/video/7655385871125925128
7574833505830440212,https://www.tiktok.com/@nursultanabdurah/video/7574833505830440212
7568117920753028365,https://www.tiktok.com/@navisacademy/video/7568117920753028365
7652334243032403221,https://www.tiktok.com/@hazel._.dk/video/7652334243032403221
7689116673294519572,https://www.tiktok.com/@abdulloh_official3/video/7689116673294519572
7677090442642558229,https://www.tiktok.com/@auto.monitor.osh/video/7677090442642558229
7629101761529138448,https://www.tiktok.com/@kashkar_magazin/video/7629101761529138448
7673023823129693456,https://www.tiktok.com/@venera53802/video/7673023823129693456
7689506043029638420,https://www.tiktok.com/@abdulloh_official3/video/7689506043029638420
7578436492154916114,https://www.tiktok.com/@kryzhok_stankevicha/video/7578436492154916114
7671228636388658446,https://www.tiktok.com/@sohom_kalashnikov/video/7671228636388658446
7674591723737140512,https://www.tiktok.com/@s0fffika/video/7674591723737140512
7683229615925628168,https://www.tiktok.com/@brodnikova_lisaveta/video/7683229615925628168
7621822523004488981,https://www.tiktok.com/@nastin_rul.avtoshkola1/video/7621822523004488981
7654492178219076886,https://www.tiktok.com/@ggriglife/video/7654492178219076886
7652487972675292418,https://www.tiktok.com/@egekill1/video/7652487972675292418
7673052570956451080,https://www.tiktok.com/@study_with_me_ege/video/7673052570956451080
7688307836157316372,https://www.tiktok.com/@risha100000/video/7688307836157316372
7690673343065902356,https://www.tiktok.com/@ona_55556/video/7690673343065902356
7620793178936888583,https://www.tiktok.com/@thefirstone111111/video/7620793178936888583
7680559616295587094,https://www.tiktok.com/@kotangens.ru/video/7680559616295587094
7684192889097719062,https://www.tiktok.com/@marta_life_journal/video/7684192889097719062
7583446413879545108,https://www.tiktok.com/@bar.barisska_/video/7583446413879545108
7583410515498601749,https://www.tiktok.com/@rullaid/video/7583410515498601749
7677545304379444501,https://www.tiktok.com/@chroline_sado/video/7677545304379444501
7570768456602209544,https://www.tiktok.com/@wvampilr/video/7570768456602209544
7680173238953069842,https://www.tiktok.com/@marinasn3g/video/7680173238953069842
7655645955613592846,https://www.tiktok.com/@draftege/video/7655645955613592846
7691171189439614228,https://www.tiktok.com/@egecamii/video/7691171189439614228
7672035004582563105,https://www.tiktok.com/@sonka_monina/video/7672035004582563105
7691745219334786324,https://www.tiktok.com/@vintenonl9/video/7691745219334786324
7613719694754827528,https://www.tiktok.com/@itfriends_school/video/7613719694754827528
7667594512176270599,https://www.tiktok.com/@_masha371/video/7667594512176270599
7591524248892640514,https://www.tiktok.com/@nuko750/video/7591524248892640514
7593633595260980511,https://www.tiktok.com/@study.process.yuki/video/7593633595260980511
7649480061849963797,https://www.tiktok.com/@enj0yerrrr/video/7649480061849963797
7666932720857025823,https://www.tiktok.com/@sktinwsk/video/7666932720857025823
7691728850283285778,https://www.tiktok.com/@igralove/video/7691728850283285778
7637888229693213982,https://www.tiktok.com/@valerikafilm4.0/video/7637888229693213982
7666915090192469279,https://www.tiktok.com/@valerikafilm4.0/video/7666915090192469279
7657509875643141384,https://www.tiktok.com/@skinderemilya/video/7657509875643141384
7661571504815017246,https://www.tiktok.com/@varushaobeauty1704/video/7661571504815017246
7638931877109173534,https://www.tiktok.com/@boost_ege/video/7638931877109173534
7673228087294774549,https://www.tiktok.com/@albina_study/video/7673228087294774549
7600379545484528916,https://www.tiktok.com/@venre.pr/video/7600379545484528916
7639363213917785352,https://www.tiktok.com/@beauty_veroniksa/video/7639363213917785352
7688442249645935890,https://www.tiktok.com/@thiny.beauty/video/7688442249645935890
7689159142673485076,https://www.tiktok.com/@genbags_wb/video/7689159142673485076
7663953039039925537,https://www.tiktok.com/@rumiyaa.i/video/7663953039039925537
7670600384909544724,https://www.tiktok.com/@lurin.nna/video/7670600384909544724
7592995339905289493,https://www.tiktok.com/@marinaggaaa/video/7592995339905289493
7671957708290968853,https://www.tiktok.com/@mimili_beauty/video/7671957708290968853
7641709308157218056,https://www.tiktok.com/@beauty_veroniksa/video/7641709308157218056
7585443438586367240,https://www.tiktok.com/@irinarussianteacher2804/video/7585443438586367240
7689847348310117653,https://www.tiktok.com/@sut1mine/video/7689847348310117653
7689533809284402440,https://www.tiktok.com/@missbunny020809/video/7689533809284402440
7691348915513298198,https://www.tiktok.com/@sofik122609/video/7691348915513298198
7636842302131981598,https://www.tiktok.com/@byllizard26/video/7636842302131981598
7583638685401353493,https://www.tiktok.com/@kovaleva.meowrud/video/7583638685401353493
7588835187652332807,https://www.tiktok.com/@yfe.school/video/7588835187652332807
7670421970080550177,https://www.tiktok.com/@vilova_18/video/7670421970080550177
7618564532079693076,https://www.tiktok.com/@asif_noo/video/7618564532079693076
7569599306320170262,https://www.tiktok.com/@derzkiy_deutsch_/video/7569599306320170262
7678603762390322452,https://www.tiktok.com/@rrinkka1/video/7678603762390322452
7644480296385088788,https://www.tiktok.com/@sofja_sketches/video/7644480296385088788
7681021409664978183,https://www.tiktok.com/@natemrisss/video/7681021409664978183
7571717903737834760,https://www.tiktok.com/@100pointsrepetitor/video/7571717903737834760
7691573149518794002,https://www.tiktok.com/@karinochkav/video/7691573149518794002
7659140419111947538,https://www.tiktok.com/@kris.llixs2/video/7659140419111947538
7691734435707866400,https://www.tiktok.com/@surbiology_/video/7691734435707866400
7690533794033536277,https://www.tiktok.com/@asif_noo/video/7690533794033536277
7651996601149410590,https://www.tiktok.com/@rinasstarss/video/7651996601149410590
7583452262777851158,https://www.tiktok.com/@kirra.fil/video/7583452262777851158
7651235080748240150,https://www.tiktok.com/@katumilovva/video/7651235080748240150
7684645406130621717,https://www.tiktok.com/@murslivsss_egekurse/video/7684645406130621717
7686197797736992003,https://www.tiktok.com/@egebust/video/7686197797736992003
7647214355305483540,https://www.tiktok.com/@venuseclipsus/video/7647214355305483540
7623457477983603975,https://www.tiktok.com/@platon.zimm/video/7623457477983603975
7652306526572465438,https://www.tiktok.com/@boost_ege/video/7652306526572465438
7653087584192597278,https://www.tiktok.com/@kilaykhovaa/video/7653087584192597278
7592664511757176071,https://www.tiktok.com/@nooschool8/video/7592664511757176071
7666114996828441863,https://www.tiktok.com/@egenalegke/video/7666114996828441863
7663153385113193749,https://www.tiktok.com/@selishcheva_kira/video/7663153385113193749
7668274317842451719,https://www.tiktok.com/@narezkiebonitoff/video/7668274317842451719
7688730718523919648,https://www.tiktok.com/@lleevna/video/7688730718523919648
7649391954756701448,https://www.tiktok.com/@ame._.ae/video/7649391954756701448
7571111278358449430,https://www.tiktok.com/@ege.ball85/video/7571111278358449430
7677503428263709972,https://www.tiktok.com/@marialoginova.ege/video/7677503428263709972
7680282033448406292,https://www.tiktok.com/@marialoginova.ege/video/7680282033448406292
7658989171150867733,https://www.tiktok.com/@examchemistry/video/7658989171150867733
7660081648528018706,https://www.tiktok.com/@starina0_0i/video/7660081648528018706
7610069272043195666,https://www.tiktok.com/@kunzut42/video/7610069272043195666
7652992277551336718,https://www.tiktok.com/@alexsashagolden/video/7652992277551336718
7659487138005814548,https://www.tiktok.com/@romanessaa/video/7659487138005814548
7649465473385385237,https://www.tiktok.com/@tg_shotta_tim/video/7649465473385385237
7640143319988817172,https://www.tiktok.com/@persmyka/video/7640143319988817172
7617507052662934806,https://www.tiktok.com/@tg_ttnikurs_bot/video/7617507052662934806
7669134524315421973,https://www.tiktok.com/@kurse.store9/video/7669134524315421973
7690962310545804564,https://www.tiktok.com/@jelly.miko/video/7690962310545804564
7624494765911854357,https://www.tiktok.com/@egehim_study/video/7624494765911854357
7691720340367510836,https://www.tiktok.com/@leera_beautty/video/7691720340367510836
7621615852726652178,https://www.tiktok.com/@dm_chem/video/7621615852726652178
7690134649753947422,https://www.tiktok.com/@not.llovved/video/7690134649753947422
7616046173048163604,https://www.tiktok.com/@persmyka/video/7616046173048163604
7674988404542606613,https://www.tiktok.com/@drzhhhhh/video/7674988404542606613
7690920948689603861,https://www.tiktok.com/@neeeveeermiiind/video/7690920948689603861
7639287908452535583,https://www.tiktok.com/@kris_sss33/video/7639287908452535583
7690337802525035797,https://www.tiktok.com/@neeeveeermiiind/video/7690337802525035797
7690584033134152980,https://www.tiktok.com/@belka.ege/video/7690584033134152980
7688256817259990293,https://www.tiktok.com/@visctoriiias/video/7688256817259990293
7676168729427807496,https://www.tiktok.com/@sa1eks/video/7676168729427807496
7564112217914739976,https://www.tiktok.com/@plomovaa/video/7564112217914739976
7674280662593129748,https://www.tiktok.com/@reginaa.bright/video/7674280662593129748
7604464274223795469,https://www.tiktok.com/@goroh_458/video/7604464274223795469
7686909437612690696,https://www.tiktok.com/@nia_artntna/video/7686909437612690696
7675435267624488210,https://www.tiktok.com/@lamirai7/video/7675435267624488210
7686924302997785886,https://www.tiktok.com/@hhavv11/video/7686924302997785886
7631623218993909012,https://www.tiktok.com/@pancha.dh/video/7631623218993909012
7680068112061926664,https://www.tiktok.com/@sa1eks/video/7680068112061926664
7597913926206000405,https://www.tiktok.com/@k.romanovass/video/7597913926206000405
7677281515658579221,https://www.tiktok.com/@jellybil2/video/7677281515658579221
7648585662937058567,https://www.tiktok.com/@durex_6.9/video/7648585662937058567
7675820396779687188,https://www.tiktok.com/@kromsala/video/7675820396779687188
7663095138272529686,https://www.tiktok.com/@arianka.kk/video/7663095138272529686
7680964948486409490,https://www.tiktok.com/@sa1eks/video/7680964948486409490
7633380523271867666,https://www.tiktok.com/@obmananet3/video/7633380523271867666
7578144986718293255,https://www.tiktok.com/@katja_stroganova/video/7578144986718293255
7595093922473561365,https://www.tiktok.com/@_li.zzzka_/video/7595093922473561365
7687264097657802014,https://www.tiktok.com/@darkystudy/video/7687264097657802014
7562388162186677505,https://www.tiktok.com/@sowekrs/video/7562388162186677505
7604733252812786965,https://www.tiktok.com/@light.m0od/video/7604733252812786965
7666783502884408597,https://www.tiktok.com/@ladada_engg5/video/7666783502884408597
7605529645269781782,https://www.tiktok.com/@mashka_rudmeow/video/7605529645269781782
7609318089792048405,https://www.tiktok.com/@chem_mommy/video/7609318089792048405
7674634923147332885,https://www.tiktok.com/@ilcheg/video/7674634923147332885
7657187549324004641,https://www.tiktok.com/@tanel_ya/video/7657187549324004641
7669180098758610184,https://www.tiktok.com/@nooschool8/video/7669180098758610184
7688742124736498964,https://www.tiktok.com/@kami_study1/video/7688742124736498964
7572977147678182678,https://www.tiktok.com/@flash_ege/video/7572977147678182678
7642376597546290450,https://www.tiktok.com/@soc_ege_anastasia0/video/7642376597546290450
7675877205116849416,https://www.tiktok.com/@sharprum/video/7675877205116849416
7662816076438277396,https://www.tiktok.com/@vavs_ya1/video/7662816076438277396
7646156088009723159,https://www.tiktok.com/@egekill1/video/7646156088009723159
7647831699505696033,https://www.tiktok.com/@fair__life/video/7647831699505696033
7606026199579659522,https://www.tiktok.com/@au_chem/video/7606026199579659522
7691743499212836128,https://www.tiktok.com/@ocean_script/video/7691743499212836128
7682829704507690248,https://www.tiktok.com/@smolarchan/video/7682829704507690248
7676219782428888338,https://www.tiktok.com/@anglichankael0/video/7676219782428888338
7560727299675458872,https://www.tiktok.com/@morozilka_rus/video/7560727299675458872
7689464192075681045,https://www.tiktok.com/@nelya_lotman/video/7689464192075681045
7687887413783334152,https://www.tiktok.com/@ver0ni4ka492/video/7687887413783334152
7655953635142028552,https://www.tiktok.com/@pav.p3/video/7655953635142028552
7672869082173082901,https://www.tiktok.com/@qwixall06/video/7672869082173082901
7645345826734099732,https://www.tiktok.com/@reginaa.bright/video/7645345826734099732
7557018405203610901,https://www.tiktok.com/@ssrwlqkk/video/7557018405203610901
7643102926851804424,https://www.tiktok.com/@katja_stroganova/video/7643102926851804424
7690563081314848001,https://www.tiktok.com/@sekloys/video/7690563081314848001
7683990940389821713,https://www.tiktok.com/@biggerboy1191/video/7683990940389821713
7682462161335012611,https://www.tiktok.com/@planck_ege/video/7682462161335012611
7688098622306635009,https://www.tiktok.com/@lilghostt67/video/7688098622306635009
7664315383620373790,https://www.tiktok.com/@sktinwsk/video/7664315383620373790
7689778737474325781,https://www.tiktok.com/@asif_noo/video/7689778737474325781
7691408772702440725,https://www.tiktok.com/@vwwlr/video/7691408772702440725
7599652499821186324,https://www.tiktok.com/@asif_noo/video/7599652499821186324
7689421990268062994,https://www.tiktok.com/@orihimeinoue000/video/7689421990268062994
7563002204630699284,https://www.tiktok.com/@timurkhann/video/7563002204630699284
7682086723886550293,https://www.tiktok.com/@lluk0mi/video/7682086723886550293
7679537553837427990,https://www.tiktok.com/@ladyschool.lv/video/7679537553837427990
7659319751394479393,https://www.tiktok.com/@sergo_bios/video/7659319751394479393
7662081179247480095,https://www.tiktok.com/@marriyasss/video/7662081179247480095
7575670485996916024,https://www.tiktok.com/@arishauuyu/video/7575670485996916024
7684615379368447252,https://www.tiktok.com/@yulia.math.mage/video/7684615379368447252
7662093259723803911,https://www.tiktok.com/@nooschool8/video/7662093259723803911
7690632733084699924,https://www.tiktok.com/@greencountry_school/video/7690632733084699924
7661984847157611796,https://www.tiktok.com/@asif_noo/video/7661984847157611796
7655693747627363605,https://www.tiktok.com/@asif_noo/video/7655693747627363605
7651260476902460693,https://www.tiktok.com/@asif_noo/video/7651260476902460693
7689959050720627988,https://www.tiktok.com/@psixologigoda/video/7689959050720627988
7676781634892352788,https://www.tiktok.com/@murslivsss_egekurse/video/7676781634892352788
7691008162014579998,https://www.tiktok.com/@vogevpart.ps/video/7691008162014579998
7691629570474134815,https://www.tiktok.com/@psy.mark.p/video/7691629570474134815
7680191130125864212,https://www.tiktok.com/@psixologigoda/video/7680191130125864212
7655601483324329236,https://www.tiktok.com/@tgktanyachem/video/7655601483324329236
7686946577369287943,https://www.tiktok.com/@kursfiltr/video/7686946577369287943
7685794288676261141,https://www.tiktok.com/@egenalegke/video/7685794288676261141
7648374081980484897,https://www.tiktok.com/@edunation0/video/7648374081980484897
7680486427418742029,https://www.tiktok.com/@vogevpart.ps/video/7680486427418742029
7688312474604522772,https://www.tiktok.com/@murslivsss_egekurse/video/7688312474604522772
7690680564151487775,https://www.tiktok.com/@psy.mark.p/video/7690680564151487775
7690251333902863637,https://www.tiktok.com/@psixologigoda/video/7690251333902863637
7690954732193598740,https://www.tiktok.com/@psixologigoda/video/7690954732193598740
7686946632776076562,https://www.tiktok.com/@kursfiltr/video/7686946632776076562
7626778843734412565,https://www.tiktok.com/@ksenia_loginovaa/video/7626778843734412565
7577482628513697031,https://www.tiktok.com/@mariachelyshkina/video/7577482628513697031
7595183553608961291,https://www.tiktok.com/@alex_ponyatov/video/7595183553608961291
7594919718117559566,https://www.tiktok.com/@timofeichistiakov/video/7594919718117559566
7669396157189131533,https://www.tiktok.com/@skuf_kartoshka/video/7669396157189131533
7688368349700525320,https://www.tiktok.com/@leu_chocolateee/video/7688368349700525320
7572622699768433942,https://www.tiktok.com/@logomachine_edu/video/7572622699768433942
7566611858715577622,https://www.tiktok.com/@freelance.club/video/7566611858715577622
7654862053626137873,https://www.tiktok.com/@kizhulya/video/7654862053626137873
7566749455387512120,https://www.tiktok.com/@alinapromoblog/video/7566749455387512120
7598229963107486983,https://www.tiktok.com/@ushlaplakatapfel/video/7598229963107486983
7688796045752519967,https://www.tiktok.com/@1mokreklama/video/7688796045752519967
7691643710815128862,https://www.tiktok.com/@finsimama/video/7691643710815128862
7688034424931339528,https://www.tiktok.com/@roman.dubyk/video/7688034424931339528
7630014550431108372,https://www.tiktok.com/@aioluai/video/7630014550431108372
7657479018530311456,https://www.tiktok.com/@oleksblog/video/7657479018530311456
7691432233051131169,https://www.tiktok.com/@oleksblog/video/7691432233051131169
7685698852019653909,https://www.tiktok.com/@a.sokolov366/video/7685698852019653909
7690968981393427718,https://www.tiktok.com/@merycook73/video/7690968981393427718
7689428999440731412,https://www.tiktok.com/@ai.video.kz2/video/7689428999440731412
7688980338780949793,https://www.tiktok.com/@arkadii.muradian6/video/7688980338780949793
7675688491874831624,https://www.tiktok.com/@mirrasar/video/7675688491874831624
7649081856649874720,https://www.tiktok.com/@hikatiia/video/7649081856649874720
7689061115241729281,https://www.tiktok.com/@.chemwithme/video/7689061115241729281
7567418992281799954,https://www.tiktok.com/@abidybi_math/video/7567418992281799954
7669797769426554145,https://www.tiktok.com/@irkapopopo/video/7669797769426554145
7681370797398674720,https://www.tiktok.com/@madness.ju/video/7681370797398674720
7652282968752344341,https://www.tiktok.com/@alexabakumova/video/7652282968752344341
7613475625721941268,https://www.tiktok.com/@100e_ballov_be_like/video/7613475625721941268
7676097275352861973,https://www.tiktok.com/@vilkbq/video/7676097275352861973
7661724940365876500,https://www.tiktok.com/@tgktanyachem/video/7661724940365876500
7690526523551468821,https://www.tiktok.com/@ladada_engg5/video/7690526523551468821
7605116061951790344,https://www.tiktok.com/@lusi_mrak/video/7605116061951790344
7623866609106504967,https://www.tiktok.com/@lysenko_exams/video/7623866609106504967
7683437684165020936,https://www.tiktok.com/@pr_masterskaya/video/7683437684165020936
7689544007587761414,https://www.tiktok.com/@jellybil2/video/7689544007587761414
7598570733651987767,https://www.tiktok.com/@glisusi1111/video/7598570733651987767
7657835808648383766,https://www.tiktok.com/@ggriglife/video/7657835808648383766
7562160054477065503,https://www.tiktok.com/@username.n882/video/7562160054477065503
7675710267015171350,https://www.tiktok.com/@kzzzzzzzzzzzzzzzzz676767/video/7675710267015171350
7631621411953528095,https://www.tiktok.com/@olka_mbek/video/7631621411953528095
7683565635141520662,https://www.tiktok.com/@nspk_college/video/7683565635141520662
7657472928019205396,https://www.tiktok.com/@sewing.school.couture/video/7657472928019205396
7686079327527947541,https://www.tiktok.com/@egenalegke/video/7686079327527947541
7690255017122516255,https://www.tiktok.com/@psy.mark.p/video/7690255017122516255
7680204351998102814,https://www.tiktok.com/@psy.mark.p/video/7680204351998102814
7686154683169295624,https://www.tiktok.com/@ann.ks_ks/video/7686154683169295624
7681389733825563917,https://www.tiktok.com/@vogevpart.ps/video/7681389733825563917
7688107254347828500,https://www.tiktok.com/@smartcode_academy_ua/video/7688107254347828500
7684947075087338770,https://www.tiktok.com/@whynotttii/video/7684947075087338770
7558010973286616341,https://www.tiktok.com/@kuuurto/video/7558010973286616341
7670960195807317268,https://www.tiktok.com/@shtapadaa/video/7670960195807317268
7679143367015550228,https://www.tiktok.com/@lluk0mi/video/7679143367015550228
7646040326116855054,https://www.tiktok.com/@leskin100p/video/7646040326116855054
7676948468870417685,https://www.tiktok.com/@toyalip777/video/7676948468870417685
7675691964666252565,https://www.tiktok.com/@wkatesss/video/7675691964666252565
7617084590368361751,https://www.tiktok.com/@linux16_18/video/7617084590368361751
7682124311661939988,https://www.tiktok.com/@angpws/video/7682124311661939988
7671310620406467861,https://www.tiktok.com/@ks8kiss_/video/7671310620406467861
7691002789555686664,https://www.tiktok.com/@tihiro.brain/video/7691002789555686664
7663168091450395925,https://www.tiktok.com/@egenalegke/video/7663168091450395925
7680956577221741845,https://www.tiktok.com/@bilimclass.kz/video/7680956577221741845
7690585456454503688,https://www.tiktok.com/@missbunny020809/video/7690585456454503688
7691694771592547604,https://www.tiktok.com/@chipi815/video/7691694771592547604
7690316072376896776,https://www.tiktok.com/@vasinastya3/video/7690316072376896776
7678310377209203988,https://www.tiktok.com/@marsel2150/video/7678310377209203988
7690911933414804754,https://www.tiktok.com/@vasinastya3/video/7690911933414804754
7679217830860033302,https://www.tiktok.com/@elandelf.rb/video/7679217830860033302
7575579317942471954,https://www.tiktok.com/@ulyanapumaa/video/7575579317942471954
7689810914115095828,https://www.tiktok.com/@sut1mine/video/7689810914115095828
7691266742814870791,https://www.tiktok.com/@promikvdomik2/video/7691266742814870791
7690909311597448469,https://www.tiktok.com/@sut1mine/video/7690909311597448469
7689885689374067976,https://www.tiktok.com/@ladyyy.grey/video/7689885689374067976
7672724737415499041,https://www.tiktok.com/@sonka_monina/video/7672724737415499041
7690129951810456840,https://www.tiktok.com/@skidkalov/video/7690129951810456840
7690223119784611080,https://www.tiktok.com/@ksushenkaluu0/video/7690223119784611080
7626198356033047816,https://www.tiktok.com/@himbiokh/video/7626198356033047816
7624587851593780500,https://www.tiktok.com/@11ege1/video/7624587851593780500
7626488146032676104,https://www.tiktok.com/@..xabchick___/video/7626488146032676104
7620023469362760967,https://www.tiktok.com/@ponchiklev/video/7620023469362760967
7689780745589558536,https://www.tiktok.com/@mulumiii/video/7689780745589558536
7680917146414861588,https://www.tiktok.com/@oksana.kulikova/video/7680917146414861588
7636849569942211847,https://www.tiktok.com/@thefirstone111111/video/7636849569942211847
7619637919669603591,https://www.tiktok.com/@thefirstone111111/video/7619637919669603591
7622599686867651847,https://www.tiktok.com/@thefirstone111111/video/7622599686867651847
7690163557232692513,https://www.tiktok.com/@lerabulgary6/video/7690163557232692513
7631263653135797526,https://www.tiktok.com/@sonka_monina/video/7631263653135797526
7620753157697604872,https://www.tiktok.com/@thefirstone111111/video/7620753157697604872
7630705543048334623,https://www.tiktok.com/@olka_mbek/video/7630705543048334623
7668589092648520981,https://www.tiktok.com/@qqqqww55/video/7668589092648520981
7691797393825729825,https://www.tiktok.com/@vremya_uchitelya/video/7691797393825729825
7691646477319376146,https://www.tiktok.com/@vigodnaya_lavka/video/7691646477319376146
7587069388881186070,https://www.tiktok.com/@anmiisv/video/7587069388881186070
7652694288576335112,https://www.tiktok.com/@varyajam1/video/7652694288576335112
7672875103243308309,https://www.tiktok.com/@11ege1/video/7672875103243308309
7631788174418758930,https://www.tiktok.com/@soniksss_277/video/7631788174418758930
7690631897306778887,https://www.tiktok.com/@fancyxd923/video/7690631897306778887
7691624228185050375,https://www.tiktok.com/@vasinastya3/video/7691624228185050375
7619786664235273493,https://www.tiktok.com/@11ege1/video/7619786664235273493
7666871058238164245,https://www.tiktok.com/@makarrovaa3/video/7666871058238164245
7620829716211092757,https://www.tiktok.com/@11ege1/video/7620829716211092757
7672857034886286613,https://www.tiktok.com/@11ege1/video/7672857034886286613
7688381770546384146,https://www.tiktok.com/@ivan_shoping/video/7688381770546384146
7594367087062158593,https://www.tiktok.com/@beripromo/video/7594367087062158593
7690666797980192021,https://www.tiktok.com/@yuta_klavis/video/7690666797980192021
7572894988674125112,https://www.tiktok.com/@mariisha.soseliia/video/7572894988674125112
7690537851141803267,https://www.tiktok.com/@x5profit/video/7690537851141803267
7593585412849913108,https://www.tiktok.com/@padberu/video/7593585412849913108
7691720915373067553,https://www.tiktok.com/@ziele_schule3/video/7691720915373067553
7688591620467346708,https://www.tiktok.com/@skidki_belarus_eda/video/7688591620467346708
7690935119112064286,https://www.tiktok.com/@don.skidon/video/7690935119112064286
7689410550022819073,https://www.tiktok.com/@dai_skidon/video/7689410550022819073
7691191592753040642,https://www.tiktok.com/@x5profit/video/7691191592753040642
7691331691025059092,https://www.tiktok.com/@tahtaroff/video/7691331691025059092
7688651385281301778,https://www.tiktok.com/@skidkalov/video/7688651385281301778
7691375880601423107,https://www.tiktok.com/@khaki_beauty/video/7691375880601423107
7678933967759887617,https://www.tiktok.com/@padberu_promokod/video/7678933967759887617
7690113828830432519,https://www.tiktok.com/@yessenzhan_t/video/7690113828830432519
7687913775000718612,https://www.tiktok.com/@gaukhar.sale/video/7687913775000718612
7690618426288557333,https://www.tiktok.com/@zhans.aii/video/7690618426288557333
7656717387336568085,https://www.tiktok.com/@mmbeauty_/video/7656717387336568085
7665708738090781953,https://www.tiktok.com/@padberu_promokod/video/7665708738090781953
7683890364209564961,https://www.tiktok.com/@oksana_probeauty/video/7683890364209564961
7627430157594168584,https://www.tiktok.com/@attiloll/video/7627430157594168584
7684206125868240146,https://www.tiktok.com/@mash_vibes/video/7684206125868240146
7670165086782410005,https://www.tiktok.com/@nmakhgkkuov/video/7670165086782410005
7691686969973148960,https://www.tiktok.com/@pashatih1/video/7691686969973148960
7688099772216986898,https://www.tiktok.com/@dananodze/video/7688099772216986898
7691295139930705172,https://www.tiktok.com/@elena.dasaeva_/video/7691295139930705172
7691617001302805773,https://www.tiktok.com/@promokodnya/video/7691617001302805773
7673786431415815431,https://www.tiktok.com/@ivan_shoping/video/7673786431415815431
7677675109737336072,https://www.tiktok.com/@beautyglow.mmm/video/7677675109737336072
7664914614773222663,https://www.tiktok.com/@asly6411/video/7664914614773222663
7689401935996144904,https://www.tiktok.com/@kyrgyzeda/video/7689401935996144904
7690516088454384918,https://www.tiktok.com/@vygodny_havchik/video/7690516088454384918
7651117100286708999,https://www.tiktok.com/@kyrgyzstan_skidki/video/7651117100286708999
7681329788920892680,https://www.tiktok.com/@ivan_shoping/video/7681329788920892680
7671307428226501906,https://www.tiktok.com/@yandex_eda05/video/7671307428226501906
7671561974949367060,https://www.tiktok.com/@books_asya/video/7671561974949367060
7620894100476251414,https://www.tiktok.com/@egekill1/video/7620894100476251414
7684259422440279309,https://www.tiktok.com/@skidkandpromo/video/7684259422440279309
7690967141264215318,https://www.tiktok.com/@vygodny_havchik/video/7690967141264215318
7688683732848430344,https://www.tiktok.com/@promokodi_arm/video/7688683732848430344
7689018573183913249,https://www.tiktok.com/@ella_saves/video/7689018573183913249
7675747316715818247,https://www.tiktok.com/@lerapro_beauty/video/7675747316715818247
7674218343217335572,https://www.tiktok.com/@mash_vibes/video/7674218343217335572
7596402321274326284,https://www.tiktok.com/@taketake7365/video/7596402321274326284
7631176581653777684,https://www.tiktok.com/@janapost.app/video/7631176581653777684
7614129311129357598,https://www.tiktok.com/@soneawe/video/7614129311129357598
7681298855992003871,https://www.tiktok.com/@nemanifree/video/7681298855992003871
7681003276938136850,https://www.tiktok.com/@ekonom_skidochki/video/7681003276938136850
7665247423874354464,https://www.tiktok.com/@tt.osiyyaa/video/7665247423874354464
7688788857764007186,https://www.tiktok.com/@ketvelens/video/7688788857764007186
7673830159358774549,https://www.tiktok.com/@mash_vibes/video/7673830159358774549
7678260629173505287,https://www.tiktok.com/@promokodbishek/video/7678260629173505287
7633143110746393878,https://www.tiktok.com/@egekill1/video/7633143110746393878
7691650710609399062,https://www.tiktok.com/@vygodny_havchik/video/7691650710609399062
7646848815248592149,https://www.tiktok.com/@jetsamokatpromo/video/7646848815248592149
7624418426622184718,https://www.tiktok.com/@elmira_himbio/video/7624418426622184718
7674308271280246034,https://www.tiktok.com/@yandex_eda05/video/7674308271280246034
7629841609131199765,https://www.tiktok.com/@adia_smadilova/video/7629841609131199765
7690831257650892039,https://www.tiktok.com/@yandexbishkek/video/7690831257650892039
7688318953944386834,https://www.tiktok.com/@yung.tea/video/7688318953944386834
7690500718775536927,https://www.tiktok.com/@rejuchek/video/7690500718775536927
7662872836461038855,https://www.tiktok.com/@topskidokk/video/7662872836461038855
7671759652899622164,https://www.tiktok.com/@zhumakur/video/7671759652899622164
7683900577520078101,https://www.tiktok.com/@drako_br02/video/7683900577520078101
7683475139689860359,https://www.tiktok.com/@nat.reznikova/video/7683475139689860359
7633363599636860182,https://www.tiktok.com/@whoosh_promokodi/video/7633363599636860182
7666937694336929042,https://www.tiktok.com/@yandex_eda05/video/7666937694336929042
7690495341459754258,https://www.tiktok.com/@nat.reznikova/video/7690495341459754258
7689011767107685638,https://www.tiktok.com/@ekonom_skidochki/video/7689011767107685638
7668174056411204885,https://www.tiktok.com/@denisova.daria/video/7668174056411204885
7673556549142449426,https://www.tiktok.com/@dianyxelle_care/video/7673556549142449426
7598407738036587797,https://www.tiktok.com/@bishkek_skidki312/video/7598407738036587797
7691267406265650445,https://www.tiktok.com/@pr0mobr0/video/7691267406265650445
7674308474364349703,https://www.tiktok.com/@yandex_eda05/video/7674308474364349703
7691599952467791125,https://www.tiktok.com/@pokushat5/video/7691599952467791125
7690114612875840786,https://www.tiktok.com/@ekonom_skidochki/video/7690114612875840786
7686361755391446292,https://www.tiktok.com/@pokushat5/video/7686361755391446292
7672745840754117895,https://www.tiktok.com/@the.natali_beauty/video/7672745840754117895
7688619941087431950,https://www.tiktok.com/@promikkods/video/7688619941087431950
7691629902319078662,https://www.tiktok.com/@xal9va_pridi/video/7691629902319078662
7691658456885103893,https://www.tiktok.com/@promik_v_domik/video/7691658456885103893
7689841848793222406,https://www.tiktok.com/@kazantsevaaaa__/video/7689841848793222406
7690114564775628039,https://www.tiktok.com/@ekonom_skidochki/video/7690114564775628039
7690916547329641729,https://www.tiktok.com/@xal9va_pridi/video/7690916547329641729
7690958817932102919,https://www.tiktok.com/@madikuu19/video/7690958817932102919
7690566432052088077,https://www.tiktok.com/@kuponomaniya/video/7690566432052088077
7685769162978757901,https://www.tiktok.com/@skidkandpromo/video/7685769162978757901
7683448602227641621,https://www.tiktok.com/@yandexgo_/video/7683448602227641621
7690259815683099912,https://www.tiktok.com/@ekonom_skidochki/video/7690259815683099912
7680276169891056916,https://www.tiktok.com/@promokod700/video/7680276169891056916
7690330207756094741,https://www.tiktok.com/@markovedzza/video/7690330207756094741
7691361568147393810,https://www.tiktok.com/@solovey_222/video/7691361568147393810
7687902976236621076,https://www.tiktok.com/@pokushat5/video/7687902976236621076
7689846632703069473,https://www.tiktok.com/@kodiksave/video/7689846632703069473
7690613285657300242,https://www.tiktok.com/@madina_kuralbay/video/7690613285657300242
7689022982974426381,https://www.tiktok.com/@promokodnya/video/7689022982974426381
7690231943874514183,https://www.tiktok.com/@narezki_channel0/video/7690231943874514183
7689068449028410631,https://www.tiktok.com/@family_skidki/video/7689068449028410631
7689766895205043486,https://www.tiktok.com/@halyavadvig/video/7689766895205043486
7680895150184238356,https://www.tiktok.com/@vigoda_everyday/video/7680895150184238356
7681610220920950046,https://www.tiktok.com/@vkyseds/video/7681610220920950046
7687258767989148941,https://www.tiktok.com/@ka1fysha_/video/7687258767989148941
7691204527386676501,https://www.tiktok.com/@promofilips/video/7691204527386676501
7689735083900603669,https://www.tiktok.com/@mkvdaria/video/7689735083900603669
7652237210497862934,https://www.tiktok.com/@maria.lankovskaia/video/7652237210497862934
7660732620698963222,https://www.tiktok.com/@egekill1/video/7660732620698963222
7667897360579661063,https://www.tiktok.com/@varvara.ch4/video/7667897360579661063
7672697540441132309,https://www.tiktok.com/@lluk0mi/video/7672697540441132309
7672493726396058901,https://www.tiktok.com/@11ege1/video/7672493726396058901
7638622269467593992,https://www.tiktok.com/@varvara.ch4/video/7638622269467593992
7674701202168237333,https://www.tiktok.com/@marsel2150/video/7674701202168237333
7675064902314249492,https://www.tiktok.com/@ulianoo/video/7675064902314249492
7627624006195088662,https://www.tiktok.com/@egehub_vibe/video/7627624006195088662
7685801822245653792,https://www.tiktok.com/@hedgehogtav/video/7685801822245653792
7558887413699972365,https://www.tiktok.com/@chaoooof/video/7558887413699972365
7631284311383133462,https://www.tiktok.com/@egehub_vibe/video/7631284311383133462
7573990848950455563,https://www.tiktok.com/@mariisha.soseliia/video/7573990848950455563
7673952845623790868,https://www.tiktok.com/@yehxheu/video/7673952845623790868
7625718365377531158,https://www.tiktok.com/@egehub_vibe/video/7625718365377531158
7625020697231887636,https://www.tiktok.com/@cnernikovaolga/video/7625020697231887636
7643422971209551125,https://www.tiktok.com/@supersofi_youtuber/video/7643422971209551125
7623731985655041300,https://www.tiktok.com/@qqqqww55/video/7623731985655041300
7684971641281006869,https://www.tiktok.com/@lluk0mi/video/7684971641281006869
7619393386432318740,https://www.tiktok.com/@persmyka/video/7619393386432318740
7624239782511709461,https://www.tiktok.com/@11ege1/video/7624239782511709461
7626766263037234453,https://www.tiktok.com/@11ege1/video/7626766263037234453
7625794704885533983,https://www.tiktok.com/@habix.3000/video/7625794704885533983
7675036132895214869,https://www.tiktok.com/@ulianoo/video/7675036132895214869
7677998011372408082,https://www.tiktok.com/@ninalove156/video/7677998011372408082
7637287240065977620,https://www.tiktok.com/@11ege1/video/7637287240065977620
7618252571936967943,https://www.tiktok.com/@ponchiklev/video/7618252571936967943
7624788410422545686,https://www.tiktok.com/@egehub_vibe/video/7624788410422545686
7656106831177059616,https://www.tiktok.com/@vjunyk_tania/video/7656106831177059616
7611261953092177174,https://www.tiktok.com/@egekill1/video/7611261953092177174
7632079130359647509,https://www.tiktok.com/@11ege1/video/7632079130359647509
7632417810081221909,https://www.tiktok.com/@11ege1/video/7632417810081221909
7626758083238235413,https://www.tiktok.com/@11ege1/video/7626758083238235413
7623913990388780309,https://www.tiktok.com/@11ege1/video/7623913990388780309
7676165938730798354,https://www.tiktok.com/@polunnss/video/7676165938730798354
7627835805578333448,https://www.tiktok.com/@karino_44_kaa/video/7627835805578333448
7580389492582862091,https://www.tiktok.com/@skorikova_valeria_/video/7580389492582862091
7631696907319938325,https://www.tiktok.com/@11ege1/video/7631696907319938325
7627959221744586004,https://www.tiktok.com/@11ege1/video/7627959221744586004
7638397781576535317,https://www.tiktok.com/@11ege1/video/7638397781576535317
7621208130982251794,https://www.tiktok.com/@thefirstone111111/video/7621208130982251794
7620041203601575189,https://www.tiktok.com/@11ege1/video/7620041203601575189
7624595206188567828,https://www.tiktok.com/@ponchiklev/video/7624595206188567828
7682075466852977927,https://www.tiktok.com/@ninalove156/video/7682075466852977927
7619789724646952200,https://www.tiktok.com/@nikis9303/video/7619789724646952200
7625278700149427476,https://www.tiktok.com/@11ege1/video/7625278700149427476
7626761996783947028,https://www.tiktok.com/@11ege1/video/7626761996783947028
7627836750899105044,https://www.tiktok.com/@11ege1/video/7627836750899105044
7621296819670191381,https://www.tiktok.com/@11ege1/video/7621296819670191381
7637151637500611860,https://www.tiktok.com/@11ege1/video/7637151637500611860
7689047039900011777,https://www.tiktok.com/@missbunny020809/video/7689047039900011777
7626406617336040725,https://www.tiktok.com/@11ege1/video/7626406617336040725
7634200868925181205,https://www.tiktok.com/@11ege1/video/7634200868925181205
7690897208668884244,https://www.tiktok.com/@kazantsevaaaa__/video/7690897208668884244
7669503053925518613,https://www.tiktok.com/@evukkk/video/7669503053925518613
7625712600197664021,https://www.tiktok.com/@11ege1/video/7625712600197664021
7610818145917373718,https://www.tiktok.com/@egekill1/video/7610818145917373718
7556263708020706567,https://www.tiktok.com/@legkierody/video/7556263708020706567
7561501020866612487,https://www.tiktok.com/@legkierody/video/7561501020866612487
7649837003764223240,https://www.tiktok.com/@speakeasy_english/video/7649837003764223240
7569643417064754439,https://www.tiktok.com/@legkierody/video/7569643417064754439
7562232405432470791,https://www.tiktok.com/@legkierody/video/7562232405432470791
7646053839002553633,https://www.tiktok.com/@artem_inf/video/7646053839002553633
7656775535401372950,https://www.tiktok.com/@armanmathege/video/7656775535401372950
7646058460668235040,https://www.tiktok.com/@allomisky/video/7646058460668235040
7689445514588196114,https://www.tiktok.com/@tihiro.brain/video/7689445514588196114
7619419083016064277,https://www.tiktok.com/@rus_sofi/video/7619419083016064277
7637503188031294723,https://www.tiktok.com/@armanmathege/video/7637503188031294723
7574132415229070612,https://www.tiktok.com/@lysenko_exams/video/7574132415229070612
7598880274855857422,https://www.tiktok.com/@morozilka_math/video/7598880274855857422
7681341315711323400,https://www.tiktok.com/@koroche.ege/video/7681341315711323400
7616802041104567574,https://www.tiktok.com/@sonya.paranicheva/video/7616802041104567574
7638557631434542358,https://www.tiktok.com/@armanmathege/video/7638557631434542358
7687194623332158741,https://www.tiktok.com/@kursyege1/video/7687194623332158741
7681214112361237780,https://www.tiktok.com/@kurse.store7/video/7681214112361237780
7689132261408541973,https://www.tiktok.com/@kurse.store7/video/7689132261408541973
7622211863580970260,https://www.tiktok.com/@ilcheg_cool/video/7622211863580970260
7575240922267487495,https://www.tiktok.com/@abidybi_math/video/7575240922267487495
7599360518889016594,https://www.tiktok.com/@anton.mnogochl/video/7599360518889016594
7648973409761840406,https://www.tiktok.com/@armanmathege/video/7648973409761840406
7623839198734224662,https://www.tiktok.com/@turbomath_ege/video/7623839198734224662
7680309824327798037,https://www.tiktok.com/@ok.russian/video/7680309824327798037
7645371879879871751,https://www.tiktok.com/@egeflex/video/7645371879879871751
7640828483698003222,https://www.tiktok.com/@armanmathege/video/7640828483698003222
7649028559465352470,https://www.tiktok.com/@armanmathege/video/7649028559465352470
7680979185547889940,https://www.tiktok.com/@darya_ege_/video/7680979185547889940
7630369722453970197,https://www.tiktok.com/@ilcheg_cool/video/7630369722453970197
7628149196733893910,https://www.tiktok.com/@mark_lamark/video/7628149196733893910
7679893088243961109,https://www.tiktok.com/@kurse.store9/video/7679893088243961109
7636509191582076168,https://www.tiktok.com/@turbomath_profil/video/7636509191582076168
7678302215857016085,https://www.tiktok.com/@kurse.store9/video/7678302215857016085
7623879115317234964,https://www.tiktok.com/@kurse.store1/video/7623879115317234964
7678312942105939232,https://www.tiktok.com/@histegee/video/7678312942105939232
7641970784176524551,https://www.tiktok.com/@lit_kravchenko_fox/video/7641970784176524551
7616057840037383446,https://www.tiktok.com/@ghjkll671/video/7616057840037383446
7594847955295800631,https://www.tiktok.com/@morozilka_math/video/7594847955295800631
7628707661625789714,https://www.tiktok.com/@yabloko_kursyyy/video/7628707661625789714
7670895208057408776,https://www.tiktok.com/@nasstarsik/video/7670895208057408776
7679766567789366551,https://www.tiktok.com/@wrabbit_school/video/7679766567789366551
7686940675379629334,https://www.tiktok.com/@wrabbit_school/video/7686940675379629334
7650825661707308295,https://www.tiktok.com/@stasechka995/video/7650825661707308295
7613333609591704863,https://www.tiktok.com/@yyuffeng/video/7613333609591704863
7635239359473650965,https://www.tiktok.com/@marsiiiokkk/video/7635239359473650965
7606326606549765396,https://www.tiktok.com/@kursza130/video/7606326606549765396
7685089675475733773,https://www.tiktok.com/@superpupermjdianchik/video/7685089675475733773
7648252172823432468,https://www.tiktok.com/@marsiiiokkk/video/7648252172823432468
7681695255724297492,https://www.tiktok.com/@saidkaisaevaa/video/7681695255724297492
7689017291710811424,https://www.tiktok.com/@sofa_infa/video/7689017291710811424
7649724395853745429,https://www.tiktok.com/@marsiiiokkk/video/7649724395853745429
7685049940233538834,https://www.tiktok.com/@natahkaaaaar/video/7685049940233538834
7629364342382693640,https://www.tiktok.com/@marsiiiokkk/video/7629364342382693640
7657264952964779282,https://www.tiktok.com/@_muvi._/video/7657264952964779282
7631960570421464342,https://www.tiktok.com/@mashka_rudmeow/video/7631960570421464342
7647296398475431189,https://www.tiktok.com/@kandelaki02/video/7647296398475431189
7690247831038348551,https://www.tiktok.com/@natahkaaaaar/video/7690247831038348551
7690071962042780936,https://www.tiktok.com/@natahkaaaaar/video/7690071962042780936
7604765080735042837,https://www.tiktok.com/@amangeldi_mans/video/7604765080735042837
7686196799257742613,https://www.tiktok.com/@nelya_lotman/video/7686196799257742613
7679040059340852487,https://www.tiktok.com/@nyylizzzaa/video/7679040059340852487
7641682378615835935,https://www.tiktok.com/@vaulerias/video/7641682378615835935
7592268768894618888,https://www.tiktok.com/@ege.rus.lit/video/7592268768894618888
7631194748933508374,https://www.tiktok.com/@arseny_lebed/video/7631194748933508374
7625376055083191560,https://www.tiktok.com/@lievaa_f/video/7625376055083191560
7690134244940664084,https://www.tiktok.com/@extremumrus/video/7690134244940664084
7641549541224877345,https://www.tiktok.com/@anichkk_babe/video/7641549541224877345
7578242938115738894,https://www.tiktok.com/@oge_otvety1/video/7578242938115738894
7688788101392567573,https://www.tiktok.com/@sofyikaspeek/video/7688788101392567573
7621202315994844437,https://www.tiktok.com/@sshitovva/video/7621202315994844437
7679425937657597204,https://www.tiktok.com/@cutlliqqq0/video/7679425937657597204
7620006003928599829,https://www.tiktok.com/@adellig/video/7620006003928599829
7606666800742288647,https://www.tiktok.com/@alphabet.babee.1/video/7606666800742288647
7671747056872000788,https://www.tiktok.com/@rus_sofi/video/7671747056872000788
7644853537318440210,https://www.tiktok.com/@egena100ky/video/7644853537318440210
7683192811780508948,https://www.tiktok.com/@sut1mine/video/7683192811780508948
7657269342270164231,https://www.tiktok.com/@nell1ere/video/7657269342270164231
7646729736881851666,https://www.tiktok.com/@molldprspb78/video/7646729736881851666
7651691493429677319,https://www.tiktok.com/@mirrasar/video/7651691493429677319
7689311022485753121,https://www.tiktok.com/@sofa_infa/video/7689311022485753121
7586741801113881877,https://www.tiktok.com/@fedenk.a/video/7586741801113881877
7682765686166375701,https://www.tiktok.com/@stars_kent/video/7682765686166375701
7662014858132753671,https://www.tiktok.com/@nell1ere/video/7662014858132753671
7604750470720015638,https://www.tiktok.com/@liteexam26/video/7604750470720015638
7683506953498299668,https://www.tiktok.com/@kazantsevaaaa__/video/7683506953498299668
7689379284330351879,https://www.tiktok.com/@boostsms_official/video/7689379284330351879
7646495251368070408,https://www.tiktok.com/@ivan_shoping/video/7646495251368070408
7621807674094570769,https://www.tiktok.com/@padberu_promokod/video/7621807674094570769
7566176792323673356,https://www.tiktok.com/@ksuewerq/video/7566176792323673356
7679715248521186567,https://www.tiktok.com/@st0ocking/video/7679715248521186567
7612435906649246983,https://www.tiktok.com/@gin_seishiro/video/7612435906649246983
7644156108482956564,https://www.tiktok.com/@mkazachok/video/7644156108482956564
7688302251663740178,https://www.tiktok.com/@nadiykasimchuk/video/7688302251663740178
7597931556254059783,https://www.tiktok.com/@daria_maks3/video/7597931556254059783
7689774864307358984,https://www.tiktok.com/@user6183542633416/video/7689774864307358984
7658747627957243157,https://www.tiktok.com/@nesshwa3/video/7658747627957243157
7690891220050136353,https://www.tiktok.com/@prestigeschoolonline/video/7690891220050136353
7690847059473141023,https://www.tiktok.com/@montag230/video/7690847059473141023
7685031966269377813,https://www.tiktok.com/@.taxi593/video/7685031966269377813
7690684973975670048,https://www.tiktok.com/@study.hype/video/7690684973975670048
7691263922439114004,https://www.tiktok.com/@wemlla4/video/7691263922439114004
7691764243418369281,https://www.tiktok.com/@wemlla4/video/7691764243418369281
7617047829357399303,https://www.tiktok.com/@marsiiiokkk/video/7617047829357399303
7685649349312826631,https://www.tiktok.com/@sashka09mi/video/7685649349312826631
7690658604948507925,https://www.tiktok.com/@ii_stusya/video/7690658604948507925
7690670543112129800,https://www.tiktok.com/@study_with_me_ege/video/7690670543112129800
7690787458333625633,https://www.tiktok.com/@ariiis.a/video/7690787458333625633
7691212457859190036,https://www.tiktok.com/@mamunasabuna/video/7691212457859190036
7690927891827150100,https://www.tiktok.com/@neeeveeermiiind/video/7690927891827150100
7690037028339158279,https://www.tiktok.com/@meow_ww_0/video/7690037028339158279
7690817076960808213,https://www.tiktok.com/@ss0niks1/video/7690817076960808213
7688751239861030162,https://www.tiktok.com/@sholakasha.mektep/video/7688751239861030162
7686897151594630420,https://www.tiktok.com/@kariinafire/video/7686897151594630420
7570669214495722772,https://www.tiktok.com/@drzhhhhh/video/7570669214495722772
7648704288113446164,https://www.tiktok.com/@plohi.sh/video/7648704288113446164
7653933387413081365,https://www.tiktok.com/@w.wannyaap/video/7653933387413081365
7560751029361364242,https://www.tiktok.com/@ekaterina_lian38/video/7560751029361364242
7667269934497467668,https://www.tiktok.com/@anglichankael0/video/7667269934497467668
7678764262361156886,https://www.tiktok.com/@ggriglife/video/7678764262361156886
7689482686838082824,https://www.tiktok.com/@haltturaa/video/7689482686838082824
7685827490354367762,https://www.tiktok.com/@poliilazzy/video/7685827490354367762
7661938691169914133,https://www.tiktok.com/@vveliienw/video/7661938691169914133
7690671076929473812,https://www.tiktok.com/@tomtoqqq/video/7690671076929473812
7624640082619731232,https://www.tiktok.com/@repet_ege100/video/7624640082619731232
7646702898444832008,https://www.tiktok.com/@extraperc/video/7646702898444832008
7672279100253424918,https://www.tiktok.com/@linux16_18/video/7672279100253424918
7612679169499073799,https://www.tiktok.com/@farishka_literature/video/7612679169499073799
7685442153710914824,https://www.tiktok.com/@irashuzya/video/7685442153710914824
7686039096934026517,https://www.tiktok.com/@egorkavolosatiy/video/7686039096934026517
7646431593187380502,https://www.tiktok.com/@mo_koval/video/7646431593187380502
7625931487673634069,https://www.tiktok.com/@ulitenko_russ/video/7625931487673634069
7660603080211172622,https://www.tiktok.com/@whyki1id/video/7660603080211172622
7600379911060196628,https://www.tiktok.com/@a4rge/video/7600379911060196628
7637398659902164232,https://www.tiktok.com/@farishka_literature/video/7637398659902164232
7604023191182314759,https://www.tiktok.com/@nayachka777/video/7604023191182314759
7610097605980196117,https://www.tiktok.com/@yancheg67/video/7610097605980196117
7678826432159698197,https://www.tiktok.com/@lolpiuyr/video/7678826432159698197
7615746348352130324,https://www.tiktok.com/@anesha_kg/video/7615746348352130324
7677239392645156109,https://www.tiktok.com/@katycsas/video/7677239392645156109
7606092150723448084,https://www.tiktok.com/@11ege1/video/7606092150723448084
7690144706369506581,https://www.tiktok.com/@vvp0050/video/7690144706369506581
7689552129488407829,https://www.tiktok.com/@dndclubgirls/video/7689552129488407829
7677645838973144340,https://www.tiktok.com/@_0479948/video/7677645838973144340
7630424359491947794,https://www.tiktok.com/@marsiiiokkk/video/7630424359491947794
7571107539383848203,https://www.tiktok.com/@mariisha.soseliia/video/7571107539383848203
7649390000060108052,https://www.tiktok.com/@polyashkaaasw/video/7649390000060108052
7612945218458946830,https://www.tiktok.com/@hubchic6/video/7612945218458946830
7676901332174802196,https://www.tiktok.com/@yehxheu/video/7676901332174802196
7686157427527683348,https://www.tiktok.com/@mova_academyy/video/7686157427527683348
7627463399051382038,https://www.tiktok.com/@kto.too067/video/7627463399051382038
7560038290141793591,https://www.tiktok.com/@chaoooof/video/7560038290141793591
7624568733629009173,https://www.tiktok.com/@varvara.ch4/video/7624568733629009173
7631650566619319573,https://www.tiktok.com/@kariels.k/video/7631650566619319573
7668973093313858849,https://www.tiktok.com/@sonka_monina/video/7668973093313858849
7626287375525645588,https://www.tiktok.com/@varvara.ch4/video/7626287375525645588
7671768618291580192,https://www.tiktok.com/@sonka_monina/video/7671768618291580192
7639051257000348935,https://www.tiktok.com/@lirikisss/video/7639051257000348935
7638904986109349127,https://www.tiktok.com/@varvara.ch4/video/7638904986109349127
7580437744229321992,https://www.tiktok.com/@lypotanyalife/video/7580437744229321992
7624529887004495135,https://www.tiktok.com/@habix.3000/video/7624529887004495135
7669505399824944404,https://www.tiktok.com/@evukkk/video/7669505399824944404
7669127084190485793,https://www.tiktok.com/@dasha.ege2/video/7669127084190485793
7625869551665712405,https://www.tiktok.com/@varvara.ch4/video/7625869551665712405
7627612183706340628,https://www.tiktok.com/@11ege1/video/7627612183706340628
7613408766628826398,https://www.tiktok.com/@hubchic6/video/7613408766628826398
7627783818648341780,https://www.tiktok.com/@11ege1/video/7627783818648341780
7627178632380796168,https://www.tiktok.com/@soniksss_277/video/7627178632380796168
7622239932039384327,https://www.tiktok.com/@thefirstone111111/video/7622239932039384327
7622414554571476244,https://www.tiktok.com/@11ege1/video/7622414554571476244
7622989579372547349,https://www.tiktok.com/@11ege1/video/7622989579372547349
7629769530558008584,https://www.tiktok.com/@soniksss_277/video/7629769530558008584
7630709890398293278,https://www.tiktok.com/@olka_mbek/video/7630709890398293278
7624981057820970261,https://www.tiktok.com/@11ege1/video/7624981057820970261
7669901037599280404,https://www.tiktok.com/@11ege1/video/7669901037599280404
7620016034719796500,https://www.tiktok.com/@11ege1/video/7620016034719796500
7623171198142172436,https://www.tiktok.com/@11ege1/video/7623171198142172436
7619997952320212231,https://www.tiktok.com/@thefirstone111111/video/7619997952320212231
7599247810990509330,https://www.tiktok.com/@skidki_bishkek_/video/7599247810990509330
7593391938636729656,https://www.tiktok.com/@teezkz/video/7593391938636729656
7644800985512054017,https://www.tiktok.com/@padberu/video/7644800985512054017
7646333957084138759,https://www.tiktok.com/@oshy_brand/video/7646333957084138759
7650816259507883282,https://www.tiktok.com/@rahat_mamyrova/video/7650816259507883282
7689016280187473172,https://www.tiktok.com/@monoandme/video/7689016280187473172
7664470224451685653,https://www.tiktok.com/@jul.skin.mono/video/7664470224451685653
7687154003624463648,https://www.tiktok.com/@plotnikovaekaterina12/video/7687154003624463648
7691300670367943968,https://www.tiktok.com/@oksana_probeauty/video/7691300670367943968
7629311426309393694,https://www.tiktok.com/@my_spar/video/7629311426309393694
7675362418314251553,https://www.tiktok.com/@zubik_dxd/video/7675362418314251553
7610429302445772040,https://www.tiktok.com/@skidki_bishkek_/video/7610429302445772040
7674176328316390663,https://www.tiktok.com/@pavlikve/video/7674176328316390663
7683776180209732872,https://www.tiktok.com/@yandexbishkek/video/7683776180209732872
7678079069073771798,https://www.tiktok.com/@khaki_beauty/video/7678079069073771798
7685702234184715540,https://www.tiktok.com/@user13045056784313/video/7685702234184715540
7684731774240312597,https://www.tiktok.com/@promokod700/video/7684731774240312597
7684592500115311890,https://www.tiktok.com/@yandex_go_eda_pro/video/7684592500115311890
7672373369878121748,https://www.tiktok.com/@gavenya_by/video/7672373369878121748
7672499816630390034,https://www.tiktok.com/@aya.shine_/video/7672499816630390034
7690122743227944199,https://www.tiktok.com/@skidkonos_/video/7690122743227944199
7569614630197284118,https://www.tiktok.com/@viktory_goo/video/7569614630197284118
7659679735617735943,https://www.tiktok.com/@ivan_shoping/video/7659679735617735943
7669670480223177997,https://www.tiktok.com/@promikkods/video/7669670480223177997
7689489993424768276,https://www.tiktok.com/@chistozubik/video/7689489993424768276
7679812949686488341,https://www.tiktok.com/@gaukhar.sale/video/7679812949686488341
7680992947042553109,https://www.tiktok.com/@vigoda_everyday/video/7680992947042553109
7689094800410201365,https://www.tiktok.com/@kolmakov.aaa/video/7689094800410201365
7663455944440843521,https://www.tiktok.com/@padberu_promokod/video/7663455944440843521
7689011920841542930,https://www.tiktok.com/@ekonom_skidochki/video/7689011920841542930
7666356436909165831,https://www.tiktok.com/@akdana_yes/video/7666356436909165831
7654627437892029714,https://www.tiktok.com/@__lismiesey__/video/7654627437892029714
7669853577040514312,https://www.tiktok.com/@ivan_shoping/video/7669853577040514312
7681966938657934599,https://www.tiktok.com/@rare__vi/video/7681966938657934599
7676414912372968722,https://www.tiktok.com/@vanillas_me/video/7676414912372968722
7632943466288368917,https://www.tiktok.com/@daburger.osh/video/7632943466288368917
7686077683180064022,https://www.tiktok.com/@x5profit/video/7686077683180064022
7672503382782807316,https://www.tiktok.com/@mash_vibes/video/7672503382782807316
7690204154299518214,https://www.tiktok.com/@_promoteka/video/7690204154299518214
7683734293197245713,https://www.tiktok.com/@padberu_promokod/video/7683734293197245713
7679034841400200466,https://www.tiktok.com/@promokodbishek/video/7679034841400200466
7668290288737209607,https://www.tiktok.com/@yandex_eda05/video/7668290288737209607
7689814929716677909,https://www.tiktok.com/@user261217917885/video/7689814929716677909
7660141542144757024,https://www.tiktok.com/@vigievade/video/7660141542144757024
7577383445542784267,https://www.tiktok.com/@artcore.studio.ala/video/7577383445542784267
7691173568998051094,https://www.tiktok.com/@vygodny_havchik/video/7691173568998051094
7682427168604884245,https://www.tiktok.com/@mikushkina.s/video/7682427168604884245
7681883347676581127,https://www.tiktok.com/@yuliasha_r/video/7681883347676581127
7682822936692116756,https://www.tiktok.com/@promofilips2/video/7682822936692116756
7638231258014797077,https://www.tiktok.com/@yandex.eda.promocode0/video/7638231258014797077
7654684420481305874,https://www.tiktok.com/@yandex._edaa/video/7654684420481305874
7657807563928554773,https://www.tiktok.com/@jul.skin.mono/video/7657807563928554773
7685052161738263830,https://www.tiktok.com/@nastyaaaa.probanki/video/7685052161738263830
7687485143451192583,https://www.tiktok.com/@asylbekova_aikhanym/video/7687485143451192583
7681920677137403157,https://www.tiktok.com/@masha.inprogress/video/7681920677137403157
7653152090000248084,https://www.tiktok.com/@rinqwwo/video/7653152090000248084
7625317565870525703,https://www.tiktok.com/@vilovereadingbooks/video/7625317565870525703
7597882214109482252,https://www.tiktok.com/@bezlyakfecha/video/7597882214109482252
7629126973159165206,https://www.tiktok.com/@sonya.paranicheva/video/7629126973159165206
7635332063301864726,https://www.tiktok.com/@linux16_18/video/7635332063301864726
7583636226658356510,https://www.tiktok.com/@elllinnai/video/7583636226658356510
7624518114440531218,https://www.tiktok.com/@novichikhina_y/video/7624518114440531218
7647951959546154262,https://www.tiktok.com/@katumilovva/video/7647951959546154262
7651948117243350290,https://www.tiktok.com/@nastyaaax2/video/7651948117243350290
7675337548897586452,https://www.tiktok.com/@sonuvirl/video/7675337548897586452
7676147166552902926,https://www.tiktok.com/@alexsashagolden/video/7676147166552902926
7677516670658759956,https://www.tiktok.com/@saidkaisaevaa/video/7677516670658759956
7663108058700172565,https://www.tiktok.com/@xarlavelka/video/7663108058700172565
7690212463941340423,https://www.tiktok.com/@natahkaaaaar/video/7690212463941340423
7650210212435037458,https://www.tiktok.com/@ann.tsvetka/video/7650210212435037458
7630832379312999688,https://www.tiktok.com/@yana.smagliy/video/7630832379312999688
7631511598435192086,https://www.tiktok.com/@linux16_18/video/7631511598435192086
7690212542181887239,https://www.tiktok.com/@natahkaaaaar/video/7690212542181887239
7657543674980470038,https://www.tiktok.com/@zrpvann/video/7657543674980470038
7690224240829762823,https://www.tiktok.com/@yapanda.li/video/7690224240829762823
7663107886675152148,https://www.tiktok.com/@xarlavelka/video/7663107886675152148
7665015859441749255,https://www.tiktok.com/@anton_nenastya/video/7665015859441749255
7651938803883478290,https://www.tiktok.com/@faeraminaa/video/7651938803883478290
7679917490968792328,https://www.tiktok.com/@iinspoarii/video/7679917490968792328
7688753463223684373,https://www.tiktok.com/@samueiei/video/7688753463223684373
7646823227385318663,https://www.tiktok.com/@nastyaaax2/video/7646823227385318663
7677942768211119368,https://www.tiktok.com/@gotosleepl/video/7677942768211119368
7666923886621101332,https://www.tiktok.com/@iammasha20/video/7666923886621101332
7616717086663937302,https://www.tiktok.com/@linux16_18/video/7616717086663937302
7625951953712958752,https://www.tiktok.com/@nasvaii44/video/7625951953712958752
7651943329067764999,https://www.tiktok.com/@nastyaaax2/video/7651943329067764999
7668336866722204946,https://www.tiktok.com/@nicely9461/video/7668336866722204946
7622976437183614229,https://www.tiktok.com/@egehim_study/video/7622976437183614229
7668962317316476182,https://www.tiktok.com/@kto.too067/video/7668962317316476182
7625727012254027029,https://www.tiktok.com/@romanessaa/video/7625727012254027029
7641319579951729928,https://www.tiktok.com/@nastyaaax2/video/7641319579951729928
7669469981674900768,https://www.tiktok.com/@yayga406/video/7669469981674900768
7678703636528074006,https://www.tiktok.com/@varechka1_0/video/7678703636528074006
7688384329596013838,https://www.tiktok.com/@morozilka_math/video/7688384329596013838
7623813316602776852,https://www.tiktok.com/@poolll.ii/video/7623813316602776852
7621570611093179669,https://www.tiktok.com/@egehim_study/video/7621570611093179669
7604916719198440726,https://www.tiktok.com/@iamelisabethv/video/7604916719198440726
7639311927230893332,https://www.tiktok.com/@glebasprofmat/video/7639311927230893332
7621249528091495700,https://www.tiktok.com/@egehim_study/video/7621249528091495700
7688213470336060680,https://www.tiktok.com/@missbunny020809/video/7688213470336060680
7689961893963861255,https://www.tiktok.com/@vasinastya3/video/7689961893963861255
7575605997419482379,https://www.tiktok.com/@mariisha.soseliia/video/7575605997419482379
7676904671394450708,https://www.tiktok.com/@alinaxnoo/video/7676904671394450708
7633557297419029781,https://www.tiktok.com/@11ege1/video/7633557297419029781
7629766294711176455,https://www.tiktok.com/@soniksss_277/video/7629766294711176455
7566516889883659527,https://www.tiktok.com/@promokodyozon1/video/7566516889883659527
7629847728947825940,https://www.tiktok.com/@11ege1/video/7629847728947825940
7635387908454616340,https://www.tiktok.com/@11ege1/video/7635387908454616340
7603367362099694869,https://www.tiktok.com/@alyayaska.ya/video/7603367362099694869
7624553539829779730,https://www.tiktok.com/@nikis9303/video/7624553539829779730
7630861429679181064,https://www.tiktok.com/@soniksss_277/video/7630861429679181064
7627193526660369697,https://www.tiktok.com/@mixit_ru/video/7627193526660369697
7669473268402851093,https://www.tiktok.com/@nastushkiinn/video/7669473268402851093
7690717538912570644,https://www.tiktok.com/@lumasweg/video/7690717538912570644
7683626006837480736,https://www.tiktok.com/@alen_butt/video/7683626006837480736
7685361817635327252,https://www.tiktok.com/@vwnawv/video/7685361817635327252
7667292635656211742,https://www.tiktok.com/@valerikafilm4.0/video/7667292635656211742
7690231913750990102,https://www.tiktok.com/@amimingazova888/video/7690231913750990102
7636371828319030550,https://www.tiktok.com/@vlada.sys/video/7636371828319030550
7690529032890371360,https://www.tiktok.com/@oksi3127/video/7690529032890371360
7677888596568755463,https://www.tiktok.com/@polina_studybeauty/video/7677888596568755463
7668059919903427872,https://www.tiktok.com/@ddssso2/video/7668059919903427872
7621622486991490334,https://www.tiktok.com/@koteevna_me/video/7621622486991490334
7691713199762148626,https://www.tiktok.com/@klimovaa_909/video/7691713199762148626
7676525417645231368,https://www.tiktok.com/@margoshkabeauty_/video/7676525417645231368
7671200741272341774,https://www.tiktok.com/@ksenniizz/video/7671200741272341774
7690598689504513288,https://www.tiktok.com/@zavisima06/video/7690598689504513288
7669220760866524436,https://www.tiktok.com/@juliakomalol/video/7669220760866524436
7690611096096476423,https://www.tiktok.com/@mb314467/video/7690611096096476423
7620561890237877535,https://www.tiktok.com/@valerikafilm4.0/video/7620561890237877535
7684352335627308308,https://www.tiktok.com/@vishkaaaa.a/video/7684352335627308308
7623491466702212360,https://www.tiktok.com/@chikanaika_ugc/video/7623491466702212360
7673538907102825742,https://www.tiktok.com/@savvahcb2me/video/7673538907102825742
7689311847597493511,https://www.tiktok.com/@i.want.glow.up.now/video/7689311847597493511
7681654341429742870,https://www.tiktok.com/@armanmathege/video/7681654341429742870
7684731834713820429,https://www.tiktok.com/@m9508914nu7/video/7684731834713820429
7659502305737248020,https://www.tiktok.com/@vikxxwnq/video/7659502305737248020
7667599993498438919,https://www.tiktok.com/@ewushka_beauty/video/7667599993498438919
7690583359751326984,https://www.tiktok.com/@adelinchek/video/7690583359751326984
7690623779315404052,https://www.tiktok.com/@wikinsekret/video/7690623779315404052
7691240097869679873,https://www.tiktok.com/@genshin_impact_ru/video/7691240097869679873
7690604976896331015,https://www.tiktok.com/@katuchka_btw/video/7690604976896331015
7676396484488645921,https://www.tiktok.com/@zalievaugc/video/7676396484488645921
7682794373939006738,https://www.tiktok.com/@khabarovskay_18/video/7682794373939006738
7649001181796224278,https://www.tiktok.com/@mppgrl_/video/7649001181796224278
7619321723904593159,https://www.tiktok.com/@mashmarvania/video/7619321723904593159
7649769483371859220,https://www.tiktok.com/@yana.ayshan/video/7649769483371859220
7681660303947484423,https://www.tiktok.com/@yanessa.smet/video/7681660303947484423
7682889872440364308,https://www.tiktok.com/@krame_mixes2/video/7682889872440364308
7648632122231491861,https://www.tiktok.com/@kamilasya_ya/video/7648632122231491861
7680969291981802753,https://www.tiktok.com/@paytoshkaaaaaaaaa/video/7680969291981802753
7649006084790816021,https://www.tiktok.com/@anstiso/video/7649006084790816021
7650148063671258389,https://www.tiktok.com/@.lalilari/video/7650148063671258389
7682407759429569824,https://www.tiktok.com/@tetyakoshhhka/video/7682407759429569824
7672066932824214816,https://www.tiktok.com/@byy.smol/video/7672066932824214816
7677487567255735582,https://www.tiktok.com/@tulageo/video/7677487567255735582
7658347200304385300,https://www.tiktok.com/@xarlavelka/video/7658347200304385300
7655084627060591892,https://www.tiktok.com/@plohi.sh/video/7655084627060591892
7648206617896422678,https://www.tiktok.com/@mppgrl_/video/7648206617896422678
7651172403237817621,https://www.tiktok.com/@plohi.sh/video/7651172403237817621
7651218119351930132,https://www.tiktok.com/@tg_shotta_tim/video/7651218119351930132
7642675612632616225,https://www.tiktok.com/@lenakvanina/video/7642675612632616225
7648698116928998676,https://www.tiktok.com/@.lalilari/video/7648698116928998676
7649850489110088993,https://www.tiktok.com/@hihipop/video/7649850489110088993
7685796796219526420,https://www.tiktok.com/@mashamavlay/video/7685796796219526420
7682486989018385686,https://www.tiktok.com/@varechka1_0/video/7682486989018385686
7657577696066587925,https://www.tiktok.com/@xarlavelka/video/7657577696066587925
7673234242557545736,https://www.tiktok.com/@stalingradenglish/video/7673234242557545736
7684954077557427463,https://www.tiktok.com/@ixilefchekk/video/7684954077557427463
7651510228277644565,https://www.tiktok.com/@mikeeva.evaa/video/7651510228277644565
7687911102579051797,https://www.tiktok.com/@estetikom/video/7687911102579051797
7620890051731311892,https://www.tiktok.com/@ks_0230/video/7620890051731311892
7681573240916938005,https://www.tiktok.com/@girl_slay_beauty/video/7681573240916938005
7684727569433758996,https://www.tiktok.com/@ist.fun.kira/video/7684727569433758996
7691455795157945608,https://www.tiktok.com/@klimovaa_909/video/7691455795157945608
7657992868539223304,https://www.tiktok.com/@anna_arey3/video/7657992868539223304
7690588102263459105,https://www.tiktok.com/@mif100b/video/7690588102263459105
7690188497906339105,https://www.tiktok.com/@chefir65/video/7690188497906339105
7678851371529030920,https://www.tiktok.com/@xxx_agusha_xxx0/video/7678851371529030920
7691435983450983702,https://www.tiktok.com/@ktchkw/video/7691435983450983702
7670949385928281351,https://www.tiktok.com/@koehqi/video/7670949385928281351
7637507049655455008,https://www.tiktok.com/@100ballsway/video/7637507049655455008
7662008545264586004,https://www.tiktok.com/@ul_leti/video/7662008545264586004
7691318608571403541,https://www.tiktok.com/@biowithbear/video/7691318608571403541
7607917120193613076,https://www.tiktok.com/@z1adnicks/video/7607917120193613076
7685852178833083681,https://www.tiktok.com/@100ballny/video/7685852178833083681
7687620575400840456,https://www.tiktok.com/@ksuush_h/video/7687620575400840456
7651220517793320213,https://www.tiktok.com/@u321755/video/7651220517793320213
7670983916425153806,https://www.tiktok.com/@superpupermjdianchik/video/7670983916425153806
7683882498278968596,https://www.tiktok.com/@biowithbear/video/7683882498278968596
7683499607552232736,https://www.tiktok.com/@nessa_vva/video/7683499607552232736
7690221346739047711,https://www.tiktok.com/@elimistryy/video/7690221346739047711
7689474422972878101,https://www.tiktok.com/@biowithbear/video/7689474422972878101
7678308064394546453,https://www.tiktok.com/@biowithbear/video/7678308064394546453
7674568800687656212,https://www.tiktok.com/@laracropht/video/7674568800687656212
7574607453648719126,https://www.tiktok.com/@advertising_layouts/video/7574607453648719126
7689072470271233298,https://www.tiktok.com/@tvarhiv_official/video/7689072470271233298
7610098524147043604,https://www.tiktok.com/@democrstist/video/7610098524147043604
7687550428170456342,https://www.tiktok.com/@fake_reality_for_you/video/7687550428170456342
7690882102203567381,https://www.tiktok.com/@lppd100/video/7690882102203567381
7662811325873032478,https://www.tiktok.com/@asketovich3/video/7662811325873032478
7674192128574033160,https://www.tiktok.com/@kioryy18/video/7674192128574033160
7680292887812214036,https://www.tiktok.com/@nikita.bers/video/7680292887812214036
7691429044042157345,https://www.tiktok.com/@oleksblog/video/7691429044042157345
7676869572711976209,https://www.tiktok.com/@shemka01/video/7676869572711976209
7691401630448618785,https://www.tiktok.com/@natalyabora/video/7691401630448618785
7678748261699734791,https://www.tiktok.com/@yanix2862/video/7678748261699734791
7669815152820161812,https://www.tiktok.com/@ksenovvva/video/7669815152820161812
7655782574823886101,https://www.tiktok.com/@lazareva_beauty/video/7655782574823886101
7611190304019959062,https://www.tiktok.com/@vikaqrru3zv/video/7611190304019959062
7592197519774371103,https://www.tiktok.com/@polinette.8/video/7592197519774371103
7676221709887835410,https://www.tiktok.com/@sonya_beauty/video/7676221709887835410
7679785935839579424,https://www.tiktok.com/@lifomi8/video/7679785935839579424
7686502966160805141,https://www.tiktok.com/@biowithbear/video/7686502966160805141
7691002854110137614,https://www.tiktok.com/@exponentamath/video/7691002854110137614
7668349841092742422,https://www.tiktok.com/@0.14_nailz/video/7668349841092742422
7576770974159244599,https://www.tiktok.com/@angelina_sel1/video/7576770974159244599
7690503323639647520,https://www.tiktok.com/@mif100b/video/7690503323639647520
7690492945551658272,https://www.tiktok.com/@nattwins2008/video/7690492945551658272
7691694220444224788,https://www.tiktok.com/@biowithbear/video/7691694220444224788
7569327339939564831,https://www.tiktok.com/@ksukalashh/video/7569327339939564831
7679879011878620438,https://www.tiktok.com/@ktchkw/video/7679879011878620438
7690343079391382805,https://www.tiktok.com/@gdz_olega/video/7690343079391382805
7612706344969243924,https://www.tiktok.com/@wikula.com0/video/7612706344969243924
7690616142670400776,https://www.tiktok.com/@top.repetitor0/video/7690616142670400776
7690231688152141063,https://www.tiktok.com/@egeflex/video/7690231688152141063
7690195669528661269,https://www.tiktok.com/@egkforever/video/7690195669528661269
7662409448559840534,https://www.tiktok.com/@.lazy79/video/7662409448559840534
7690321508702391572,https://www.tiktok.com/@lppd100/video/7690321508702391572
7687969034033286421,https://www.tiktok.com/@glebasprofmat/video/7687969034033286421
7622677651152473365,https://www.tiktok.com/@iwowwe.official/video/7622677651152473365
7689424089471208725,https://www.tiktok.com/@ratsilirr/video/7689424089471208725
7682660169284832533,https://www.tiktok.com/@shakhnaz.seidaly/video/7682660169284832533
7690264214593621261,https://www.tiktok.com/@exponentamath/video/7690264214593621261
7689529072183037198,https://www.tiktok.com/@writtyyq/video/7689529072183037198
7639999062573452552,https://www.tiktok.com/@k3480215/video/7639999062573452552
7679004531644009758,https://www.tiktok.com/@lizzkach62/video/7679004531644009758
7688332012524031253,https://www.tiktok.com/@biowithbear/video/7688332012524031253
7579664549272489234,https://www.tiktok.com/@grwm_1708/video/7579664549272489234
7690622875031686452,https://www.tiktok.com/@nsttttty/video/7690622875031686452
7651558970619923730,https://www.tiktok.com/@vasilqevna/video/7651558970619923730
7687958563636989205,https://www.tiktok.com/@biowithbear/video/7687958563636989205
7691314891487005973,https://www.tiktok.com/@biowithbear/video/7691314891487005973
7617480826464357654,https://www.tiktok.com/@quentgrayclub/video/7617480826464357654
7688768393452850440,https://www.tiktok.com/@100bpoli/video/7688768393452850440
7690954775210233121,https://www.tiktok.com/@100ballsway/video/7690954775210233121
7675668458788441357,https://www.tiktok.com/@ksenniizz/video/7675668458788441357
7641620648363674888,https://www.tiktok.com/@aknur_547/video/7641620648363674888
7651930509714509064,https://www.tiktok.com/@aikoshh14/video/7651930509714509064
7690189175211052295,https://www.tiktok.com/@ilcheg/video/7690189175211052295
7674257855314251029,https://www.tiktok.com/@biowithbear/video/7674257855314251029
7659358469170007316,https://www.tiktok.com/@lazzkinzz/video/7659358469170007316
7691032553091894535,https://www.tiktok.com/@kalyvan819/video/7691032553091894535
7690212754564730134,https://www.tiktok.com/@notreallyme920/video/7690212754564730134
7690629058140556565,https://www.tiktok.com/@maria_100b/video/7690629058140556565
7686158014117661973,https://www.tiktok.com/@20evll/video/7686158014117661973
7687967629205622034,https://www.tiktok.com/@tetyavero/video/7687967629205622034
7691729607631867168,https://www.tiktok.com/@100ballsway/video/7691729607631867168
7690652060651490612,https://www.tiktok.com/@maria_100b/video/7690652060651490612
7690318910721133846,https://www.tiktok.com/@ktchkw/video/7690318910721133846
7687951727915470088,https://www.tiktok.com/@rovamik/video/7687951727915470088
7689457011364269334,https://www.tiktok.com/@zrpvann/video/7689457011364269334
7689472031632411925,https://www.tiktok.com/@lppd100/video/7689472031632411925
7690241694364618004,https://www.tiktok.com/@angelishka_malyshka/video/7690241694364618004
7689103177659993364,https://www.tiktok.com/@himbiobro/video/7689103177659993364
7690567995009060104,https://www.tiktok.com/@s11shhhhh/video/7690567995009060104
7689843780718955799,https://www.tiktok.com/@daryashxl/video/7689843780718955799
7685724951571172630,https://www.tiktok.com/@itsnaasst/video/7685724951571172630
7677941998770343190,https://www.tiktok.com/@xiddua_/video/7677941998770343190
7691672351058054420,https://www.tiktok.com/@glebasprofmat/video/7691672351058054420
7690215433261124872,https://www.tiktok.com/@dimamadrid511/video/7690215433261124872
7690184724962086165,https://www.tiktok.com/@ad1sey/video/7690184724962086165
7685419781352082708,https://www.tiktok.com/@wikkka.aa/video/7685419781352082708
7641199289498111240,https://www.tiktok.com/@youngteachrus/video/7641199289498111240
7686890614360673558,https://www.tiktok.com/@marusyia_veschaet/video/7686890614360673558
7678943242515270932,https://www.tiktok.com/@ktoriisme/video/7678943242515270932
7691394634836086037,https://www.tiktok.com/@extremumrus/video/7691394634836086037
7670833097667087630,https://www.tiktok.com/@malynaghg/video/7670833097667087630
7691657306559221010,https://www.tiktok.com/@dishauliaax/video/7691657306559221010
7689860159002234132,https://www.tiktok.com/@marryi555/video/7689860159002234132
7685465521717890312,https://www.tiktok.com/@dashaaa67_/video/7685465521717890312
7677960551548357906,https://www.tiktok.com/@mashiksss1/video/7677960551548357906
7691675052445551880,https://www.tiktok.com/@klimovaa_909/video/7691675052445551880
7676136480930041101,https://www.tiktok.com/@shurochka2490/video/7676136480930041101
7679765682267065618,https://www.tiktok.com/@learnflow88/video/7679765682267065618
7596293112763305237,https://www.tiktok.com/@_mukroveif_421/video/7596293112763305237
7690997764901244168,https://www.tiktok.com/@elizaveta.riley.li/video/7690997764901244168
7611577193096908053,https://www.tiktok.com/@romanovna_vika/video/7611577193096908053
7679497627490209032,https://www.tiktok.com/@user3635665796106/video/7679497627490209032
7612370462810606870,https://www.tiktok.com/@every_viktoria_3/video/7612370462810606870
7626309572034170132,https://www.tiktok.com/@__valeri_arts__/video/7626309572034170132
7691333708208590101,https://www.tiktok.com/@egenalegke/video/7691333708208590101
7583347370738404615,https://www.tiktok.com/@ms.korotkova/video/7583347370738404615
7685392199579651348,https://www.tiktok.com/@dglubokiy/video/7685392199579651348
7684316962909900040,https://www.tiktok.com/@marta.tarnovetska/video/7684316962909900040
7675757053994061074,https://www.tiktok.com/@ellitutor/video/7675757053994061074
7682304221789654305,https://www.tiktok.com/@ts_diana/video/7682304221789654305
7596939784891763988,https://www.tiktok.com/@_ekt_oficial_/video/7596939784891763988
7592247946897394952,https://www.tiktok.com/@celina_math/video/7592247946897394952
7657900455392988423,https://www.tiktok.com/@y_ankas/video/7657900455392988423
7632601616511814932,https://www.tiktok.com/@maks_w1zex/video/7632601616511814932
7665776675401059605,https://www.tiktok.com/@ege.otlizi/video/7665776675401059605
7685734769875094805,https://www.tiktok.com/@_dasha1652/video/7685734769875094805
7679951760349269256,https://www.tiktok.com/@maya_miam1/video/7679951760349269256
7669813351525944584,https://www.tiktok.com/@kidslifeschool/video/7669813351525944584
7680182256220015905,https://www.tiktok.com/@an_krp/video/7680182256220015905
7583290380263689483,https://www.tiktok.com/@ssweeetttt0/video/7583290380263689483
7677620764731837727,https://www.tiktok.com/@misty_morning_flood/video/7677620764731837727
7625378714255183122,https://www.tiktok.com/@alextravel93/video/7625378714255183122
7675371720118750495,https://www.tiktok.com/@misty_morning_flood/video/7675371720118750495
7673098158381092129,https://www.tiktok.com/@yulia_autopilot/video/7673098158381092129
7569286337346440469,https://www.tiktok.com/@anytikssz/video/7569286337346440469
7610777463945284885,https://www.tiktok.com/@ktefk.dteu/video/7610777463945284885
7678973143028960513,https://www.tiktok.com/@parasyz_prava_al/video/7678973143028960513
7669150053285612807,https://www.tiktok.com/@kostonayskitelefaper/video/7669150053285612807
7690258803207572756,https://www.tiktok.com/@tv42plus/video/7690258803207572756
7656421742927236370,https://www.tiktok.com/@aanextt/video/7656421742927236370
7566316257650167062,https://www.tiktok.com/@chemmy_choo/video/7566316257650167062
7584998149752753419,https://www.tiktok.com/@ssweeetttt0/video/7584998149752753419
7645394029831572744,https://www.tiktok.com/@morozovska_zlata_/video/7645394029831572744
7621693173584137480,https://www.tiktok.com/@skyn0ck/video/7621693173584137480
7667504951190375698,https://www.tiktok.com/@physwithme/video/7667504951190375698
7678698140240710932,https://www.tiktok.com/@belova.bio/video/7678698140240710932
7647603449101634823,https://www.tiktok.com/@danitkaa/video/7647603449101634823
7580831555090648352,https://www.tiktok.com/@englishwithloveee/video/7580831555090648352
7653849677644844296,https://www.tiktok.com/@klokowa/video/7653849677644844296
7678270818824031508,https://www.tiktok.com/@belova.bio/video/7678270818824031508
7589966919881575693,https://www.tiktok.com/@disneyxdvip/video/7589966919881575693
7626732296451755285,https://www.tiktok.com/@kursza130/video/7626732296451755285
7658002831416495380,https://www.tiktok.com/@veronichka_067/video/7658002831416495380
7665067027337334036,https://www.tiktok.com/@yulchik6767/video/7665067027337334036
7660886626402356513,https://www.tiktok.com/@viktory_goo/video/7660886626402356513
7682306246543969556,https://www.tiktok.com/@kalyvan819/video/7682306246543969556
7689474371089403157,https://www.tiktok.com/@arinaperepelkinaa/video/7689474371089403157
7633167069156085012,https://www.tiktok.com/@hsskkkeww/video/7633167069156085012
7593826485228571937,https://www.tiktok.com/@tolyaofootballe/video/7593826485228571937
7632659248845032722,https://www.tiktok.com/@karino_44_kaa/video/7632659248845032722
7691340199183387936,https://www.tiktok.com/@surbiology_/video/7691340199183387936
7638994088934558984,https://www.tiktok.com/@n.rostislavovych/video/7638994088934558984
7587893288003243320,https://www.tiktok.com/@avtoshkola_antares/video/7587893288003243320
7666017927803538695,https://www.tiktok.com/@olya.veberr/video/7666017927803538695
7627241568709135634,https://www.tiktok.com/@_shiningfirefly/video/7627241568709135634
7656833976509812000,https://www.tiktok.com/@brand.ambassador1l/video/7656833976509812000
7612313813714488607,https://www.tiktok.com/@lena_flex/video/7612313813714488607
7630354493447752993,https://www.tiktok.com/@shcolaotvet/video/7630354493447752993
7680031733332331809,https://www.tiktok.com/@bektur.invest/video/7680031733332331809
7668711650807123220,https://www.tiktok.com/@alimov.tv/video/7668711650807123220
7617760323080146197,https://www.tiktok.com/@nurtilek_uraimov/video/7617760323080146197
7620404057278139669,https://www.tiktok.com/@nurtilek_uraimov/video/7620404057278139669
7646147020729748757,https://www.tiktok.com/@cristanebellonica/video/7646147020729748757
7590440186253724940,https://www.tiktok.com/@.sindi.home/video/7590440186253724940
7684664729842863392,https://www.tiktok.com/@beripokadajut/video/7684664729842863392
7586292014963068181,https://www.tiktok.com/@avto_bereke/video/7586292014963068181
7629625745412852999,https://www.tiktok.com/@hakal.0/video/7629625745412852999
7605638662205852946,https://www.tiktok.com/@marat.kairat/video/7605638662205852946
7621182383240269077,https://www.tiktok.com/@usjsjdj_911/video/7621182383240269077
7681545685551811848,https://www.tiktok.com/@kazakh_avto_dom_prodazha/video/7681545685551811848
7671973157623893266,https://www.tiktok.com/@family_skidki/video/7671973157623893266
7595585650175380744,https://www.tiktok.com/@chagulovva/video/7595585650175380744
7679127048278789409,https://www.tiktok.com/@ruslanochka36/video/7679127048278789409
7684271487775280385,https://www.tiktok.com/@olgashulina_teacher/video/7684271487775280385
7627216331997285650,https://www.tiktok.com/@nikusya.skam/video/7627216331997285650
7660110847221665045,https://www.tiktok.com/@anstiso/video/7660110847221665045
7689929457678683424,https://www.tiktok.com/@komis_sandra/video/7689929457678683424
7685784989341945120,https://www.tiktok.com/@vladarepet/video/7685784989341945120
7690328921040096513,https://www.tiktok.com/@directorzlovnya/video/7690328921040096513
7579297080074636566,https://www.tiktok.com/@danykmiu/video/7579297080074636566
7569777272916348171,https://www.tiktok.com/@00firefly__000/video/7569777272916348171
7641229277949594900,https://www.tiktok.com/@drzhhhhh/video/7641229277949594900
7681561942598667534,https://www.tiktok.com/@kew1lina/video/7681561942598667534
7589533136787180821,https://www.tiktok.com/@from.sasha.with.love/video/7589533136787180821
7646301059006090516,https://www.tiktok.com/@tushenka/video/7646301059006090516
7680931333463641364,https://www.tiktok.com/@osipov_dimas/video/7680931333463641364
7639064412858420512,https://www.tiktok.com/@s_a_e2099/video/7639064412858420512
7635898377653325076,https://www.tiktok.com/@draco28640/video/7635898377653325076
7691631669836549383,https://www.tiktok.com/@pulse.kg/video/7691631669836549383
7620877446988025121,https://www.tiktok.com/@xtallent/video/7620877446988025121
7687319326776462599,https://www.tiktok.com/@maya_miam1/video/7687319326776462599
7558102706439720204,https://www.tiktok.com/@pepsyashkaed/video/7558102706439720204
7679349604697050388,https://www.tiktok.com/@k.rillin/video/7679349604697050388
7686922355515378964,https://www.tiktok.com/@nisshymabaysc/video/7686922355515378964
7672342530830208277,https://www.tiktok.com/@jtstudy.english/video/7672342530830208277
7644164436932005134,https://www.tiktok.com/@bbysinkaaa/video/7644164436932005134
7676051014599888148,https://www.tiktok.com/@suspensions83/video/7676051014599888148
7610025928227294495,https://www.tiktok.com/@queue609/video/7610025928227294495
7647161074407525654,https://www.tiktok.com/@filler_osint/video/7647161074407525654
7571021112138566919,https://www.tiktok.com/@lafffff_77/video/7571021112138566919
7691406619229310240,https://www.tiktok.com/@arella.sailen/video/7691406619229310240
7654925065179467030,https://www.tiktok.com/@aljssh/video/7654925065179467030
7591599855898856725,https://www.tiktok.com/@liceysg_epk/video/7591599855898856725
7581866822249778453,https://www.tiktok.com/@nron.go/video/7581866822249778453
7577852558971063559,https://www.tiktok.com/@madoka_0909/video/7577852558971063559
7653576759073410322,https://www.tiktok.com/@demboyoff/video/7653576759073410322
7674885275188858143,https://www.tiktok.com/@perforatortelefap/video/7674885275188858143
7686042653691350279,https://www.tiktok.com/@iblsschool/video/7686042653691350279
7616325471437114645,https://www.tiktok.com/@speakwithanna01/video/7616325471437114645
7678788151875341589,https://www.tiktok.com/@shkredss/video/7678788151875341589
7675732207809482005,https://www.tiktok.com/@nikita.normis/video/7675732207809482005
7653500193479871765,https://www.tiktok.com/@arna.online.school/video/7653500193479871765
7685501665159417108,https://www.tiktok.com/@m.kolsva/video/7685501665159417108
7585913377315179787,https://www.tiktok.com/@pipidodo11/video/7585913377315179787
7690284032420056340,https://www.tiktok.com/@sta.seaaa/video/7690284032420056340
7690966326055128352,https://www.tiktok.com/@komarovfamily/video/7690966326055128352
7657517522186472735,https://www.tiktok.com/@alicianicola2/video/7657517522186472735
7691605404710604039,https://www.tiktok.com/@maxon_legenda1/video/7691605404710604039
7690281906121788690,https://www.tiktok.com/@vasilisawww53/video/7690281906121788690
7566991425691225352,https://www.tiktok.com/@mroosnpm/video/7566991425691225352
7691373970355981601,https://www.tiktok.com/@poolyyy__2/video/7691373970355981601
7641555180068097302,https://www.tiktok.com/@thinkglobal.ua/video/7641555180068097302
7690191564894686485,https://www.tiktok.com/@ksyudi_love/video/7690191564894686485
7688430485097205014,https://www.tiktok.com/@mirthmerge/video/7688430485097205014
7679085267780635912,https://www.tiktok.com/@danstgtr/video/7679085267780635912
7568167079422037260,https://www.tiktok.com/@demi_morti/video/7568167079422037260
7680199083801464067,https://www.tiktok.com/@aljssh/video/7680199083801464067
7688003985835527444,https://www.tiktok.com/@letovoschool/video/7688003985835527444
7686452086321564949,https://www.tiktok.com/@i1_hanahaki_1i/video/7686452086321564949
7690193734213897490,https://www.tiktok.com/@ruslan.gladenko.school/video/7690193734213897490
7687259300871392519,https://www.tiktok.com/@endhope4/video/7687259300871392519
7689767604923223314,https://www.tiktok.com/@viksa.konserva/video/7689767604923223314
7612049962586705173,https://www.tiktok.com/@checkrepost97/video/7612049962586705173
7610067602500521238,https://www.tiktok.com/@10dude12/video/7610067602500521238
7673662105643453717,https://www.tiktok.com/@akka_mazafaka/video/7673662105643453717
7676357054910500103,https://www.tiktok.com/@avto_zona_055/video/7676357054910500103
7690510258220961042,https://www.tiktok.com/@pulse.kg/video/7690510258220961042
7673787891746704658,https://www.tiktok.com/@svetlana_obzor/video/7673787891746704658
7633459754794355981,https://www.tiktok.com/@pinksakura5252/video/7633459754794355981
7591876568205643030,https://www.tiktok.com/@berdiyev.sh/video/7591876568205643030
7614419006354869512,https://www.tiktok.com/@santehnika_.osh/video/7614419006354869512
7687868643987754256,https://www.tiktok.com/@kfc.kz/video/7687868643987754256
7691004907230432544,https://www.tiktok.com/@maslynou/video/7691004907230432544
7678711838921788693,https://www.tiktok.com/@_katsby_/video/7678711838921788693
7628300281528274184,https://www.tiktok.com/@elyazulpuewa/video/7628300281528274184
7631924953062919444,https://www.tiktok.com/@_katsby_/video/7631924953062919444
7608577067390717204,https://www.tiktok.com/@tvoeserdcebudetrazbito/video/7608577067390717204
7646865680960130324,https://www.tiktok.com/@_katsby_/video/7646865680960130324
7689531209562606868,https://www.tiktok.com/@ms.fantassy/video/7689531209562606868
7670983076268313874,https://www.tiktok.com/@diarywelskiy/video/7670983076268313874
7691753910666677505,https://www.tiktok.com/@nurtuganuly1/video/7691753910666677505
7688964222104915218,https://www.tiktok.com/@nomad_headline/video/7688964222104915218
7689806470757633286,https://www.tiktok.com/@kirrami/video/7689806470757633286
7629069698268744981,https://www.tiktok.com/@nextrade2.0/video/7629069698268744981
7676823467735452948,https://www.tiktok.com/@miyuko.hoyo/video/7676823467735452948
7676238873021795600,https://www.tiktok.com/@duck_524_/video/7676238873021795600
7688504287105666326,https://www.tiktok.com/@soosfacts/video/7688504287105666326
7615719216926182677,https://www.tiktok.com/@user2675321015302/video/7615719216926182677
7686808778938862866,https://www.tiktok.com/@dophamino05/video/7686808778938862866
7669907214206766357,https://www.tiktok.com/@valenok.valenza/video/7669907214206766357
7645286054714461460,https://www.tiktok.com/@oxyfrin/video/7645286054714461460
7666909871652064532,https://www.tiktok.com/@karynafokk/video/7666909871652064532
7688638351334722834,https://www.tiktok.com/@slavareklama/video/7688638351334722834
7556285304248847628,https://www.tiktok.com/@freelstep/video/7556285304248847628
7593620656512568588,https://www.tiktok.com/@targetolog_smm108/video/7593620656512568588
7598053980182285624,https://www.tiktok.com/@targetolog_smm108/video/7598053980182285624
7605181871567244560,https://www.tiktok.com/@targetolog_smm108/video/7605181871567244560
7601382844593622288,https://www.tiktok.com/@targetolog_smm108/video/7601382844593622288
7608581852802190609,https://www.tiktok.com/@targetolog_smm108/video/7608581852802190609
7647642859654401293,https://www.tiktok.com/@learn_leap/video/7647642859654401293
7691396949114752264,https://www.tiktok.com/@.nl9361/video/7691396949114752264
7588130800122580235,https://www.tiktok.com/@targetolog_smm108/video/7588130800122580235
7604003880585809169,https://www.tiktok.com/@targetolog_smm108/video/7604003880585809169
7600661831744621840,https://www.tiktok.com/@targetolog_smm108/video/7600661831744621840
7571180585209580856,https://www.tiktok.com/@targetolog_smm108/video/7571180585209580856
7598812135447219472,https://www.tiktok.com/@targetolog_smm108/video/7598812135447219472
7602885973663403281,https://www.tiktok.com/@targetolog_smm108/video/7602885973663403281
7597663837780823313,https://www.tiktok.com/@targetolog_smm108/video/7597663837780823313
7632507674332187924,https://www.tiktok.com/@unityonlineschool/video/7632507674332187924
7682442520206314759,https://www.tiktok.com/@knatsezkelb5/video/7682442520206314759
7575983325639150855,https://www.tiktok.com/@britishmodernschoolbms/video/7575983325639150855
7691243010713013510,https://www.tiktok.com/@luna_und_jerik/video/7691243010713013510
7572940494041337109,https://www.tiktok.com/@camilla__d.kh/video/7572940494041337109
7690468345560173832,https://www.tiktok.com/@.6994348/video/7690468345560173832
7688390649032297748,https://www.tiktok.com/@natezki777/video/7688390649032297748
7560040148226936075,https://www.tiktok.com/@ttfluence/video/7560040148226936075
7666178312879738142,https://www.tiktok.com/@stellaraaaaaaaa/video/7666178312879738142
7600458214483758343,https://www.tiktok.com/@fluentfloww/video/7600458214483758343
7654882833034513684,https://www.tiktok.com/@alinaxnoo/video/7654882833034513684
7593044267937910027,https://www.tiktok.com/@sabel_skin/video/7593044267937910027
7630552306198514951,https://www.tiktok.com/@_fatikhova1/video/7630552306198514951
7675386833207053589,https://www.tiktok.com/@lingualink6/video/7675386833207053589
7670573633701547271,https://www.tiktok.com/@kartofanka69_/video/7670573633701547271
7690105691452820750,https://www.tiktok.com/@nomi_cosmetic/video/7690105691452820750
7688739574645820693,https://www.tiktok.com/@lixeevna/video/7688739574645820693
7691211831532211477,https://www.tiktok.com/@rmrp_bro/video/7691211831532211477
7657622365307669781,https://www.tiktok.com/@synergyschool/video/7657622365307669781
7688356640977947936,https://www.tiktok.com/@trevozhnye.roditeli/video/7688356640977947936
7629622838273641746,https://www.tiktok.com/@perfectmentors.study/video/7629622838273641746
7583714781475933496,https://www.tiktok.com/@bilim_lingo/video/7583714781475933496
7610837871238352149,https://www.tiktok.com/@aizi.ss/video/7610837871238352149
7653518166408088839,https://www.tiktok.com/@liksi.u/video/7653518166408088839
7591823129199054087,https://www.tiktok.com/@darcyssz/video/7591823129199054087
7651250691649916182,https://www.tiktok.com/@abetkaschool/video/7651250691649916182
7644950194940906773,https://www.tiktok.com/@mariwq.beauty/video/7644950194940906773
7688783433451048210,https://www.tiktok.com/@5.jurajono/video/7688783433451048210
7662816806750457096,https://www.tiktok.com/@valeryankrr/video/7662816806750457096
7689578202930400520,https://www.tiktok.com/@student_assistanceee/video/7689578202930400520
7608432266817162517,https://www.tiktok.com/@repet.ai/video/7608432266817162517
7650116130975091988,https://www.tiktok.com/@aidwxx.1/video/7650116130975091988
7688724833982582029,https://www.tiktok.com/@nomi_cosmetic/video/7688724833982582029
7652447311762705684,https://www.tiktok.com/@teahyung4206/video/7652447311762705684
7628968560626355474,https://www.tiktok.com/@babalkosmetik/video/7628968560626355474
7626028033857703176,https://www.tiktok.com/@_sandii_is/video/7626028033857703176
7625905506896416021,https://www.tiktok.com/@mamataliev_03/video/7625905506896416021
7669425970310581506,https://www.tiktok.com/@business_kg/video/7669425970310581506
7571148801851837704,https://www.tiktok.com/@aariwelly/video/7571148801851837704
7637460285330083080,https://www.tiktok.com/@kirsa_boutique/video/7637460285330083080
7677301890865958165,https://www.tiktok.com/@miraamanbaeva/video/7677301890865958165
7633823178875243796,https://www.tiktok.com/@avtomix.osh/video/7633823178875243796
7638547076833398023,https://www.tiktok.com/@erbol_fabrik/video/7638547076833398023
7598070853326294293,https://www.tiktok.com/@mirsi.beauty1/video/7598070853326294293
7647551768771087637,https://www.tiktok.com/@aidwxx.1/video/7647551768771087637
7670843407253671175,https://www.tiktok.com/@daskhsolic9/video/7670843407253671175
7656145565994011911,https://www.tiktok.com/@radiouzel.bishkek/video/7656145565994011911
7607434353546677524,https://www.tiktok.com/@mamataliev_03/video/7607434353546677524
7678724035358018823,https://www.tiktok.com/@keneshbaeva7/video/7678724035358018823
7666140929031507220,https://www.tiktok.com/@ullzmn2/video/7666140929031507220
7682358786501119250,https://www.tiktok.com/@gimnaziya3mroo_snpm/video/7682358786501119250
7686898984509574421,https://www.tiktok.com/@arinliz/video/7686898984509574421
7583564367787035912,https://www.tiktok.com/@umargalieva1/video/7583564367787035912
7669113298725408022,https://www.tiktok.com/@sonya.paranicheva/video/7669113298725408022
7628975759578762518,https://www.tiktok.com/@tyt.m1/video/7628975759578762518
7586330422624193804,https://www.tiktok.com/@lingo_eng/video/7586330422624193804
7676374806694006038,https://www.tiktok.com/@aad1w0/video/7676374806694006038
7609593263980350742,https://www.tiktok.com/@.teacher.zz/video/7609593263980350742
7600127597745343762,https://www.tiktok.com/@flanker_dk/video/7600127597745343762
7691306388286410015,https://www.tiktok.com/@faolal0/video/7691306388286410015
7664866834172169492,https://www.tiktok.com/@margoiai/video/7664866834172169492
7690670331790478613,https://www.tiktok.com/@ritik_job7/video/7690670331790478613
7594158803306679559,https://www.tiktok.com/@platypusik/video/7594158803306679559
7649058303154195720,https://www.tiktok.com/@ok_sana.polishchuk/video/7649058303154195720
7678308208338849056,https://www.tiktok.com/@englishrealo/video/7678308208338849056
7691371215746796818,https://www.tiktok.com/@ania.rizik/video/7691371215746796818
7690107543758114068,https://www.tiktok.com/@wind__be/video/7690107543758114068
7690305210542984466,https://www.tiktok.com/@kalyvan819/video/7690305210542984466
7691681434997706004,https://www.tiktok.com/@lecia_mir/video/7691681434997706004
7688708928661654804,https://www.tiktok.com/@pani_natalia22/video/7688708928661654804
7677892568360783112,https://www.tiktok.com/@ya.rv/video/7677892568360783112
7687374929674636577,https://www.tiktok.com/@sofiagaliy21/video/7687374929674636577
7687611278059261191,https://www.tiktok.com/@miss.emily697/video/7687611278059261191
7593170553238850827,https://www.tiktok.com/@strawberry_00017/video/7593170553238850827
7667883087702822165,https://www.tiktok.com/@tyt__anka/video/7667883087702822165
7658383255955131678,https://www.tiktok.com/@esprojone/video/7658383255955131678
7680905969030679816,https://www.tiktok.com/@samarazberus/video/7680905969030679816
7653147921042394386,https://www.tiktok.com/@rovamik/video/7653147921042394386
7678745397908507924,https://www.tiktok.com/@tatarinovva.eng.tutor/video/7678745397908507924
7682456848875736328,https://www.tiktok.com/@teelizway/video/7682456848875736328
7586737530280709398,https://www.tiktok.com/@ggriglife/video/7586737530280709398
7645729654871018774,https://www.tiktok.com/@dan.roza/video/7645729654871018774
7682165561614290194,https://www.tiktok.com/@cylotus/video/7682165561614290194
7689053395574852885,https://www.tiktok.com/@startifyan/video/7689053395574852885
7686044496513060103,https://www.tiktok.com/@hokage5606/video/7686044496513060103
7691706781961178388,https://www.tiktok.com/@vaskokss/video/7691706781961178388
7616078363748257055,https://www.tiktok.com/@ruru1na/video/7616078363748257055
7626505235258707220,https://www.tiktok.com/@dizischool/video/7626505235258707220
7690112096708644128,https://www.tiktok.com/@so2solo1/video/7690112096708644128
7648353234775559457,https://www.tiktok.com/@volosko_vova/video/7648353234775559457
7691339292051770637,https://www.tiktok.com/@yshalava91/video/7691339292051770637
7691369530366381364,https://www.tiktok.com/@scorpion_61_/video/7691369530366381364
7684157998037536018,https://www.tiktok.com/@user4ujxtvqkoi/video/7684157998037536018
7559470960374500626,https://www.tiktok.com/@studywithdashaa/video/7559470960374500626
7649360181653998866,https://www.tiktok.com/@thetipses/video/7649360181653998866
7601955162265062664,https://www.tiktok.com/@s.svwerty/video/7601955162265062664
7665446032557346066,https://www.tiktok.com/@rovamik/video/7665446032557346066
7594739104823168267,https://www.tiktok.com/@ralina61/video/7594739104823168267
7622710457773640968,https://www.tiktok.com/@annchkx1/video/7622710457773640968
7691038804748127520,https://www.tiktok.com/@voy.lina/video/7691038804748127520
7680755738146278663,https://www.tiktok.com/@rixami/video/7680755738146278663
7606463027881315605,https://www.tiktok.com/@lipatovaksu_/video/7606463027881315605
7684247396678700296,https://www.tiktok.com/@di..vanova/video/7684247396678700296
7691102572748246279,https://www.tiktok.com/@.zoomgm/video/7691102572748246279
7650617377016597774,https://www.tiktok.com/@raspberrytells/video/7650617377016597774
7686131403741744416,https://www.tiktok.com/@user863171690106/video/7686131403741744416
7608638312416333057,https://www.tiktok.com/@brand.online.kz/video/7608638312416333057
7683522097787702549,https://www.tiktok.com/@davosua/video/7683522097787702549
7691476958999219464,https://www.tiktok.com/@.zoomgm/video/7691476958999219464
7688629759617551637,https://www.tiktok.com/@k_yanaxz/video/7688629759617551637
7691218786967358740,https://www.tiktok.com/@nassstasssiiia/video/7691218786967358740
7690142735323417876,https://www.tiktok.com/@diana_licichka/video/7690142735323417876
7688784834482720020,https://www.tiktok.com/@anaestesssia/video/7688784834482720020
7689442991907376405,https://www.tiktok.com/@lorkawl/video/7689442991907376405
7689507381071383829,https://www.tiktok.com/@vespadryq/video/7689507381071383829
7635368208555461908,https://www.tiktok.com/@teachers.sunlight2/video/7635368208555461908
7689914692935945493,https://www.tiktok.com/@k_yanaxz/video/7689914692935945493
7689048233120746760,https://www.tiktok.com/@mashul_jz/video/7689048233120746760
7689538822773722369,https://www.tiktok.com/@10_school_7e_class/video/7689538822773722369
7688367761919135008,https://www.tiktok.com/@.teacher.zz/video/7688367761919135008
7691286509638389025,https://www.tiktok.com/@al_ksandrova/video/7691286509638389025
7666571781720902945,https://www.tiktok.com/@ilyscara_qs/video/7666571781720902945
7686393810582097183,https://www.tiktok.com/@arina15055/video/7686393810582097183
7685340497103129876,https://www.tiktok.com/@baks25966/video/7685340497103129876
7617526239523343636,https://www.tiktok.com/@ychilkawww/video/7617526239523343636
7679514055958088993,https://www.tiktok.com/@.teacher.zz/video/7679514055958088993
7666764898851982613,https://www.tiktok.com/@insta_325/video/7666764898851982613
7688325481594195232,https://www.tiktok.com/@kiriska69/video/7688325481594195232
7683430147076164884,https://www.tiktok.com/@verner9258/video/7683430147076164884
7686034720034966804,https://www.tiktok.com/@.9b_story/video/7686034720034966804
7688795125819919646,https://www.tiktok.com/@gosipon/video/7688795125819919646
7677157219372141841,https://www.tiktok.com/@fake_school21/video/7677157219372141841
7686411335038536967,https://www.tiktok.com/@ssonna.0/video/7686411335038536967
7690613042731601160,https://www.tiktok.com/@em1anna_/video/7690613042731601160
7683460624122187038,https://www.tiktok.com/@maloy_1xx1/video/7683460624122187038
7689083449080057109,https://www.tiktok.com/@7bclass_school3/video/7689083449080057109
7610462365385051413,https://www.tiktok.com/@aizi.ss/video/7610462365385051413
7631513817041718536,https://www.tiktok.com/@studywithdashaa/video/7631513817041718536
7620389356192189717,https://www.tiktok.com/@nurkids_online/video/7620389356192189717
7628112450717519111,https://www.tiktok.com/@lunva.lu/video/7628112450717519111
7667539940619717908,https://www.tiktok.com/@mulupizdrik/video/7667539940619717908
7689342180887956766,https://www.tiktok.com/@stevihpjfuu/video/7689342180887956766
7655216898207960341,https://www.tiktok.com/@sadfishka_pro/video/7655216898207960341
7581798395434503431,https://www.tiktok.com/@ayimun.vc/video/7581798395434503431
7678687463044402465,https://www.tiktok.com/@kh4mk0v/video/7678687463044402465
7671547047752764688,https://www.tiktok.com/@shkre.zina/video/7671547047752764688
7599998686457761045,https://www.tiktok.com/@uley_school/video/7599998686457761045
7660574196837125407,https://www.tiktok.com/@whoisit7278/video/7660574196837125407
7684339166133472530,https://www.tiktok.com/@duapglxn/video/7684339166133472530
7651552685862358274,https://www.tiktok.com/@alfaschool.kids/video/7651552685862358274
7680654699149774088,https://www.tiktok.com/@proekts.cool/video/7680654699149774088
7583211149592726815,https://www.tiktok.com/@omsk.girls/video/7583211149592726815
7610118942593387794,https://www.tiktok.com/@kspetrenkoo/video/7610118942593387794
7598591139121351937,https://www.tiktok.com/@stud.life_intellect.clg/video/7598591139121351937
7602541642867936534,https://www.tiktok.com/@mishkina1/video/7602541642867936534
7688017458250255637,https://www.tiktok.com/@sosiskaa__1/video/7688017458250255637
7578550328149216520,https://www.tiktok.com/@haohanschool/video/7578550328149216520
7688314978910145799,https://www.tiktok.com/@nssanaa/video/7688314978910145799
7561115226012192011,https://www.tiktok.com/@ffbd.bseu/video/7561115226012192011
7646363282546248982,https://www.tiktok.com/@mo_koval/video/7646363282546248982
7689779192476470559,https://www.tiktok.com/@tolinw/video/7689779192476470559
7662344444091419922,https://www.tiktok.com/@ksivika/video/7662344444091419922
7689928087269657857,https://www.tiktok.com/@tyalet343812/video/7689928087269657857
7687303296989629716,https://www.tiktok.com/@elya.smith/video/7687303296989629716
7662084028626963733,https://www.tiktok.com/@mariachelyshkina/video/7662084028626963733
7691423960545774855,https://www.tiktok.com/@sveta.stavnich/video/7691423960545774855
7636348736540511508,https://www.tiktok.com/@ruslan.cardio/video/7636348736540511508
7649857063723486484,https://www.tiktok.com/@vitasha_/video/7649857063723486484
7673100230463769864,https://www.tiktok.com/@valentinitch/video/7673100230463769864
7633075541137952020,https://www.tiktok.com/@morkowskih/video/7633075541137952020
7597339294545546504,https://www.tiktok.com/@viallentinka3/video/7597339294545546504
7647221175889759509,https://www.tiktok.com/@toprepet/video/7647221175889759509
7686048617685142804,https://www.tiktok.com/@lisswee_/video/7686048617685142804
7689424176716729620,https://www.tiktok.com/@ksen_comedy/video/7689424176716729620
7666811577634409749,https://www.tiktok.com/@ssttrrange/video/7666811577634409749
7681031572329483541,https://www.tiktok.com/@dusttieee/video/7681031572329483541
7644265930448489760,https://www.tiktok.com/@arabchik_2010/video/7644265930448489760
7563987268017376568,https://www.tiktok.com/@shimmmaaa/video/7563987268017376568
7680595601418915093,https://www.tiktok.com/@visokiy4/video/7680595601418915093
7686234782577020191,https://www.tiktok.com/@amerbekaa/video/7686234782577020191
7600073291478600983,https://www.tiktok.com/@andretanch1k/video/7600073291478600983
7661400297838824721,https://www.tiktok.com/@ufo_3666/video/7661400297838824721
7678654495835884822,https://www.tiktok.com/@marta_life_journal/video/7678654495835884822
7690917728093228306,https://www.tiktok.com/@x908ga30/video/7690917728093228306
7686213472748637461,https://www.tiktok.com/@m4ffms/video/7686213472748637461
7690923174145756437,https://www.tiktok.com/@gymnasiumbarani/video/7690923174145756437
7681273107704843527,https://www.tiktok.com/@an_utka1/video/7681273107704843527
7691587725987777812,https://www.tiktok.com/@nteknovo/video/7691587725987777812
7674676806129028373,https://www.tiktok.com/@everyoneloveyestai/video/7674676806129028373
7689927121984032020,https://www.tiktok.com/@seitenova.f/video/7689927121984032020
7691680021466910004,https://www.tiktok.com/@12pnkk/video/7691680021466910004
7686830967926885639,https://www.tiktok.com/@alenkaaaa_58/video/7686830967926885639
7598442688941247751,https://www.tiktok.com/@.nanamimi_/video/7598442688941247751
7691739676079672583,https://www.tiktok.com/@dariga.biology/video/7691739676079672583
7688254813888351509,https://www.tiktok.com/@yadviga_t.f/video/7688254813888351509
7583281391043988757,https://www.tiktok.com/@qrostosofi/video/7583281391043988757
7671940768235277589,https://www.tiktok.com/@kropyva_artem/video/7671940768235277589
7689005942737734920,https://www.tiktok.com/@dnvx10/video/7689005942737734920
7683777881901714708,https://www.tiktok.com/@sofi_4437/video/7683777881901714708
7683479852330077447,https://www.tiktok.com/@grs_best1/video/7683479852330077447
7581550841576819979,https://www.tiktok.com/@tttarya2/video/7581550841576819979
7689678722185628941,https://www.tiktok.com/@malvinkassss/video/7689678722185628941
7684513700023258388,https://www.tiktok.com/@mash.kaa143/video/7684513700023258388
7689891883283156230,https://www.tiktok.com/@bd2606_mcb/video/7689891883283156230
7691629985668336914,https://www.tiktok.com/@legends.2024.11.11/video/7691629985668336914
7689114550309997844,https://www.tiktok.com/@esenia_axyenai/video/7689114550309997844
7665301372023131414,https://www.tiktok.com/@tolya_ag/video/7665301372023131414
7596981372393114888,https://www.tiktok.com/@fourka_4/video/7596981372393114888
7684247834425707784,https://www.tiktok.com/@sch129_by/video/7684247834425707784
7690414999847718164,https://www.tiktok.com/@slava.rbx0/video/7690414999847718164
7690188640940559649,https://www.tiktok.com/@noimesad/video/7690188640940559649
7678341937228778774,https://www.tiktok.com/@polly_inside/video/7678341937228778774
7568117206459125015,https://www.tiktok.com/@volly_onlineschool/video/7568117206459125015
7690686130731126022,https://www.tiktok.com/@viktorshin1/video/7690686130731126022
7690210172391787798,https://www.tiktok.com/@veronicastarvie/video/7690210172391787798
7690294933542014215,https://www.tiktok.com/@maria_your_tutor/video/7690294933542014215
7690578395624705313,https://www.tiktok.com/@afnan.school/video/7690578395624705313
7640219162626870560,https://www.tiktok.com/@ruslanrealist/video/7640219162626870560
7690585454864764193,https://www.tiktok.com/@tetiana.zubarieva8/video/7690585454864764193
7690867860331138325,https://www.tiktok.com/@lusine.mom/video/7690867860331138325
7667523974082923796,https://www.tiktok.com/@imperia_pikcher8/video/7667523974082923796
7684735091620302094,https://www.tiktok.com/@ysyyyyyaaaa/video/7684735091620302094
7672817671569689874,https://www.tiktok.com/@asiaspeakeasy/video/7672817671569689874
7608293318371314951,https://www.tiktok.com/@nordnews/video/7608293318371314951
7651985473178635540,https://www.tiktok.com/@arna.online.school/video/7651985473178635540
7691231858821975303,https://www.tiktok.com/@sok0l0va/video/7691231858821975303
7690643310871923974,https://www.tiktok.com/@designschool_diskill/video/7690643310871923974
7671197644810620167,https://www.tiktok.com/@gruziabezfiltrov/video/7671197644810620167
7668574506864151825,https://www.tiktok.com/@designschool_diskill/video/7668574506864151825
7690644675736112385,https://www.tiktok.com/@designschool_diskill/video/7690644675736112385
7564014268627176711,https://www.tiktok.com/@easydesi_/video/7564014268627176711
7630813175037938965,https://www.tiktok.com/@smartlab36/video/7630813175037938965
7657474202793987349,https://www.tiktok.com/@blooom.academy/video/7657474202793987349
7690643538299604225,https://www.tiktok.com/@designschool_diskill/video/7690643538299604225
7688010617994677525,https://www.tiktok.com/@kariinafire/video/7688010617994677525
7575302367780818198,https://www.tiktok.com/@freelance.club/video/7575302367780818198
7662825031839304974,https://www.tiktok.com/@timofeichistiakov/video/7662825031839304974
7570654676861865238,https://www.tiktok.com/@freelance.club/video/7570654676861865238
7688784452301917460,https://www.tiktok.com/@nestameli/video/7688784452301917460
7604597777858841878,https://www.tiktok.com/@freelance.club/video/7604597777858841878
7657193058169097490,https://www.tiktok.com/@suleimanovdavlet/video/7657193058169097490
7666538592222678280,https://www.tiktok.com/@nadyavaits/video/7666538592222678280
7595523999652760854,https://www.tiktok.com/@freelance.club/video/7595523999652760854
7688699994416696584,https://www.tiktok.com/@kreatorskaya/video/7688699994416696584
7685045186979728673,https://www.tiktok.com/@nastya.koii/video/7685045186979728673
7686106387172199700,https://www.tiktok.com/@lawyer_ella/video/7686106387172199700
7662339103240768790,https://www.tiktok.com/@freelance.club/video/7662339103240768790
7609298289346825490,https://www.tiktok.com/@annie.dmv/video/7609298289346825490
7606340957679652103,https://www.tiktok.com/@bukreev.design/video/7606340957679652103
7644208659018403092,https://www.tiktok.com/@lebed_88/video/7644208659018403092
7652369410690190610,https://www.tiktok.com/@daryna_kostina/video/7652369410690190610
7669701653980876065,https://www.tiktok.com/@dagge513/video/7669701653980876065
7662079763753733396,https://www.tiktok.com/@sofita.design/video/7662079763753733396
7682740973562285332,https://www.tiktok.com/@ixycu/video/7682740973562285332
7618727190749859079,https://www.tiktok.com/@natalia_ruedaa/video/7618727190749859079
7675656996879731990,https://www.tiktok.com/@logomachine_edu/video/7675656996879731990
7560308432314649878,https://www.tiktok.com/@tchist_/video/7560308432314649878
7599400328705969415,https://www.tiktok.com/@mark_working/video/7599400328705969415
7599240595441241366,https://www.tiktok.com/@metr0fana/video/7599240595441241366
7667187298932411668,https://www.tiktok.com/@noria_671/video/7667187298932411668
7569691111208389910,https://www.tiktok.com/@merdan.rst/video/7569691111208389910
7685833576268516630,https://www.tiktok.com/@tchist_/video/7685833576268516630
7638969883098762518,https://www.tiktok.com/@logomachine_edu/video/7638969883098762518
7674220004572728608,https://www.tiktok.com/@lekawww1/video/7674220004572728608
7684266134673509652,https://www.tiktok.com/@malika.essays/video/7684266134673509652
7604600958265380118,https://www.tiktok.com/@freelance.club/video/7604600958265380118
7647935905591790881,https://www.tiktok.com/@_shaidi__/video/7647935905591790881
7690838897357557013,https://www.tiktok.com/@cosmetik_nomi/video/7690838897357557013
7647847009231080724,https://www.tiktok.com/@lebed_88/video/7647847009231080724
7689104471229582624,https://www.tiktok.com/@_nikkool_/video/7689104471229582624
7680258284514741526,https://www.tiktok.com/@bivshiieblani/video/7680258284514741526
7682437417269202209,https://www.tiktok.com/@albina.chitaet/video/7682437417269202209
7672408372091653409,https://www.tiktok.com/@nas_sam_/video/7672408372091653409
7565655777076104470,https://www.tiktok.com/@freelance.club/video/7565655777076104470
7606680274813963542,https://www.tiktok.com/@logomachine_edu/video/7606680274813963542
7611799623048416534,https://www.tiktok.com/@freelance.club/video/7611799623048416534
7670933483698588941,https://www.tiktok.com/@azzz.ibr/video/7670933483698588941
7641195509478100257,https://www.tiktok.com/@okeyaiexpert/video/7641195509478100257
7663532447069457686,https://www.tiktok.com/@abvgdlena/video/7663532447069457686
7615473265250733334,https://www.tiktok.com/@freelance.club/video/7615473265250733334
7665826196294257927,https://www.tiktok.com/@suleimanovdavlet/video/7665826196294257927
7576429296382774550,https://www.tiktok.com/@airevolutionnn/video/7576429296382774550
7585155322822610188,https://www.tiktok.com/@yudaev.learn/video/7585155322822610188
7678543413817429256,https://www.tiktok.com/@telegram.gram_tiktok/video/7678543413817429256
7682884614511136008,https://www.tiktok.com/@kuzvasily/video/7682884614511136008
7663161084760608022,https://www.tiktok.com/@rdsociall/video/7663161084760608022
7564778672100625671,https://www.tiktok.com/@benchegg/video/7564778672100625671
7589174952046185735,https://www.tiktok.com/@milenavakhitovaaa/video/7589174952046185735
7673032609261292808,https://www.tiktok.com/@krispa.dem/video/7673032609261292808
7576641900703206659,https://www.tiktok.com/@freelance.club/video/7576641900703206659
7618282369652493588,https://www.tiktok.com/@beliakovaleksey/video/7618282369652493588
7637225638386175250,https://www.tiktok.com/@maxnoted/video/7637225638386175250
7672058383415004438,https://www.tiktok.com/@reliablesoft_academy/video/7672058383415004438
7681711449114184981,https://www.tiktok.com/@logomashina_uchit/video/7681711449114184981
7566049593461312788,https://www.tiktok.com/@neuro_lord/video/7566049593461312788
7678779143839812871,https://www.tiktok.com/@denzlyt/video/7678779143839812871
7607080234545909014,https://www.tiktok.com/@socialsbyannna/video/7607080234545909014
7669388938368503061,https://www.tiktok.com/@beilinne/video/7669388938368503061
7623745147121011989,https://www.tiktok.com/@green.city.international/video/7623745147121011989
7681704101138255122,https://www.tiktok.com/@milanka.khametovaa/video/7681704101138255122
7646811149039602966,https://www.tiktok.com/@daviesdsg/video/7646811149039602966
7691702731035118900,https://www.tiktok.com/@connoralik/video/7691702731035118900
7686858133402078486,https://www.tiktok.com/@denzeuvxss0/video/7686858133402078486
7669754426265013524,https://www.tiktok.com/@reelsprolove/video/7669754426265013524
7679021595662306581,https://www.tiktok.com/@ezyq18/video/7679021595662306581
7689069706640100629,https://www.tiktok.com/@daaaauim/video/7689069706640100629
7691390816597724423,https://www.tiktok.com/@pluxqy/video/7691390816597724423
7685765471169203477,https://www.tiktok.com/@readeast/video/7685765471169203477
7667218673395879169,https://www.tiktok.com/@ser_jay/video/7667218673395879169
7676623241024146706,https://www.tiktok.com/@tamyr_academy/video/7676623241024146706
7686362573201034503,https://www.tiktok.com/@online_courses_cis/video/7686362573201034503
7661210438234901780,https://www.tiktok.com/@english.unityy/video/7661210438234901780
7688799384561143061,https://www.tiktok.com/@sofi.echkaa/video/7688799384561143061
7663156456933477640,https://www.tiktok.com/@erkesha._._/video/7663156456933477640
7565624336208481558,https://www.tiktok.com/@freelance.club/video/7565624336208481558
7582923029626293560,https://www.tiktok.com/@love.stay574/video/7582923029626293560
7690582426875170080,https://www.tiktok.com/@arimelkaa/video/7690582426875170080
7601231951306951944,https://www.tiktok.com/@anyamordvinova0/video/7601231951306951944
7691240644236283157,https://www.tiktok.com/@nata_french/video/7691240644236283157
7676375444450479380,https://www.tiktok.com/@alceii0/video/7676375444450479380
7690881494084029716,https://www.tiktok.com/@anisimoffa_1/video/7690881494084029716
7681755366933220609,https://www.tiktok.com/@unborn91/video/7681755366933220609
7581909391511768332,https://www.tiktok.com/@oksana.polishchuk_/video/7581909391511768332
7560354584116464951,https://www.tiktok.com/@kurs_bio/video/7560354584116464951
7691658028608851208,https://www.tiktok.com/@aiplus.live/video/7691658028608851208
7689592124110703890,https://www.tiktok.com/@.zoomgm/video/7689592124110703890
7687557364504956174,https://www.tiktok.com/@chuigyu8/video/7687557364504956174
7564709302250933527,https://www.tiktok.com/@ahyun.lee0/video/7564709302250933527
7689932042326297908,https://www.tiktok.com/@oksana.polishchuk_/video/7689932042326297908
7571113490467917078,https://www.tiktok.com/@nebarskay_xcx/video/7571113490467917078
7642956434485038350,https://www.tiktok.com/@vksnigireva/video/7642956434485038350
7690965569604046088,https://www.tiktok.com/@school_4_rogachev/video/7690965569604046088
7685077517937528071,https://www.tiktok.com/@verinkrick/video/7685077517937528071
7675377280490818824,https://www.tiktok.com/@fenomen54r/video/7675377280490818824
7690834829549604118,https://www.tiktok.com/@milashk.aa1/video/7690834829549604118
7630374568179469588,https://www.tiktok.com/@komaruk._809/video/7630374568179469588
7691684091908885767,https://www.tiktok.com/@school1mikashevichi/video/7691684091908885767
7691777819768147207,https://www.tiktok.com/@x_x.lipwix/video/7691777819768147207
7683179428045671698,https://www.tiktok.com/@alevtinka_official/video/7683179428045671698
7688815531968695574,https://www.tiktok.com/@zaurbek_dikaev/video/7688815531968695574
7690904450822589729,https://www.tiktok.com/@trevozhnye.roditeli/video/7690904450822589729
7690477567614143745,https://www.tiktok.com/@padberu/video/7690477567614143745
7647813162904980749,https://www.tiktok.com/@oge_noo20272/video/7647813162904980749
7617162394225184030,https://www.tiktok.com/@drifter4kk/video/7617162394225184030
7685716625517022482,https://www.tiktok.com/@ger.dubai/video/7685716625517022482
7646920900763192584,https://www.tiktok.com/@oge_noo2/video/7646920900763192584
7674215276979817760,https://www.tiktok.com/@bald_thug666/video/7674215276979817760
7673096583239650580,https://www.tiktok.com/@promoclub.almaty/video/7673096583239650580
7634943226343918879,https://www.tiktok.com/@soneawe/video/7634943226343918879
7690524557198904596,https://www.tiktok.com/@nerwxv/video/7690524557198904596
7635327761153805598,https://www.tiktok.com/@soneawe/video/7635327761153805598
7589335592484359446,https://www.tiktok.com/@kupikod.com/video/7589335592484359446
7690012817084140822,https://www.tiktok.com/@halyava_market_kzn/video/7690012817084140822
7688398871206087957,https://www.tiktok.com/@nemov34/video/7688398871206087957
7690390264485104897,https://www.tiktok.com/@kurapov_ivan/video/7690390264485104897
7687209517419384084,https://www.tiktok.com/@user2556115119065/video/7687209517419384084
7689382599579520269,https://www.tiktok.com/@safarova5468/video/7689382599579520269
7691132672327814406,https://www.tiktok.com/@kurapov_ivan/video/7691132672327814406
7690125609342717236,https://www.tiktok.com/@reddit_red1/video/7690125609342717236
7688015509702364430,https://www.tiktok.com/@ljdhduehr/video/7688015509702364430
7606869706401778964,https://www.tiktok.com/@mdnlbl/video/7606869706401778964
7636491609533713684,https://www.tiktok.com/@whooshbags/video/7636491609533713684
7685383679673109781,https://www.tiktok.com/@german_0807/video/7685383679673109781
7630361918821240071,https://www.tiktok.com/@xmucnoyx/video/7630361918821240071
7667469158367399198,https://www.tiktok.com/@tapokwkycni_/video/7667469158367399198
7630790944006229256,https://www.tiktok.com/@togo_kg/video/7630790944006229256
7635727614535109896,https://www.tiktok.com/@alwww0_0/video/7635727614535109896
7691713470596730132,https://www.tiktok.com/@rahat_mamyrova/video/7691713470596730132
7583388131446033676,https://www.tiktok.com/@brand_on.store/video/7583388131446033676
7659746610737384717,https://www.tiktok.com/@_karrrrrtavayaa/video/7659746610737384717
7585575984858959115,https://www.tiktok.com/@tyk_939/video/7585575984858959115
7650558974671981845,https://www.tiktok.com/@bishkek_skidki312/video/7650558974671981845
7649728661645479176,https://www.tiktok.com/@glovo_kazakhstan/video/7649728661645479176
7689669720475307316,https://www.tiktok.com/@padberu/video/7689669720475307316
7689550410314435861,https://www.tiktok.com/@rahat_mamyrova/video/7689550410314435861
7560041238901034258,https://www.tiktok.com/@weuiiiiii/video/7560041238901034258
7603365079731539218,https://www.tiktok.com/@glovo_kazakhstan/video/7603365079731539218
7643167195035389204,https://www.tiktok.com/@2bros191/video/7643167195035389204
7648614262465776916,https://www.tiktok.com/@dac1en_crmp/video/7648614262465776916
7690969952337104159,https://www.tiktok.com/@john_escobaar/video/7690969952337104159
7688758757077077256,https://www.tiktok.com/@extzbr/video/7688758757077077256
7690960045814598943,https://www.tiktok.com/@dedazubki/video/7690960045814598943
7679381882886393108,https://www.tiktok.com/@ak1ra044/video/7679381882886393108
7690185189582032146,https://www.tiktok.com/@edinokekstyt/video/7690185189582032146
7663770769758932245,https://www.tiktok.com/@vanillatransport/video/7663770769758932245
7639341332959399188,https://www.tiktok.com/@maga.ja3/video/7639341332959399188
7647699659221241121,https://www.tiktok.com/@sanjkovskij/video/7647699659221241121
7646918095373733127,https://www.tiktok.com/@oge_noo2/video/7646918095373733127
7646919689351793928,https://www.tiktok.com/@oge_noo2/video/7646919689351793928
7646918175438687495,https://www.tiktok.com/@oge_noo2/video/7646918175438687495
7647812484774071566,https://www.tiktok.com/@oge_noo20272/video/7647812484774071566
7647812777398013198,https://www.tiktok.com/@oge_noo20272/video/7647812777398013198
7646918857042513159,https://www.tiktok.com/@oge_noo2/video/7646918857042513159
7647815492782116109,https://www.tiktok.com/@ege_noo20273/video/7647815492782116109
7646917357973114130,https://www.tiktok.com/@oge_noo2/video/7646917357973114130
7647812427509157134,https://www.tiktok.com/@oge_noo20272/video/7647812427509157134
7647815814229363982,https://www.tiktok.com/@ege_noo20273/video/7647815814229363982
7586774578899258637,https://www.tiktok.com/@figyristka_oda/video/7586774578899258637
7646918543191117064,https://www.tiktok.com/@oge_noo2/video/7646918543191117064
7647812268587060493,https://www.tiktok.com/@oge_noo20272/video/7647812268587060493
7646918648522755335,https://www.tiktok.com/@oge_noo2/video/7646918648522755335
7649719068139998496,https://www.tiktok.com/@.teacher.zz/video/7649719068139998496
7613756659969559839,https://www.tiktok.com/@soneawe/video/7613756659969559839
7647815236879125774,https://www.tiktok.com/@ege_noo20273/video/7647815236879125774
7647815167551524109,https://www.tiktok.com/@ege_noo20273/video/7647815167551524109
7647812847526759693,https://www.tiktok.com/@oge_noo20272/video/7647812847526759693
7667859783176768801,https://www.tiktok.com/@sonka_monina/video/7667859783176768801
7667601932004904212,https://www.tiktok.com/@olzhas_piano/video/7667601932004904212
7616392552215858439,https://www.tiktok.com/@aryna_it/video/7616392552215858439
7687866467156528405,https://www.tiktok.com/@k_yanaxz/video/7687866467156528405
7686720052065881366,https://www.tiktok.com/@julia.cabreraaa/video/7686720052065881366
7677567179520216333,https://www.tiktok.com/@rostmarishka/video/7677567179520216333
7567734433818742048,https://www.tiktok.com/@medrese_umaclass/video/7567734433818742048
7663409205247790356,https://www.tiktok.com/@vikeksnails/video/7663409205247790356
7689959561955904769,https://www.tiktok.com/@.zoomgm/video/7689959561955904769
7663434769794862357,https://www.tiktok.com/@smartlab36/video/7663434769794862357
7574007023914732807,https://www.tiktok.com/@bitvidd/video/7574007023914732807
7687852533783514375,https://www.tiktok.com/@lerkaa__007/video/7687852533783514375
7575174949011492114,https://www.tiktok.com/@bitvidd/video/7575174949011492114
7675352372079529249,https://www.tiktok.com/@proschool.online/video/7675352372079529249
7675793384212040974,https://www.tiktok.com/@rostmarishka/video/7675793384212040974
7689391032559013121,https://www.tiktok.com/@connected_school/video/7689391032559013121
7687669772804607252,https://www.tiktok.com/@yugen.school/video/7687669772804607252
7679355152096136456,https://www.tiktok.com/@pigsolve/video/7679355152096136456
7604614904431136018,https://www.tiktok.com/@neirostudy/video/7604614904431136018
7690292776205864210,https://www.tiktok.com/@connected_school/video/7690292776205864210
7689048443427228961,https://www.tiktok.com/@r_katya07/video/7689048443427228961
7683648112908438791,https://www.tiktok.com/@strongrussianews/video/7683648112908438791
7578945643738189077,https://www.tiktok.com/@koreancenter/video/7578945643738189077
7690509642954394888,https://www.tiktok.com/@fcmeteor.kz/video/7690509642954394888
7679818143115627790,https://www.tiktok.com/@bomber_bomberovich2002/video/7679818143115627790
7667955094649867538,https://www.tiktok.com/@oooncce/video/7667955094649867538
7622695487291788546,https://www.tiktok.com/@saybee.n/video/7622695487291788546
7596229338178063672,https://www.tiktok.com/@engiix_/video/7596229338178063672
7616060041778564372,https://www.tiktok.com/@sadfishka_pro/video/7616060041778564372
7572623964799847687,https://www.tiktok.com/@thebestsol.school/video/7572623964799847687
7612297069767707925,https://www.tiktok.com/@speakwithanna01/video/7612297069767707925
7658383849558347028,https://www.tiktok.com/@homeme_hog/video/7658383849558347028
7685473836535450901,https://www.tiktok.com/@asiaspeakeasy/video/7685473836535450901
7649685687456763143,https://www.tiktok.com/@sariev.44/video/7649685687456763143
7676481367554755861,https://www.tiktok.com/@asnelles/video/7676481367554755861
7664685105809493269,https://www.tiktok.com/@ti_kotik14/video/7664685105809493269
7661302751674043668,https://www.tiktok.com/@ull1aankaaa/video/7661302751674043668
7559644792183885068,https://www.tiktok.com/@gosregionkz/video/7559644792183885068
7689381210103057671,https://www.tiktok.com/@john.the.fisher.m/video/7689381210103057671
7650815591988677901,https://www.tiktok.com/@we.wiji/video/7650815591988677901
7681413873471114527,https://www.tiktok.com/@_mmlife/video/7681413873471114527
7689440575614979349,https://www.tiktok.com/@midal.gg/video/7689440575614979349
7614953905536994581,https://www.tiktok.com/@ctbratan_bot/video/7614953905536994581
7647347384506191125,https://www.tiktok.com/@lsokddd/video/7647347384506191125
7677216681005042977,https://www.tiktok.com/@lol6lol0/video/7677216681005042977
7673937346542259477,https://www.tiktok.com/@horsemini2/video/7673937346542259477
7688794834211048737,https://www.tiktok.com/@arfa.tg/video/7688794834211048737
7574015851356081429,https://www.tiktok.com/@maxivanovbusiness/video/7574015851356081429
7691338301143403797,https://www.tiktok.com/@whoislehaa/video/7691338301143403797
7601678981741481234,https://www.tiktok.com/@mols560/video/7601678981741481234
7609668527032651039,https://www.tiktok.com/@mirka_ok/video/7609668527032651039
7630002318678707473,https://www.tiktok.com/@ghoghot/video/7630002318678707473
7690578365098593559,https://www.tiktok.com/@eva.lin0va/video/7690578365098593559
7690322360829758728,https://www.tiktok.com/@nikohoffmanito/video/7690322360829758728
7685382546120658177,https://www.tiktok.com/@mone_boton/video/7685382546120658177
7686210215737363733,https://www.tiktok.com/@_lavtwins_/video/7686210215737363733
7639939075012578580,https://www.tiktok.com/@unityonlineschool/video/7639939075012578580
7690273215381327124,https://www.tiktok.com/@vespadryq/video/7690273215381327124
7690891244423220501,https://www.tiktok.com/@smolnytsky_clinic/video/7690891244423220501
7691059677945154824,https://www.tiktok.com/@math.by.tasha/video/7691059677945154824
7690140455408897287,https://www.tiktok.com/@bogdakziako/video/7690140455408897287
7691689166790200609,https://www.tiktok.com/@fizichka.mood/video/7691689166790200609
7690478758737825042,https://www.tiktok.com/@vikiwinx22/video/7690478758737825042
7579958971876805900,https://www.tiktok.com/@vika39655/video/7579958971876805900
7675781947200687381,https://www.tiktok.com/@notguiltyatall/video/7675781947200687381
7690165320924941600,https://www.tiktok.com/@school_2065/video/7690165320924941600
7678744637544090888,https://www.tiktok.com/@kam1ilxoo/video/7678744637544090888
7689443361379405074,https://www.tiktok.com/@anastasiasergeevnaml/video/7689443361379405074
7690843368255081746,https://www.tiktok.com/@coolschool9moz/video/7690843368255081746
7688087024435301640,https://www.tiktok.com/@sofyapress/video/7688087024435301640
7660957682261626144,https://www.tiktok.com/@linguainsight_official/video/7660957682261626144
7677561259356622096,https://www.tiktok.com/@fake_school21/video/7677561259356622096
7681654712898309396,https://www.tiktok.com/@lizzkewqz/video/7681654712898309396
7687303631938309393,https://www.tiktok.com/@kurapov_ivan/video/7687303631938309393
7688848882654055700,https://www.tiktok.com/@tabletka_ox0/video/7688848882654055700
7679035544353000712,https://www.tiktok.com/@ulitkalol/video/7679035544353000712
7571382192723496248,https://www.tiktok.com/@vario.3d/video/7571382192723496248
7681957723419757845,https://www.tiktok.com/@brun_ira/video/7681957723419757845
7677527111841729800,https://www.tiktok.com/@ulyana_sherstobitova/video/7677527111841729800
7688214365513764114,https://www.tiktok.com/@karina51931/video/7688214365513764114
7666099250048027926,https://www.tiktok.com/@just.sofaaa/video/7666099250048027926
7690054467911470344,https://www.tiktok.com/@elenaborzyh/video/7690054467911470344
7690447027230084359,https://www.tiktok.com/@milyapups/video/7690447027230084359
7676826632018988309,https://www.tiktok.com/@trimema/video/7676826632018988309
7575295553643318584,https://www.tiktok.com/@pcp_angeldust/video/7575295553643318584
7595079755196599560,https://www.tiktok.com/@imja1989/video/7595079755196599560
7598055321000496392,https://www.tiktok.com/@propertyinvestmentco/video/7598055321000496392
7691573144972217608,https://www.tiktok.com/@dan_zhen/video/7691573144972217608
7691303159699918132,https://www.tiktok.com/@minis.channel/video/7691303159699918132
7689928780114038048,https://www.tiktok.com/@cstwocut/video/7689928780114038048
7685788327286443271,https://www.tiktok.com/@its.milana11/video/7685788327286443271
7571046502240423186,https://www.tiktok.com/@stopka0208/video/7571046502240423186
7684551579352960263,https://www.tiktok.com/@matveyzxc1007/video/7684551579352960263
7624533189406559510,https://www.tiktok.com/@yowtfvlw/video/7624533189406559510
7690918245804690708,https://www.tiktok.com/@ali770433/video/7690918245804690708
7691405005466701088,https://www.tiktok.com/@greekmusic.gr47/video/7691405005466701088
7690151118239845665,https://www.tiktok.com/@_likorisstudio/video/7690151118239845665
7691269018493127957,https://www.tiktok.com/@ainazik0615_/video/7691269018493127957
7688573585929112839,https://www.tiktok.com/@chesheera/video/7688573585929112839
7689962921849277703,https://www.tiktok.com/@_tallgirl6/video/7689962921849277703
7641299782534810901,https://www.tiktok.com/@werbs.av/video/7641299782534810901
7689126130103684372,https://www.tiktok.com/@dasha_smileshine/video/7689126130103684372
7647813596788952333,https://www.tiktok.com/@oge_noo20272/video/7647813596788952333
7631302618429558023,https://www.tiktok.com/@im_kittyyy0/video/7631302618429558023
7606763570004512018,https://www.tiktok.com/@revolsssy/video/7606763570004512018
7676938897611328788,https://www.tiktok.com/@mash_vibes/video/7676938897611328788
7590148269490163000,https://www.tiktok.com/@alexei.mirca/video/7590148269490163000
7670508420700671252,https://www.tiktok.com/@adilkhan_sapargali/video/7670508420700671252
7684917513993325842,https://www.tiktok.com/@tery_ami/video/7684917513993325842
7653387398159551764,https://www.tiktok.com/@anaraseyes/video/7653387398159551764
7647848137175895317,https://www.tiktok.com/@yurent_offical/video/7647848137175895317
7680500390093196565,https://www.tiktok.com/@mash_vibes/video/7680500390093196565
7682819252117753095,https://www.tiktok.com/@snezhana.yxod/video/7682819252117753095
7691631698664049927,https://www.tiktok.com/@mtspromourent/video/7691631698664049927
7690574208149081352,https://www.tiktok.com/@revyline2/video/7690574208149081352
7660626309625695510,https://www.tiktok.com/@slarkvpn77/video/7660626309625695510
7689228464490024210,https://www.tiktok.com/@_smile_bydi/video/7689228464490024210
7664219193708907794,https://www.tiktok.com/@kyrgyzstan_skidki/video/7664219193708907794
7565761649005710612,https://www.tiktok.com/@promokod_food/video/7565761649005710612
7687535806533209352,https://www.tiktok.com/@dianyxelle_care/video/7687535806533209352
7607033437064760578,https://www.tiktok.com/@karribeann/video/7607033437064760578
7649785373651979527,https://www.tiktok.com/@tsssss183/video/7649785373651979527
7688650793381006614,https://www.tiktok.com/@slarkvpn77/video/7688650793381006614
7661686924708515093,https://www.tiktok.com/@pas4ok1/video/7661686924708515093
7680241419511926049,https://www.tiktok.com/@mzv.m01/video/7680241419511926049
7594373601114000647,https://www.tiktok.com/@.616790/video/7594373601114000647
7584320642435009805,https://www.tiktok.com/@po.lina11/video/7584320642435009805
7675455575282470165,https://www.tiktok.com/@marynuaa13/video/7675455575282470165
7665391749065362695,https://www.tiktok.com/@nineoseven/video/7665391749065362695
7690999520502533383,https://www.tiktok.com/@semxxxney/video/7690999520502533383
7687611017316142354,https://www.tiktok.com/@mbllfelora/video/7687611017316142354
7690291295163632902,https://www.tiktok.com/@dana_pro_beauty/video/7690291295163632902
7683174854782225684,https://www.tiktok.com/@rinqwwo/video/7683174854782225684
7684286228644039957,https://www.tiktok.com/@sanukyl/video/7684286228644039957
7683239461697768725,https://www.tiktok.com/@kartie._.rakel/video/7683239461697768725
7683256114267426055,https://www.tiktok.com/@rediskadeniska4/video/7683256114267426055
7690606831349157153,https://www.tiktok.com/@sisitochka_/video/7690606831349157153
7689855698259217672,https://www.tiktok.com/@babyeka_1/video/7689855698259217672
7689761343955619080,https://www.tiktok.com/@rediskadeniska4/video/7689761343955619080
7682803367877348622,https://www.tiktok.com/@lookateva00/video/7682803367877348622
7663574844910390546,https://www.tiktok.com/@eva.gadzhieva/video/7663574844910390546
7687935564523244820,https://www.tiktok.com/@lilifllower_/video/7687935564523244820
7680971899244989714,https://www.tiktok.com/@dashulk_ss/video/7680971899244989714
7690970527208606996,https://www.tiktok.com/@yano4karrr/video/7690970527208606996
7684307990240939285,https://www.tiktok.com/@selishcheva_kira/video/7684307990240939285
7683243353038785813,https://www.tiktok.com/@swenqar/video/7683243353038785813
7680164516990061844,https://www.tiktok.com/@rinqwwo/video/7680164516990061844
7663003980364008712,https://www.tiktok.com/@viksi472/video/7663003980364008712
7682855069863218439,https://www.tiktok.com/@ame._.ae/video/7682855069863218439
7671650236024016149,https://www.tiktok.com/@caza_cocos/video/7671650236024016149
7685272186034064641,https://www.tiktok.com/@evrooptby/video/7685272186034064641
7689912927633132832,https://www.tiktok.com/@kislinkovay/video/7689912927633132832
7679024695374581024,https://www.tiktok.com/@sonka_monina/video/7679024695374581024
7687244357124115744,https://www.tiktok.com/@stisha_fak_official/video/7687244357124115744
7632013014820064529,https://www.tiktok.com/@oichidelelion/video/7632013014820064529
7690313491063819540,https://www.tiktok.com/@nsttttty/video/7690313491063819540
7620901215022435604,https://www.tiktok.com/@nsttttty/video/7620901215022435604
7682874050372324641,https://www.tiktok.com/@saffw22/video/7682874050372324641
7673159377754459400,https://www.tiktok.com/@babageldi.akmuham/video/7673159377754459400
7642526673480584462,https://www.tiktok.com/@fatty_pretto_/video/7642526673480584462
7686726616105487636,https://www.tiktok.com/@checkrepost148869/video/7686726616105487636
7675332977575906578,https://www.tiktok.com/@checkreposts25/video/7675332977575906578
7627754174842686728,https://www.tiktok.com/@anonimosixseven6/video/7627754174842686728
7676954063224851719,https://www.tiktok.com/@checkreposts25/video/7676954063224851719
7690216466842471710,https://www.tiktok.com/@hiiam1i/video/7690216466842471710
7680919664364457236,https://www.tiktok.com/@ttmetromk/video/7680919664364457236
7679404625870605590,https://www.tiktok.com/@snow_edits012/video/7679404625870605590
7660386102884322582,https://www.tiktok.com/@leadrmarketing/video/7660386102884322582
7689860499911085319,https://www.tiktok.com/@pireww6/video/7689860499911085319
7682706878975020295,https://www.tiktok.com/@yes.x69/video/7682706878975020295
7689639275104668961,https://www.tiktok.com/@savdo.pro.max/video/7689639275104668961
7682448227265793302,https://www.tiktok.com/@musordrop566/video/7682448227265793302
7688710653585952018,https://www.tiktok.com/@pireww6/video/7688710653585952018
7653847142502616327,https://www.tiktok.com/@imran.bengazy/video/7653847142502616327
7672742186189884679,https://www.tiktok.com/@artemmatuxx/video/7672742186189884679
7690467087633894689,https://www.tiktok.com/@n.sashulik/video/7690467087633894689
7660275062901198083,https://www.tiktok.com/@sopikovvladislav/video/7660275062901198083
7689401093511531783,https://www.tiktok.com/@koyesmiha33/video/7689401093511531783
7686115822221266184,https://www.tiktok.com/@pireww6/video/7686115822221266184
7683969365804436757,https://www.tiktok.com/@lagranja057/video/7683969365804436757
7584652530924129591,https://www.tiktok.com/@gmlxctrigger/video/7584652530924129591
7558883293119139083,https://www.tiktok.com/@dicasdodyrlei/video/7558883293119139083
7673067912877427989,https://www.tiktok.com/@yarikswwww/video/7673067912877427989
7657650472702053650,https://www.tiktok.com/@girl_from_the_garden1/video/7657650472702053650
7658983623789530389,https://www.tiktok.com/@danila7_/video/7658983623789530389
7675938646356151572,https://www.tiktok.com/@lahzabelhza/video/7675938646356151572
7668209966473383188,https://www.tiktok.com/@pwcedron/video/7668209966473383188
7691765965196954913,https://www.tiktok.com/@nukavsevmeste2/video/7691765965196954913
7664794197731380498,https://www.tiktok.com/@soumoka/video/7664794197731380498
7687565427525864712,https://www.tiktok.com/@anutka.ad/video/7687565427525864712
7665944772330147079,https://www.tiktok.com/@soumoka/video/7665944772330147079
7645150493165030663,https://www.tiktok.com/@minecraft.highlights_1/video/7645150493165030663
7614924285911518472,https://www.tiktok.com/@rustmasert/video/7614924285911518472
7689524446637411592,https://www.tiktok.com/@mxwlct/video/7689524446637411592
7577150943779671308,https://www.tiktok.com/@rip_noname1201/video/7577150943779671308
7684442940357315847,https://www.tiktok.com/@soumoka/video/7684442940357315847
7560600239732739335,https://www.tiktok.com/@userqljhexc83t/video/7560600239732739335
7635691786400189714,https://www.tiktok.com/@dinswerf/video/7635691786400189714
7642141506349911310,https://www.tiktok.com/@aktiv._.2026/video/7642141506349911310
7680773859498298645,https://www.tiktok.com/@dem1xq1/video/7680773859498298645
7675763290974457106,https://www.tiktok.com/@serenagalava_1/video/7675763290974457106
7663960769645726996,https://www.tiktok.com/@yeneentertainment/video/7663960769645726996
7673143657800797471,https://www.tiktok.com/@brather396/video/7673143657800797471
7672416135987432724,https://www.tiktok.com/@qulaasada_sheekada1/video/7672416135987432724
7688296656470576392,https://www.tiktok.com/@ethios7/video/7688296656470576392
7679967669172423952,https://www.tiktok.com/@unskill_69/video/7679967669172423952
7690740584666959125,https://www.tiktok.com/@echoflick_ca/video/7690740584666959125
7690241420568857874,https://www.tiktok.com/@dohioooo/video/7690241420568857874
7613049030771297557,https://www.tiktok.com/@targetologaigerim/video/7613049030771297557
7686650080169938198,https://www.tiktok.com/@kseniya_deych/video/7686650080169938198
7689741381442604289,https://www.tiktok.com/@nazukasng7w/video/7689741381442604289
7682069990828150037,https://www.tiktok.com/@flashbangofficial/video/7682069990828150037
7557447912062536967,https://www.tiktok.com/@kris_dreamuur/video/7557447912062536967
7686927679995612424,https://www.tiktok.com/@myzuka_2025/video/7686927679995612424
7690470557250292998,https://www.tiktok.com/@el.reno67/video/7690470557250292998
7689426388746636577,https://www.tiktok.com/@nessa_vva/video/7689426388746636577
7691276550313889032,https://www.tiktok.com/@andruskavatrushka/video/7691276550313889032
7655987798230502689,https://www.tiktok.com/@burmaldenko1/video/7655987798230502689
7661898625668222215,https://www.tiktok.com/@_0mrn/video/7661898625668222215
7690534697612365064,https://www.tiktok.com/@neonch25/video/7690534697612365064
7690513256863059207,https://www.tiktok.com/@mxwlct/video/7690513256863059207
7589610331211599125,https://www.tiktok.com/@mlvodik/video/7589610331211599125
7684702892879531284,https://www.tiktok.com/@m...t..r..a..o..r..a/video/7684702892879531284
7683745402063015188,https://www.tiktok.com/@nkvrch/video/7683745402063015188
7598266260199132471,https://www.tiktok.com/@spungik/video/7598266260199132471
7677247780401745160,https://www.tiktok.com/@mariasha315/video/7677247780401745160
7689044758253112594,https://www.tiktok.com/@moneytok1000/video/7689044758253112594
7622284458191801618,https://www.tiktok.com/@100910vanish/video/7622284458191801618
7609646604106124551,https://www.tiktok.com/@baglantay_fann/video/7609646604106124551
7688668667344653589,https://www.tiktok.com/@babygrill629/video/7688668667344653589
7689923379821808904,https://www.tiktok.com/@moneytok1000/video/7689923379821808904
7679543767333997856,https://www.tiktok.com/@sm.educated/video/7679543767333997856
7690666122248555798,https://www.tiktok.com/@wizkhalif.mc/video/7690666122248555798
7690871733158432031,https://www.tiktok.com/@dream.toonx/video/7690871733158432031
7691654863070989588,https://www.tiktok.com/@syedabrar1100/video/7691654863070989588
7637031784814873877,https://www.tiktok.com/@baruga.cemot/video/7637031784814873877
7587101298726554888,https://www.tiktok.com/@serg111o/video/7587101298726554888
7676759069251652880,https://www.tiktok.com/@yaros1av.ai0/video/7676759069251652880
7690200492214963470,https://www.tiktok.com/@dajieqaaddy/video/7690200492214963470
7690508067208842517,https://www.tiktok.com/@hams_tik_3/video/7690508067208842517
7690513488006892822,https://www.tiktok.com/@prime.ai.stories6/video/7690513488006892822
7690271177075445012,https://www.tiktok.com/@itsfoad/video/7690271177075445012
7686465584069872914,https://www.tiktok.com/@trickwell2/video/7686465584069872914
7690533084583791892,https://www.tiktok.com/@cartoon_lab1/video/7690533084583791892
7681789897706933524,https://www.tiktok.com/@infinite_services/video/7681789897706933524
7679257543289441556,https://www.tiktok.com/@edwinaevangelista5/video/7679257543289441556
7690520599084518676,https://www.tiktok.com/@ai_king804/video/7690520599084518676
7640209292355816722,https://www.tiktok.com/@prinebot/video/7640209292355816722
7669844957640936724,https://www.tiktok.com/@ptiptsa/video/7669844957640936724
7586387248652799250,https://www.tiktok.com/@100pointsrepetitor/video/7586387248652799250
7582248775209585940,https://www.tiktok.com/@nsttttty/video/7582248775209585940
7645691761024584978,https://www.tiktok.com/@himbiobro/video/7645691761024584978
7691441079823912212,https://www.tiktok.com/@arkan_sila11/video/7691441079823912212
7689494431627562247,https://www.tiktok.com/@100bpoli/video/7689494431627562247
7690167601669885190,https://www.tiktok.com/@khiamialex/video/7690167601669885190
7689850825962736929,https://www.tiktok.com/@kirra.fil/video/7689850825962736929
7690197606563204372,https://www.tiktok.com/@lppd100/video/7690197606563204372
7630826583615442197,https://www.tiktok.com/@kolmakovanastya6/video/7630826583615442197
7690185090063944981,https://www.tiktok.com/@ptiptsa/video/7690185090063944981
7690241784374414612,https://www.tiktok.com/@radja.gym/video/7690241784374414612
7579966237208317195,https://www.tiktok.com/@poli100b/video/7579966237208317195
7690240010196356372,https://www.tiktok.com/@froshixs/video/7690240010196356372
7690315924464864533,https://www.tiktok.com/@egkforever/video/7690315924464864533
7645136521338572065,https://www.tiktok.com/@aset.nar/video/7645136521338572065
7679562276461907220,https://www.tiktok.com/@club_nikki/video/7679562276461907220
7690205408346082612,https://www.tiktok.com/@user99870506358778/video/7690205408346082612
7684700188400700692,https://www.tiktok.com/@froshixs/video/7684700188400700692
7689472932032122125,https://www.tiktok.com/@tutun_sisters/video/7689472932032122125
7690543112250313991,https://www.tiktok.com/@valentinitch/video/7690543112250313991
7688738517278575879,https://www.tiktok.com/@100bpoli/video/7688738517278575879
7689424233096547616,https://www.tiktok.com/@ximbio46/video/7689424233096547616
7685116587061382420,https://www.tiktok.com/@nyusha.lee/video/7685116587061382420
7687124325568204053,https://www.tiktok.com/@speeddrug3/video/7687124325568204053
7690848452242181397,https://www.tiktok.com/@siler_roma/video/7690848452242181397
7632987085376474388,https://www.tiktok.com/@bigboss2025z3/video/7632987085376474388
7630057028928458004,https://www.tiktok.com/@epicvibe19/video/7630057028928458004
7690693831209143572,https://www.tiktok.com/@itgenio/video/7690693831209143572
7690902548860947745,https://www.tiktok.com/@spulk1q/video/7690902548860947745
7685832663860792597,https://www.tiktok.com/@8_a_63/video/7685832663860792597
7649722337851411734,https://www.tiktok.com/@nimelso.danaj/video/7649722337851411734
7646025991973833991,https://www.tiktok.com/@sunnylen04ka92/video/7646025991973833991
7589136013478350100,https://www.tiktok.com/@fizzy.shgsh/video/7589136013478350100
7607488584546880786,https://www.tiktok.com/@vikaprekina/video/7607488584546880786
7597801025235455239,https://www.tiktok.com/@goiteens.school/video/7597801025235455239
7682782076579417365,https://www.tiktok.com/@ttiimka8/video/7682782076579417365
7644561580323032340,https://www.tiktok.com/@nikerodom/video/7644561580323032340
7657613115772669204,https://www.tiktok.com/@varyakeys/video/7657613115772669204
7681381386229452050,https://www.tiktok.com/@oppa.neymar/video/7681381386229452050
7569643980078484792,https://www.tiktok.com/@targetolog_smm108/video/7569643980078484792
7684282115986312470,https://www.tiktok.com/@zzakk001/video/7684282115986312470
7680558433199787265,https://www.tiktok.com/@den4ik_ander/video/7680558433199787265
7644052366693518610,https://www.tiktok.com/@dasssssshik/video/7644052366693518610
7690578327689579797,https://www.tiktok.com/@alemmediaschool.kz/video/7690578327689579797
7677934410796256532,https://www.tiktok.com/@homeme_hog/video/7677934410796256532
7563090340354215223,https://www.tiktok.com/@house_atst/video/7563090340354215223
7591555575159246100,https://www.tiktok.com/@kurokatoujoboy/video/7591555575159246100
7686197866200616200,https://www.tiktok.com/@maya_miam1/video/7686197866200616200
7673803220950600993,https://www.tiktok.com/@lyceumschool48/video/7673803220950600993
7686759339645832468,https://www.tiktok.com/@yuzhniural74/video/7686759339645832468
7682468790197652744,https://www.tiktok.com/@suzie.ua/video/7682468790197652744
7681429440093785365,https://www.tiktok.com/@foreversmile700/video/7681429440093785365
7684194857337883924,https://www.tiktok.com/@sarkieva_sofia/video/7684194857337883924
7664637881356422418,https://www.tiktok.com/@spb1925/video/7664637881356422418
7690989089046285589,https://www.tiktok.com/@alyosha_sports/video/7690989089046285589
7680478128354970901,https://www.tiktok.com/@mainix_kombek/video/7680478128354970901
7685745611114695956,https://www.tiktok.com/@evgenia_online/video/7685745611114695956
7681708090642910482,https://www.tiktok.com/@dirol48289/video/7681708090642910482
7673021003701816583,https://www.tiktok.com/@marinad_news/video/7673021003701816583
7674986612895370529,https://www.tiktok.com/@sonka_monina/video/7674986612895370529
7676008835538078984,https://www.tiktok.com/@linaa_a_t/video/7676008835538078984
7689917516507827477,https://www.tiktok.com/@nika.onlymaths/video/7689917516507827477
7688695696223980806,https://www.tiktok.com/@cehka11/video/7688695696223980806
7686074079459544340,https://www.tiktok.com/@user1861413614790/video/7686074079459544340
7679730638517194014,https://www.tiktok.com/@perforatortelefap/video/7679730638517194014
7630345908814695710,https://www.tiktok.com/@perforatortelefap/video/7630345908814695710
7688733778847583494,https://www.tiktok.com/@aimobizhennyi/video/7688733778847583494
7689324876494146838,https://www.tiktok.com/@m3ann_30/video/7689324876494146838
7690663006216146194,https://www.tiktok.com/@zlata.ray/video/7690663006216146194
7671318863774059797,https://www.tiktok.com/@ww.vitkowski/video/7671318863774059797
7679074970718309653,https://www.tiktok.com/@alena_zheleznaya/video/7679074970718309653
7587757751812508950,https://www.tiktok.com/@r_allinaa/video/7587757751812508950
7690894335281351967,https://www.tiktok.com/@nas.tishka3/video/7690894335281351967
7690504067021475092,https://www.tiktok.com/@_106924/video/7690504067021475092
7690476623690353927,https://www.tiktok.com/@mirysia_02/video/7690476623690353927
7680892608197037319,https://www.tiktok.com/@timohatech4/video/7680892608197037319
7679702818416119058,https://www.tiktok.com/@yussupovaarai/video/7679702818416119058
7646067047750946068,https://www.tiktok.com/@kanat_oralgazy/video/7646067047750946068
7686762248991198484,https://www.tiktok.com/@graduatess_2k27/video/7686762248991198484
7691240096674155789,https://www.tiktok.com/@ma.sha.sla/video/7691240096674155789
7691700131585936660,https://www.tiktok.com/@lingostargeorgia/video/7691700131585936660
7691622669657165074,https://www.tiktok.com/@haper_.67_.3/video/7691622669657165074
7665756982799994133,https://www.tiktok.com/@pici.md/video/7665756982799994133
7674618743326100744,https://www.tiktok.com/@kokshetau.obzory/video/7674618743326100744
7575134673492364558,https://www.tiktok.com/@79281110rrc/video/7575134673492364558
7642079084683496737,https://www.tiktok.com/@online.shakyru01/video/7642079084683496737
7642353145405984022,https://www.tiktok.com/@valerianka579/video/7642353145405984022
7691717157230497031,https://www.tiktok.com/@kokshetau.obzory/video/7691717157230497031
7654869524793085217,https://www.tiktok.com/@noo_channel/video/7654869524793085217
7686927895486270740,https://www.tiktok.com/@narabbs/video/7686927895486270740
7609237548153572625,https://www.tiktok.com/@..nyan.group/video/7609237548153572625
7691415112422280455,https://www.tiktok.com/@marta.tarnovetska/video/7691415112422280455
7689008705358073110,https://www.tiktok.com/@soffkat7/video/7689008705358073110
7691562819006860565,https://www.tiktok.com/@sif.223344/video/7691562819006860565
7688547150669679890,https://www.tiktok.com/@sergy777777/video/7688547150669679890
7689487341949488391,https://www.tiktok.com/@wex_wrmx/video/7689487341949488391
7601124562083908872,https://www.tiktok.com/@kitkattt.t0/video/7601124562083908872
7602864631668837639,https://www.tiktok.com/@karapyzik_22.10/video/7602864631668837639
7573756419149794578,https://www.tiktok.com/@lazerka_mykolaiv/video/7573756419149794578
7575558481399319826,https://www.tiktok.com/@primary_school_te2/video/7575558481399319826
7688413860063218951,https://www.tiktok.com/@masha_www14/video/7688413860063218951
7687183587514322183,https://www.tiktok.com/@ms_milana3/video/7687183587514322183
7690307861867498760,https://www.tiktok.com/@.3162059/video/7690307861867498760
7690667501625068807,https://www.tiktok.com/@nancy010q/video/7690667501625068807
7673499789010439454,https://www.tiktok.com/@honoli30/video/7673499789010439454
7690170996204096782,https://www.tiktok.com/@sonyyaaa777/video/7690170996204096782
7690604391518293269,https://www.tiktok.com/@botymankaa/video/7690604391518293269
7686193320288062727,https://www.tiktok.com/@zlata.ray/video/7686193320288062727
7673443761799679252,https://www.tiktok.com/@irinkka706/video/7673443761799679252
7617828814076267808,https://www.tiktok.com/@suksu1430/video/7617828814076267808
7570927279216413973,https://www.tiktok.com/@karamelka.kuh0/video/7570927279216413973
7594407022712327444,https://www.tiktok.com/@ankasinger/video/7594407022712327444
7676510597831265556,https://www.tiktok.com/@botymankaa/video/7676510597831265556
7689182692620897558,https://www.tiktok.com/@anonksusa/video/7689182692620897558
7638709221172825365,https://www.tiktok.com/@1mashov_02/video/7638709221172825365
7679425832632208660,https://www.tiktok.com/@user8683978426773/video/7679425832632208660
7681662934321253652,https://www.tiktok.com/@kozharamarina/video/7681662934321253652
7680970211595422984,https://www.tiktok.com/@gulyatulgabaeva/video/7680970211595422984
7691601148679114015,https://www.tiktok.com/@zollyjolly99/video/7691601148679114015
7683170516932283668,https://www.tiktok.com/@yana_v.zt/video/7683170516932283668
7685804250642894101,https://www.tiktok.com/@nerk_editor/video/7685804250642894101
7601135131155336469,https://www.tiktok.com/@ru_delucru.md/video/7601135131155336469
7671166344406109448,https://www.tiktok.com/@vio.lett17/video/7671166344406109448
7690891351705013535,https://www.tiktok.com/@user328840289/video/7690891351705013535
7566340308934446354,https://www.tiktok.com/@6_v_klass2026school/video/7566340308934446354
7581502642178837768,https://www.tiktok.com/@6_v_klass2026school/video/7581502642178837768
7662398878586539284,https://www.tiktok.com/@thotv25/video/7662398878586539284
7613808646438325525,https://www.tiktok.com/@eriremi/video/7613808646438325525
7690153180667153694,https://www.tiktok.com/@aicreator089/video/7690153180667153694
7611966091501374740,https://www.tiktok.com/@farooqcampus1/video/7611966091501374740
7686404112799304990,https://www.tiktok.com/@fun.club1817/video/7686404112799304990
7690425195210870047,https://www.tiktok.com/@usacomedy32/video/7690425195210870047
7686927861621935380,https://www.tiktok.com/@botakan440/video/7686927861621935380
7645585558357462290,https://www.tiktok.com/@diana91m/video/7645585558357462290
7656680541042904350,https://www.tiktok.com/@chinamemedealer23/video/7656680541042904350
7595578193843653900,https://www.tiktok.com/@1fit.kz/video/7595578193843653900
7577494302545186070,https://www.tiktok.com/@saraasuch/video/7577494302545186070
7687158122363817223,https://www.tiktok.com/@tvarhiv_official/video/7687158122363817223
7567114441028947222,https://www.tiktok.com/@dushastrimera/video/7567114441028947222
7685383651109948692,https://www.tiktok.com/@goserok1/video/7685383651109948692
7579636230757944598,https://www.tiktok.com/@e.va.si/video/7579636230757944598
7559439773979495693,https://www.tiktok.com/@moskvichka_in_america/video/7559439773979495693
7661610240588123400,https://www.tiktok.com/@he3hao2000/video/7661610240588123400
7691007930606374151,https://www.tiktok.com/@lerrulya/video/7691007930606374151
7690961286699453704,https://www.tiktok.com/@obsh_oge_easy/video/7690961286699453704
7691270592544230664,https://www.tiktok.com/@polin.nixxq/video/7691270592544230664
7690627492725427486,https://www.tiktok.com/@hask8741/video/7690627492725427486
7690991167181327636,https://www.tiktok.com/@kustriiick/video/7690991167181327636
7679874897283222805,https://www.tiktok.com/@11ege1/video/7679874897283222805
7664259224985177364,https://www.tiktok.com/@0.arishkaa/video/7664259224985177364
7677916712729087253,https://www.tiktok.com/@mathsbotan/video/7677916712729087253
7680551770145197333,https://www.tiktok.com/@iammasha20/video/7680551770145197333
7686195581622013216,https://www.tiktok.com/@lilililui4/video/7686195581622013216
7672460060206927122,https://www.tiktok.com/@vikkspi/video/7672460060206927122
7675087742619061522,https://www.tiktok.com/@vlad_study/video/7675087742619061522
7679738078226910485,https://www.tiktok.com/@dmitrievaarina/video/7679738078226910485
7682138476166335762,https://www.tiktok.com/@mathsbotan/video/7682138476166335762
7688249620148849938,https://www.tiktok.com/@tululu111/video/7688249620148849938
7687667078492507395,https://www.tiktok.com/@drhead77/video/7687667078492507395
7683223397026909443,https://www.tiktok.com/@drhead77/video/7683223397026909443
7653730231915760918,https://www.tiktok.com/@govorittvera/video/7653730231915760918
7567072490481093906,https://www.tiktok.com/@yulia_ba4/video/7567072490481093906
7664183993058757908,https://www.tiktok.com/@annnooo_qwert/video/7664183993058757908
7650447498510617874,https://www.tiktok.com/@mitttens.s/video/7650447498510617874
7611547729927343381,https://www.tiktok.com/@egkforever/video/7611547729927343381
7689791136184978709,https://www.tiktok.com/@ariwwels/video/7689791136184978709
7689818996228541697,https://www.tiktok.com/@mitohondric/video/7689818996228541697
7689640708780739861,https://www.tiktok.com/@lolpiuyr/video/7689640708780739861
7690108243586190600,https://www.tiktok.com/@.katerina.purto/video/7690108243586190600
7657874142854679830,https://www.tiktok.com/@pavel_egemaths/video/7657874142854679830
7689675050458303766,https://www.tiktok.com/@govorittvera/video/7689675050458303766
7672750091815390482,https://www.tiktok.com/@lilolollaa_kiss/video/7672750091815390482
7690111573230112021,https://www.tiktok.com/@physics100b/video/7690111573230112021
7688363882158640405,https://www.tiktok.com/@jelly.miko/video/7688363882158640405
7568458779671465246,https://www.tiktok.com/@elllinnai/video/7568458779671465246
7689705364878675221,https://www.tiktok.com/@underwatersilenc/video/7689705364878675221
7689900911585512736,https://www.tiktok.com/@study.hype/video/7689900911585512736
7691704360040025352,https://www.tiktok.com/@facttackk/video/7691704360040025352
7679004423431015700,https://www.tiktok.com/@frayyzedit/video/7679004423431015700
7691361817334926614,https://www.tiktok.com/@bestofjulia555/video/7691361817334926614
7628840515407973652,https://www.tiktok.com/@seikou_nyashka/video/7628840515407973652
7657980341843578132,https://www.tiktok.com/@ryksan_/video/7657980341843578132
7691604604466826517,https://www.tiktok.com/@filmsmaxx/video/7691604604466826517
7682850754821999879,https://www.tiktok.com/@sashka09mi/video/7682850754821999879
7682782768002043166,https://www.tiktok.com/@mickaatr/video/7682782768002043166
7686762195887115538,https://www.tiktok.com/@sashka09mi/video/7686762195887115538
7683398139633601800,https://www.tiktok.com/@sashka09mi/video/7683398139633601800
7683830271271111954,https://www.tiktok.com/@sashka09mi/video/7683830271271111954
7686163022238256402,https://www.tiktok.com/@sashka09mi/video/7686163022238256402
7683942481615949074,https://www.tiktok.com/@sashka09mi/video/7683942481615949074
7684319386009603336,https://www.tiktok.com/@sashka09mi/video/7684319386009603336
7686902708690898183,https://www.tiktok.com/@sashka09mi/video/7686902708690898183
7686390563389656327,https://www.tiktok.com/@sashka09mi/video/7686390563389656327
7682292334414875911,https://www.tiktok.com/@sashka09mi/video/7682292334414875911
7690867379340922133,https://www.tiktok.com/@sut1mine/video/7690867379340922133
7647541075372002567,https://www.tiktok.com/@vikky.syr/video/7647541075372002567
7650088902518197524,https://www.tiktok.com/@osh_gu/video/7650088902518197524
7576705724995112200,https://www.tiktok.com/@apoliks_xxx/video/7576705724995112200
7680278869185711380,https://www.tiktok.com/@annimani8/video/7680278869185711380
7686580454266293536,https://www.tiktok.com/@velissab/video/7686580454266293536
7689801905626828040,https://www.tiktok.com/@ketvelens/video/7689801905626828040
7656408920981851412,https://www.tiktok.com/@vk_krise_/video/7656408920981851412
7667497282765442311,https://www.tiktok.com/@osh.abzor/video/7667497282765442311
7666437730003356936,https://www.tiktok.com/@osh.abzor/video/7666437730003356936
7687995477173816583,https://www.tiktok.com/@pusheennnn89/video/7687995477173816583
7688785408540347649,https://www.tiktok.com/@examchemistry/video/7688785408540347649
7691300301487344926,https://www.tiktok.com/@scrooys/video/7691300301487344926
7668310828852382997,https://www.tiktok.com/@alinaxnoo/video/7668310828852382997
7687717747224005895,https://www.tiktok.com/@todddayls81733606/video/7687717747224005895
7674273490438049056,https://www.tiktok.com/@irkapopopo/video/7674273490438049056
7678737375652154632,https://www.tiktok.com/@socialandcats/video/7678737375652154632
7687759568973139218,https://www.tiktok.com/@todddayls81733606/video/7687759568973139218
7690633512226934024,https://www.tiktok.com/@tristanauto.balti3/video/7690633512226934024
7691615504263417094,https://www.tiktok.com/@.nakoshka/video/7691615504263417094
7691382668843371796,https://www.tiktok.com/@__tabyret___/video/7691382668843371796
7691001413907975432,https://www.tiktok.com/@yourbunnywrote_l2/video/7691001413907975432
7691295982687915285,https://www.tiktok.com/@be.kind620/video/7691295982687915285
7691663483460406546,https://www.tiktok.com/@agrospec_tech/video/7691663483460406546
7630178080736169237,https://www.tiktok.com/@sonixserr/video/7630178080736169237
7612616976757771541,https://www.tiktok.com/@magazin.exclusive.osh/video/7612616976757771541
7683435232669764884,https://www.tiktok.com/@rus9999/video/7683435232669764884
7680616833157778708,https://www.tiktok.com/@muhammad.umarov99/video/7680616833157778708
7654275711397530900,https://www.tiktok.com/@osh_nedvijimost2/video/7654275711397530900
7674245640116768032,https://www.tiktok.com/@taxistreal1st/video/7674245640116768032
7675411014334057748,https://www.tiktok.com/@shahsarayplyus/video/7675411014334057748
7685339868385316116,https://www.tiktok.com/@aframsxw/video/7685339868385316116
7673590138563251474,https://www.tiktok.com/@oyisha__brend/video/7673590138563251474
7570321915508739335,https://www.tiktok.com/@osh_983/video/7570321915508739335
7617789555990629654,https://www.tiktok.com/@dr_adamova_blepharo/video/7617789555990629654
7687260811454074130,https://www.tiktok.com/@prykovka/video/7687260811454074130
7649021665384385813,https://www.tiktok.com/@tandoo.kl/video/7649021665384385813
7613679017329184020,https://www.tiktok.com/@ankara_osh/video/7613679017329184020
7586609776776203527,https://www.tiktok.com/@akumulator_osh0550787000/video/7586609776776203527
7674306346249964808,https://www.tiktok.com/@pravda_pro_product/video/7674306346249964808
7620382541471583495,https://www.tiktok.com/@alimov.tv/video/7620382541471583495
7679371232076123400,https://www.tiktok.com/@krossbrend.kg/video/7679371232076123400
7659488748366810388,https://www.tiktok.com/@sakina_kosmetika_o/video/7659488748366810388
7691522728225967393,https://www.tiktok.com/@seven.shopes/video/7691522728225967393
7684252011373628679,https://www.tiktok.com/@homebek_/video/7684252011373628679
7592299010803682580,https://www.tiktok.com/@optovik_osh_karasuu_2210/video/7592299010803682580
7666917551829503239,https://www.tiktok.com/@nigora91020/video/7666917551829503239
7683699565488344341,https://www.tiktok.com/@1tsowwwa/video/7683699565488344341
7687071967660313876,https://www.tiktok.com/@muazam_rieltor_osh/video/7687071967660313876
7653524064828411143,https://www.tiktok.com/@kazykkg/video/7653524064828411143
7589970691638725909,https://www.tiktok.com/@mujohiddinsattarov/video/7589970691638725909
7686923739711278344,https://www.tiktok.com/@djunhai_optom/video/7686923739711278344
7624768975443905812,https://www.tiktok.com/@avto_zapchast_korea/video/7624768975443905812
7569862572548132104,https://www.tiktok.com/@osh_983/video/7569862572548132104
7654512223271931154,https://www.tiktok.com/@stopkochevnik/video/7654512223271931154
7690814134631304468,https://www.tiktok.com/@uxolomka_kg/video/7690814134631304468
7688040685219400981,https://www.tiktok.com/@abdulloh_official3/video/7688040685219400981
7613050730542370068,https://www.tiktok.com/@elite_women29/video/7613050730542370068
7645351316977388832,https://www.tiktok.com/@tvoi.kliuchik_osh/video/7645351316977388832
7573364401143696658,https://www.tiktok.com/@usta.ko/video/7573364401143696658
7592711326745545991,https://www.tiktok.com/@med.center.nur/video/7592711326745545991
7581165038426197266,https://www.tiktok.com/@injektor_osh/video/7581165038426197266
7579690546046749959,https://www.tiktok.com/@estetic_pro.osh/video/7579690546046749959
7612934122507488530,https://www.tiktok.com/@carexpress_korea/video/7612934122507488530
7688961937589259541,https://www.tiktok.com/@nerjaveyka_osh_official/video/7688961937589259541
7686459665663741204,https://www.tiktok.com/@user13045056784313/video/7686459665663741204
7665317505228983559,https://www.tiktok.com/@kuliypa_tabyp_/video/7665317505228983559
7645596141454740744,https://www.tiktok.com/@kutstroy_adylbek/video/7645596141454740744
7688754885734534433,https://www.tiktok.com/@shukur.mebel.osh/video/7688754885734534433
7665711292249935136,https://www.tiktok.com/@mstasyan2/video/7665711292249935136
7679894426465881366,https://www.tiktok.com/@govorittvera/video/7679894426465881366
7690697186862009606,https://www.tiktok.com/@abramova4397/video/7690697186862009606
7609303577336630549,https://www.tiktok.com/@alisix77/video/7609303577336630549
7663824083817221396,https://www.tiktok.com/@makarrovaa3/video/7663824083817221396
7691559720510835988,https://www.tiktok.com/@tasya100_100/video/7691559720510835988
7690269036130635038,https://www.tiktok.com/@elenamarinina50/video/7690269036130635038
7635256674768391444,https://www.tiktok.com/@daryadare/video/7635256674768391444
7579980457924742418,https://www.tiktok.com/@kovaleva.meowrud/video/7579980457924742418
7665154513237495061,https://www.tiktok.com/@sp9ktra_/video/7665154513237495061
7590857651345460502,https://www.tiktok.com/@monjasamaster/video/7590857651345460502
7654883612185169174,https://www.tiktok.com/@yulk0m/video/7654883612185169174
7671608796778712338,https://www.tiktok.com/@sweetx_2009/video/7671608796778712338
7653967260540751137,https://www.tiktok.com/@mstasyan2/video/7653967260540751137
7673528691573476615,https://www.tiktok.com/@bogdanaelite/video/7673528691573476615
7642026888659012896,https://www.tiktok.com/@dewaayw/video/7642026888659012896
7685448127834328328,https://www.tiktok.com/@arina__1008/video/7685448127834328328
7586393596706802956,https://www.tiktok.com/@milenchezzx/video/7586393596706802956
7689745929456635143,https://www.tiktok.com/@kino.sos7/video/7689745929456635143
7573795739109707016,https://www.tiktok.com/@sofishka61/video/7573795739109707016
7688054989624741140,https://www.tiktok.com/@anutochka_er/video/7688054989624741140
7633764768985173255,https://www.tiktok.com/@mrgharivitas/video/7633764768985173255
7686925282279738632,https://www.tiktok.com/@addiction677/video/7686925282279738632
7597946018012859669,https://www.tiktok.com/@bet_lines/video/7597946018012859669
7690203553910000926,https://www.tiktok.com/@anita_shadurskaya/video/7690203553910000926
7620287473091988757,https://www.tiktok.com/@sashagaas10/video/7620287473091988757
7689751487026629921,https://www.tiktok.com/@kalleriys/video/7689751487026629921
7661616970957163794,https://www.tiktok.com/@ninenika/video/7661616970957163794
7689407556611165461,https://www.tiktok.com/@veronikaege0/video/7689407556611165461
7660749966381501718,https://www.tiktok.com/@babachay4/video/7660749966381501718
7636024459748445447,https://www.tiktok.com/@_okokokokok_/video/7636024459748445447
7602608730202508565,https://www.tiktok.com/@qqqqww55/video/7602608730202508565
7687264133158374674,https://www.tiktok.com/@adeleme4/video/7687264133158374674
7681233791020567828,https://www.tiktok.com/@jimkeithco89676674/video/7681233791020567828
7675418498012613908,https://www.tiktok.com/@vircrti28/video/7675418498012613908
7676860368559443221,https://www.tiktok.com/@jeyjeywinn/video/7676860368559443221
7682692626373643528,https://www.tiktok.com/@slipining/video/7682692626373643528
7688685452005543186,https://www.tiktok.com/@lianauchit/video/7688685452005543186
7666452570965036309,https://www.tiktok.com/@carplakk/video/7666452570965036309
7662001590882077982,https://www.tiktok.com/@abh0rrencee/video/7662001590882077982
7678046169800445205,https://www.tiktok.com/@vasilisasege/video/7678046169800445205
7667896264696007943,https://www.tiktok.com/@vikkkiiiii.i/video/7667896264696007943
7635611598601669896,https://www.tiktok.com/@marseltutor/video/7635611598601669896
7687712820573506834,https://www.tiktok.com/@jellybil2/video/7687712820573506834
7690309851687177504,https://www.tiktok.com/@lilinaaz3/video/7690309851687177504
7682381792883543303,https://www.tiktok.com/@dophamino05/video/7682381792883543303
7688855379354062101,https://www.tiktok.com/@lolpiuyr/video/7688855379354062101
7682081587802000657,https://www.tiktok.com/@amme_u/video/7682081587802000657
7681331109640097046,https://www.tiktok.com/@lisamolkova/video/7681331109640097046
7685488361263467796,https://www.tiktok.com/@nicole_demyanova/video/7685488361263467796
7586537843141463318,https://www.tiktok.com/@aliibabbaaa1/video/7586537843141463318
7686569717745618194,https://www.tiktok.com/@rivami_/video/7686569717745618194
7633809238829075733,https://www.tiktok.com/@lerrushka/video/7633809238829075733
7671745989132307732,https://www.tiktok.com/@persmyka/video/7671745989132307732
7615338585952128287,https://www.tiktok.com/@kisik4579/video/7615338585952128287
7669080252651408662,https://www.tiktok.com/@kaspersky_ege/video/7669080252651408662
7681337657863015698,https://www.tiktok.com/@elite_ege/video/7681337657863015698
7600121126563417364,https://www.tiktok.com/@pochka_lilyi/video/7600121126563417364
7689069550297533718,https://www.tiktok.com/@schoollife6767/video/7689069550297533718
7689892758013709599,https://www.tiktok.com/@elenamarinina50/video/7689892758013709599
7625380677726326036,https://www.tiktok.com/@11ege1/video/7625380677726326036
7673146744036805889,https://www.tiktok.com/@_dashns/video/7673146744036805889
7688677462162689312,https://www.tiktok.com/@elizschk/video/7688677462162689312
7657719909698456850,https://www.tiktok.com/@himekxx/video/7657719909698456850
7688049403893910805,https://www.tiktok.com/@yap_pi/video/7688049403893910805
7626059794985618709,https://www.tiktok.com/@nesshwa3/video/7626059794985618709
7683589803346054420,https://www.tiktok.com/@100mrjxq/video/7683589803346054420
7637169420686691592,https://www.tiktok.com/@annxiouss_/video/7637169420686691592
7665286844082343190,https://www.tiktok.com/@linux16_18/video/7665286844082343190
7683489529914854688,https://www.tiktok.com/@kotuktom/video/7683489529914854688
7691055069277474068,https://www.tiktok.com/@mamhelp_10/video/7691055069277474068
7689954884447128853,https://www.tiktok.com/@arbu495/video/7689954884447128853
7684382586197806356,https://www.tiktok.com/@alinka_ege100/video/7684382586197806356
7663414326107131157,https://www.tiktok.com/@dynastiyko/video/7663414326107131157
7685042706304797968,https://www.tiktok.com/@sofya0758/video/7685042706304797968
7673092734449765663,https://www.tiktok.com/@triumph_online_school/video/7673092734449765663
7682808093599632671,https://www.tiktok.com/@karmazyao/video/7682808093599632671
7691080023289236756,https://www.tiktok.com/@wemlla4/video/7691080023289236756
7592984853654687032,https://www.tiktok.com/@chaykaa_v/video/7592984853654687032
7675639198619045141,https://www.tiktok.com/@virtoryy/video/7675639198619045141
7677192905903066381,https://www.tiktok.com/@mylt_rezko/video/7677192905903066381
7599955203818835222,https://www.tiktok.com/@kudlayoks/video/7599955203818835222
7643226674212916498,https://www.tiktok.com/@katya__sykesks/video/7643226674212916498
7691626792926563587,https://www.tiktok.com/@kaidose_neuro/video/7691626792926563587
7686927138930347284,https://www.tiktok.com/@labaluya_/video/7686927138930347284
7648182521888296214,https://www.tiktok.com/@polly_inside/video/7648182521888296214
7687724434353835286,https://www.tiktok.com/@ktchkw/video/7687724434353835286
7608990004504726786,https://www.tiktok.com/@elliveliam/video/7608990004504726786
7688990002490985748,https://www.tiktok.com/@ilcheg_cool/video/7688990002490985748
7681662246392597780,https://www.tiktok.com/@lina_educ/video/7681662246392597780
7682412559885929748,https://www.tiktok.com/@dushhw/video/7682412559885929748
7631623200211832085,https://www.tiktok.com/@vanilesy/video/7631623200211832085
7679757903623916820,https://www.tiktok.com/@dasheshh0hw/video/7679757903623916820
7674311346955062541,https://www.tiktok.com/@nanikoark/video/7674311346955062541
7689586370431520008,https://www.tiktok.com/@guteqwqq/video/7689586370431520008
7679713012478971157,https://www.tiktok.com/@astyyy112/video/7679713012478971157
7566129903251295509,https://www.tiktok.com/@aki77c/video/7566129903251295509
7681004380774190357,https://www.tiktok.com/@astetic762/video/7681004380774190357
7684860732592164117,https://www.tiktok.com/@tmedia.kg/video/7684860732592164117
7561295901344402720,https://www.tiktok.com/@_bakirov_goo/video/7561295901344402720
7673160410534546696,https://www.tiktok.com/@elvvvvl/video/7673160410534546696
7678960591452671240,https://www.tiktok.com/@cafe_imron/video/7678960591452671240
7683783645886188831,https://www.tiktok.com/@markett.sham7/video/7683783645886188831
7689108695724166420,https://www.tiktok.com/@user8045925283198/video/7689108695724166420
7673585357165808914,https://www.tiktok.com/@oyisha__brend/video/7673585357165808914
7682679643194936583,https://www.tiktok.com/@remont_lobovoy_osh/video/7682679643194936583
7614503457394838802,https://www.tiktok.com/@altyn_sakal/video/7614503457394838802
7686537390378470677,https://www.tiktok.com/@boronmedia1120/video/7686537390378470677
7655400718001556744,https://www.tiktok.com/@rayyona_orhideya/video/7655400718001556744
7682208422506597653,https://www.tiktok.com/@enesay_resto_bar/video/7682208422506597653
7626764216313203975,https://www.tiktok.com/@turgunai53/video/7626764216313203975
7684609323640605973,https://www.tiktok.com/@abdulloh_official3/video/7684609323640605973
7650931513327897877,https://www.tiktok.com/@kelebergile/video/7650931513327897877
7682495042304494880,https://www.tiktok.com/@sonkapatka/video/7682495042304494880
7689491820627102984,https://www.tiktok.com/@aralash_tw/video/7689491820627102984
7617163280359951638,https://www.tiktok.com/@zhoodarshukuraliev/video/7617163280359951638
7648113930673442068,https://www.tiktok.com/@wind_tv0/video/7648113930673442068
7665197079731375378,https://www.tiktok.com/@dlya.optovikov/video/7665197079731375378
7682385631644896529,https://www.tiktok.com/@ysakovrysbek/video/7682385631644896529
7689395031626501396,https://www.tiktok.com/@osh.kg_1/video/7689395031626501396
7664634188284415252,https://www.tiktok.com/@n_sh.001/video/7664634188284415252
7670961647984446738,https://www.tiktok.com/@paksoyen09/video/7670961647984446738
7646208686184074517,https://www.tiktok.com/@quest_osh/video/7646208686184074517
7667647018944187656,https://www.tiktok.com/@bagdai01/video/7667647018944187656
7655228464236301589,https://www.tiktok.com/@idstore.kg/video/7655228464236301589
7687550696962526465,https://www.tiktok.com/@ysakovrysbek/video/7687550696962526465
7632379316080266517,https://www.tiktok.com/@osh.kg_1/video/7632379316080266517
7585868263507201300,https://www.tiktok.com/@med1nka1/video/7585868263507201300
7652486200602742024,https://www.tiktok.com/@kalnura.review/video/7652486200602742024
7657574890433826068,https://www.tiktok.com/@quest_osh/video/7657574890433826068
7691129659735411975,https://www.tiktok.com/@lotohbbs7nq/video/7691129659735411975
7684274186298182933,https://www.tiktok.com/@osh_city/video/7684274186298182933
7658193143287893268,https://www.tiktok.com/@nazi02.03.90/video/7658193143287893268
7648722758397955349,https://www.tiktok.com/@ainuraegenberdiva/video/7648722758397955349
7671289250368851208,https://www.tiktok.com/@igrushkaosh_26/video/7671289250368851208
7688014660825566472,https://www.tiktok.com/@aralash_tw/video/7688014660825566472
7689839095190654216,https://www.tiktok.com/@0556959999d/video/7689839095190654216
7689740354668465414,https://www.tiktok.com/@0556959999d/video/7689740354668465414
7644921318697078049,https://www.tiktok.com/@ilmirakokoeva/video/7644921318697078049
7690776666842336513,https://www.tiktok.com/@sumaya.shop5/video/7690776666842336513
7688665878182858004,https://www.tiktok.com/@quest_osh/video/7688665878182858004
7581534677182303496,https://www.tiktok.com/@alimov.tv/video/7581534677182303496
7667956273719151880,https://www.tiktok.com/@start_stop_osh/video/7667956273719151880
7683884497724542215,https://www.tiktok.com/@homebek_/video/7683884497724542215
7589857051040386312,https://www.tiktok.com/@bekzad_azimov/video/7589857051040386312
7685718931516034324,https://www.tiktok.com/@quest_osh/video/7685718931516034324
7683790231060876552,https://www.tiktok.com/@homebek_/video/7683790231060876552
7691003109153246484,https://www.tiktok.com/@osh.kg_1/video/7691003109153246484
7629270373447765269,https://www.tiktok.com/@osh_city/video/7629270373447765269
7686430088111394070,https://www.tiktok.com/@user5148613282322/video/7686430088111394070
7690928797519990030,https://www.tiktok.com/@toshok_ordo/video/7690928797519990030
7678005021304360213,https://www.tiktok.com/@quest_osh/video/7678005021304360213
7606301609722678535,https://www.tiktok.com/@osh.kg_1/video/7606301609722678535
7674333464195288341,https://www.tiktok.com/@tagaev.055/video/7674333464195288341
7662438805755940117,https://www.tiktok.com/@alimov.tv/video/7662438805755940117
7686881461533953300,https://www.tiktok.com/@jantoroev7/video/7686881461533953300
7668259590173166856,https://www.tiktok.com/@igrushkaosh_26/video/7668259590173166856
7678323297607486740,https://www.tiktok.com/@natijnoy0551052250/video/7678323297607486740
7569519522521156876,https://www.tiktok.com/@tan.dauly/video/7569519522521156876
7686124005006953749,https://www.tiktok.com/@91_nyrgyl/video/7686124005006953749
7685385227207822625,https://www.tiktok.com/@chp_checchnya/video/7685385227207822625
7665303928203955472,https://www.tiktok.com/@politklinika/video/7665303928203955472
7678663093064387848,https://www.tiktok.com/@igrushkaosh_26/video/7678663093064387848
7689065141056392455,https://www.tiktok.com/@nurik.fu/video/7689065141056392455
7691350501035625729,https://www.tiktok.com/@oskonbay_dilishatov/video/7691350501035625729
7688403075157085458,https://www.tiktok.com/@physwithme/video/7688403075157085458
7688867939977628946,https://www.tiktok.com/@acya.new/video/7688867939977628946
7691261975057157384,https://www.tiktok.com/@polin.nixxq/video/7691261975057157384
7601890174842326280,https://www.tiktok.com/@mleemmmm/video/7601890174842326280
7655714743692594452,https://www.tiktok.com/@iqilebor/video/7655714743692594452
7687976246109736212,https://www.tiktok.com/@nootalk1/video/7687976246109736212
7648997055674748182,https://www.tiktok.com/@jjulw1s/video/7648997055674748182
7677695886251592981,https://www.tiktok.com/@sashylkaa/video/7677695886251592981
7648008857242946837,https://www.tiktok.com/@speakeasy___english/video/7648008857242946837
7685405579447110933,https://www.tiktok.com/@speakeasy___english/video/7685405579447110933
7690607266986298644,https://www.tiktok.com/@karimova5851/video/7690607266986298644
7566185738971155719,https://www.tiktok.com/@hello_nastena/video/7566185738971155719
7666572063196466462,https://www.tiktok.com/@mu.ma.ly/video/7666572063196466462
7680310819401387272,https://www.tiktok.com/@sd_ammk/video/7680310819401387272
7681216895126736135,https://www.tiktok.com/@focus.ua/video/7681216895126736135
7663207442703977748,https://www.tiktok.com/@speakeasy___english/video/7663207442703977748
7687965312410553601,https://www.tiktok.com/@sw1mq1/video/7687965312410553601
7672107962260884756,https://www.tiktok.com/@speakeasy___english/video/7672107962260884756
7690692020410551560,https://www.tiktok.com/@saik0.off1/video/7690692020410551560
7671728373219183893,https://www.tiktok.com/@speakeasy___english/video/7671728373219183893
7557011866833210679,https://www.tiktok.com/@reginagevorkyan/video/7557011866833210679
7686579714525236498,https://www.tiktok.com/@missbunny020809/video/7686579714525236498
7691573631775804692,https://www.tiktok.com/@ddd_5515/video/7691573631775804692
7691545119954128148,https://www.tiktok.com/@physics100b/video/7691545119954128148
7681973675867770132,https://www.tiktok.com/@kamillavalieva0/video/7681973675867770132
7689051207993822485,https://www.tiktok.com/@lizok140811/video/7689051207993822485
7662738748395883784,https://www.tiktok.com/@chem.family/video/7662738748395883784
7685636661799030038,https://www.tiktok.com/@alisamambo._/video/7685636661799030038
7681282935533882644,https://www.tiktok.com/@ww_qwe0ll/video/7681282935533882644
7621106132056034580,https://www.tiktok.com/@evachkaaar5/video/7621106132056034580
7578829892289154360,https://www.tiktok.com/@matveevi_ch/video/7578829892289154360
7608605671986171143,https://www.tiktok.com/@bulat100707/video/7608605671986171143
7683076347090046226,https://www.tiktok.com/@lunina.fam/video/7683076347090046226
7689492469867662613,https://www.tiktok.com/@himichka_el/video/7689492469867662613
7667606329900404001,https://www.tiktok.com/@mantlpp/video/7667606329900404001
7669807152751561998,https://www.tiktok.com/@r.rishe/video/7669807152751561998
7670224951818865942,https://www.tiktok.com/@fleur_d_orange_amarige/video/7670224951818865942
7672456294166465814,https://www.tiktok.com/@noo_max_/video/7672456294166465814
7690354451512692000,https://www.tiktok.com/@dari_da0/video/7690354451512692000
7688639875922644242,https://www.tiktok.com/@aanextt/video/7688639875922644242
7681552927080647957,https://www.tiktok.com/@d111vvvaa/video/7681552927080647957
7691814502903467272,https://www.tiktok.com/@user2741470736337/video/7691814502903467272
7681676050857774354,https://www.tiktok.com/@sasha999778/video/7681676050857774354
7687526203472891169,https://www.tiktok.com/@romanofx0np/video/7687526203472891169
7653092881850240270,https://www.tiktok.com/@wwerdf0/video/7653092881850240270
7608264448184225044,https://www.tiktok.com/@smrnvml/video/7608264448184225044
7608937607438896404,https://www.tiktok.com/@proger_/video/7608937607438896404
7681736243230543125,https://www.tiktok.com/@skrwqer/video/7681736243230543125
7687213026642119957,https://www.tiktok.com/@emolaughter/video/7687213026642119957
7682618530939882783,https://www.tiktok.com/@l.liumao/video/7682618530939882783
7689889846994783509,https://www.tiktok.com/@fanvladari0/video/7689889846994783509
7680490463526309141,https://www.tiktok.com/@vall_wqqq/video/7680490463526309141
7678288633446599967,https://www.tiktok.com/@tresouxu511/video/7678288633446599967
7675408014899154197,https://www.tiktok.com/@rivi521/video/7675408014899154197
7675430588748172564,https://www.tiktok.com/@rivi521/video/7675430588748172564
7677306080162057493,https://www.tiktok.com/@rivi521/video/7677306080162057493
7617159351878454530,https://www.tiktok.com/@obschdelo/video/7617159351878454530
7659115985797942550,https://www.tiktok.com/@useruser_d/video/7659115985797942550
7690558526527294740,https://www.tiktok.com/@ainuratt/video/7690558526527294740
7569689924509699340,https://www.tiktok.com/@fert.rbx/video/7569689924509699340
7670684744979451154,https://www.tiktok.com/@nadrugoiakk/video/7670684744979451154
7675791580992654610,https://www.tiktok.com/@nadrugoiakk/video/7675791580992654610
7676199471964900626,https://www.tiktok.com/@nadrugoiakk/video/7676199471964900626
7676168670346841362,https://www.tiktok.com/@nadrugoiakk/video/7676168670346841362
7663797349684088085,https://www.tiktok.com/@drzhhhhh/video/7663797349684088085
7575171203216788744,https://www.tiktok.com/@naxsanax/video/7575171203216788744
7633046726076599584,https://www.tiktok.com/@antipolit/video/7633046726076599584
7581890824938736904,https://www.tiktok.com/@englilizon/video/7581890824938736904
7691264586481274133,https://www.tiktok.com/@kisaa_meow_0/video/7691264586481274133
7691473252689956116,https://www.tiktok.com/@tpehep25/video/7691473252689956116
7691398631051513108,https://www.tiktok.com/@sonyasha01.0/video/7691398631051513108
7582653253637229842,https://www.tiktok.com/@detroittx/video/7582653253637229842
7691670005662125330,https://www.tiktok.com/@veranda.love/video/7691670005662125330
7689756289047563527,https://www.tiktok.com/@valeriamilash1/video/7689756289047563527
7690441431340666145,https://www.tiktok.com/@musorsaymon/video/7690441431340666145
7690662559434706197,https://www.tiktok.com/@d_titov/video/7690662559434706197
7681584512228166920,https://www.tiktok.com/@vasha_dinochka_/video/7681584512228166920
7682725238668414229,https://www.tiktok.com/@cs3r_cs2/video/7682725238668414229
7681700755228904725,https://www.tiktok.com/@alinka_belka5/video/7681700755228904725
7680656837028465951,https://www.tiktok.com/@boost_ege/video/7680656837028465951
7689792151147908382,https://www.tiktok.com/@elenamarinina50/video/7689792151147908382
7690853364417989896,https://www.tiktok.com/@lerchka001/video/7690853364417989896
7685228614123572501,https://www.tiktok.com/@moneymaker99979/video/7685228614123572501
7686601820810087698,https://www.tiktok.com/@evvvskiii/video/7686601820810087698
7679748341357382944,https://www.tiktok.com/@shemkana/video/7679748341357382944
7682789034548301074,https://www.tiktok.com/@sashka09mi/video/7682789034548301074
7685135039973182752,https://www.tiktok.com/@dari_da0/video/7685135039973182752
7680235881558756629,https://www.tiktok.com/@nootalk1/video/7680235881558756629
7659839982688914721,https://www.tiktok.com/@alinaaik/video/7659839982688914721
7686386150096801032,https://www.tiktok.com/@ellitutor/video/7686386150096801032
7690306559586405640,https://www.tiktok.com/@fpsniii/video/7690306559586405640
7691432139216129287,https://www.tiktok.com/@masha.mo00/video/7691432139216129287
7690621177332649223,https://www.tiktok.com/@tgumop7wucxx5/video/7690621177332649223
7681225925803003158,https://www.tiktok.com/@maksim_ability/video/7681225925803003158
7690667816751566081,https://www.tiktok.com/@arriska_mogaet_ege/video/7690667816751566081
7691713972294192417,https://www.tiktok.com/@surbiology_/video/7691713972294192417
7690596684967038238,https://www.tiktok.com/@elenamarinina50/video/7690596684967038238
7690486943083285781,https://www.tiktok.com/@nailushha/video/7690486943083285781
7690992807623888158,https://www.tiktok.com/@elenamarinina50/video/7690992807623888158
7691781357952945416,https://www.tiktok.com/@dashmish1/video/7691781357952945416
7691685566739533108,https://www.tiktok.com/@17sp2h8bxo403h3drv/video/7691685566739533108
7688406517044825364,https://www.tiktok.com/@l1.ittis0/video/7688406517044825364
7691768183677553951,https://www.tiktok.com/@elenamarinina50/video/7691768183677553951
7690857014938864914,https://www.tiktok.com/@sashka09mi/video/7690857014938864914
7691353150745365781,https://www.tiktok.com/@ggbbj63/video/7691353150745365781
7691778873553341727,https://www.tiktok.com/@elenamarinina50/video/7691778873553341727
7690661150949772551,https://www.tiktok.com/@lerchka001/video/7690661150949772551
7691360110362266912,https://www.tiktok.com/@surbiology_/video/7691360110362266912
7691589273337875745,https://www.tiktok.com/@surbiology_/video/7691589273337875745
7691689300252953876,https://www.tiktok.com/@iinatka/video/7691689300252953876
7691756738428669217,https://www.tiktok.com/@tatemlctr7d/video/7691756738428669217
7627865222551784724,https://www.tiktok.com/@aafrooditaa/video/7627865222551784724
7681699924563463446,https://www.tiktok.com/@maxfizik/video/7681699924563463446
7690220759402269959,https://www.tiktok.com/@amiffani/video/7690220759402269959
7676086040561569044,https://www.tiktok.com/@mashaoninternet/video/7676086040561569044
7690619724060806421,https://www.tiktok.com/@adikosh566/video/7690619724060806421
7689168421979819286,https://www.tiktok.com/@olyagloss6/video/7689168421979819286
7689402495654759732,https://www.tiktok.com/@promokodstandoof/video/7689402495654759732
7677282922252094741,https://www.tiktok.com/@serialtnt12/video/7677282922252094741
7690523146281094422,https://www.tiktok.com/@beamify.media/video/7690523146281094422
7659738489117871367,https://www.tiktok.com/@brend_stihi/video/7659738489117871367
7679981104048229653,https://www.tiktok.com/@promo.standoff2.hub/video/7679981104048229653
7691772198758927637,https://www.tiktok.com/@mueslibeforebedtime/video/7691772198758927637
7676798821665459477,https://www.tiktok.com/@plohi.sh/video/7676798821665459477
7678016621473959188,https://www.tiktok.com/@paramonova_as/video/7678016621473959188
7677467199161896210,https://www.tiktok.com/@dashasd_4/video/7677467199161896210
7690937439879286023,https://www.tiktok.com/@agiteree/video/7690937439879286023
7608633717409598727,https://www.tiktok.com/@lamarkovich/video/7608633717409598727
7675052495629978888,https://www.tiktok.com/@amdassador100/video/7675052495629978888
7566925732262251797,https://www.tiktok.com/@kaplan_psina/video/7566925732262251797
7621847342873890055,https://www.tiktok.com/@valentinitch/video/7621847342873890055
7679476484892871943,https://www.tiktok.com/@sigma.physicist/video/7679476484892871943
7656514971727138068,https://www.tiktok.com/@taiataisia.chisinau/video/7656514971727138068
7686345274909904129,https://www.tiktok.com/@kirusia7777/video/7686345274909904129
7676410034519117074,https://www.tiktok.com/@gym_nik7/video/7676410034519117074
7610831031465266464,https://www.tiktok.com/@marmmelada/video/7610831031465266464
7690204925774646536,https://www.tiktok.com/@egorcheg69/video/7690204925774646536
7623132854662221076,https://www.tiktok.com/@geelliina/video/7623132854662221076
7650761172496567572,https://www.tiktok.com/@lppd100/video/7650761172496567572
7673570029429869825,https://www.tiktok.com/@katebelec/video/7673570029429869825
7671937167052098838,https://www.tiktok.com/@darisha.here/video/7671937167052098838
7658333286875303191,https://www.tiktok.com/@cluds66/video/7658333286875303191
7616403416817880353,https://www.tiktok.com/@marinabiocore/video/7616403416817880353
7622620282347392263,https://www.tiktok.com/@ponchiklev/video/7622620282347392263
7690863189868711188,https://www.tiktok.com/@lppd100/video/7690863189868711188
7651656581410540821,https://www.tiktok.com/@maria_100b/video/7651656581410540821
7688799838107897121,https://www.tiktok.com/@its_eldos13/video/7688799838107897121
7623702128833482005,https://www.tiktok.com/@ispanskaya.lavka7/video/7623702128833482005
7601978577235545366,https://www.tiktok.com/@marishka0035/video/7601978577235545366
7616787195612990741,https://www.tiktok.com/@ispanskaya.lavka7/video/7616787195612990741
7675285772387257607,https://www.tiktok.com/@pihchaas/video/7675285772387257607
7615959433230830856,https://www.tiktok.com/@littlebodybigheart.1l/video/7615959433230830856
7690885105002335508,https://www.tiktok.com/@1mityaich/video/7690885105002335508
7626334112038554898,https://www.tiktok.com/@ponchiklev/video/7626334112038554898
7662783225651039508,https://www.tiktok.com/@mali589522/video/7662783225651039508
7684851307303243040,https://www.tiktok.com/@tt.osiyyaa/video/7684851307303243040
7627865579105373460,https://www.tiktok.com/@ponchiklev/video/7627865579105373460
7684435997689384200,https://www.tiktok.com/@neyxor.promo/video/7684435997689384200
7683180772584377618,https://www.tiktok.com/@vika.puzyreva/video/7683180772584377618
7681708749928615201,https://www.tiktok.com/@vigoniy_ygol/video/7681708749928615201
7646070808397352200,https://www.tiktok.com/@_apollinaria0607/video/7646070808397352200
7638930204538260743,https://www.tiktok.com/@stasechkaaaaaa/video/7638930204538260743
7689358177392921876,https://www.tiktok.com/@_soulful_kristi_/video/7689358177392921876
7631834118296243463,https://www.tiktok.com/@stasechkaaaaaa/video/7631834118296243463
7681778240746163474,https://www.tiktok.com/@work_otziv/video/7681778240746163474
7594456451284798722,https://www.tiktok.com/@cash_wave0/video/7594456451284798722
7666472315164658964,https://www.tiktok.com/@kimkelly07/video/7666472315164658964
7690111002846825749,https://www.tiktok.com/@mori.grinds/video/7690111002846825749
7689069608313130260,https://www.tiktok.com/@goblen323/video/7689069608313130260
7682086576230354196,https://www.tiktok.com/@vitalina_02/video/7682086576230354196
7684243494491278612,https://www.tiktok.com/@dmitrievaarina/video/7684243494491278612
7678985421073730849,https://www.tiktok.com/@emixmilaa/video/7678985421073730849
7691750698413018376,https://www.tiktok.com/@heysomee/video/7691750698413018376
7665400819096751382,https://www.tiktok.com/@flash_ege/video/7665400819096751382
7680106731434741014,https://www.tiktok.com/@flash_ege/video/7680106731434741014
7647554643861884167,https://www.tiktok.com/@vspilak/video/7647554643861884167
7674594529328041238,https://www.tiktok.com/@lelisavetaa/video/7674594529328041238
7668322094555467030,https://www.tiktok.com/@flash_ege/video/7668322094555467030
7686552910406225160,https://www.tiktok.com/@kibrish74/video/7686552910406225160
7670203364499541270,https://www.tiktok.com/@flash_ege/video/7670203364499541270
7690548615592283400,https://www.tiktok.com/@not.toshy/video/7690548615592283400
7677894633111784737,https://www.tiktok.com/@nessa_vva/video/7677894633111784737
7691360628325322016,https://www.tiktok.com/@wrtik11/video/7691360628325322016
7690982887465831700,https://www.tiktok.com/@awsofiii209/video/7690982887465831700
7603727413037534486,https://www.tiktok.com/@itsnaasst/video/7603727413037534486
7682709787519503636,https://www.tiktok.com/@lppd100/video/7682709787519503636
7690233547235314965,https://www.tiktok.com/@annzeet/video/7690233547235314965
7691797857686342944,https://www.tiktok.com/@ptsssska/video/7691797857686342944
7626121391443660046,https://www.tiktok.com/@ambassdor100/video/7626121391443660046
7691351171239398678,https://www.tiktok.com/@chefir65/video/7691351171239398678
7691424233146076434,https://www.tiktok.com/@100_balli/video/7691424233146076434
7690982316008590613,https://www.tiktok.com/@awsofiii209/video/7690982316008590613
7690254301704277270,https://www.tiktok.com/@100b_edit/video/7690254301704277270
7691356697025203477,https://www.tiktok.com/@ad1sey/video/7691356697025203477
7690985723465321748,https://www.tiktok.com/@piiiiuyo/video/7690985723465321748
7691730750890167585,https://www.tiktok.com/@mif100b/video/7691730750890167585
7691412887851535638,https://www.tiktok.com/@chefir65/video/7691412887851535638
7690844559038811412,https://www.tiktok.com/@100pointsambassador/video/7690844559038811412
7690533244642659604,https://www.tiktok.com/@biowithbear/video/7690533244642659604
7679807759591820565,https://www.tiktok.com/@katja_stroganova/video/7679807759591820565
7681640712793787669,https://www.tiktok.com/@himbiobro/video/7681640712793787669
7691686337413532948,https://www.tiktok.com/@ambassador404/video/7691686337413532948
7634251602865442070,https://www.tiktok.com/@flash_ege/video/7634251602865442070
7690326183468109074,https://www.tiktok.com/@dimamadrid511/video/7690326183468109074
7690617649847471382,https://www.tiktok.com/@100b_edit/video/7690617649847471382
7690487259358842134,https://www.tiktok.com/@cybermothhh/video/7690487259358842134
7691222552387128594,https://www.tiktok.com/@zubrbubrexe/video/7691222552387128594
7691638193841540372,https://www.tiktok.com/@_brrunette_/video/7691638193841540372
7691728805370531086,https://www.tiktok.com/@d819n/video/7691728805370531086
7690319331477048583,https://www.tiktok.com/@s11shhhhh/video/7690319331477048583
7687968191007460628,https://www.tiktok.com/@riya_moment/video/7687968191007460628
7690320050561076494,https://www.tiktok.com/@hurpogh/video/7690320050561076494
7691753364710886689,https://www.tiktok.com/@smesharikihedgehog01/video/7691753364710886689
7690437016869227783,https://www.tiktok.com/@alexaqhlnqm/video/7690437016869227783
7582987109410016519,https://www.tiktok.com/@_okokokokokok_7/video/7582987109410016519
7690408051207179542,https://www.tiktok.com/@kkkkwenx/video/7690408051207179542
7690340206142065940,https://www.tiktok.com/@lerlvn/video/7690340206142065940
7691757560440933653,https://www.tiktok.com/@kswww.ww/video/7691757560440933653
7691814235155877141,https://www.tiktok.com/@gurudar1a/video/7691814235155877141
7691611991655337234,https://www.tiktok.com/@100balnik1/video/7691611991655337234
7691809779848596769,https://www.tiktok.com/@tynaaa.51/video/7691809779848596769
7690190358315060498,https://www.tiktok.com/@heysomee/video/7690190358315060498
7690587383183559966,https://www.tiktok.com/@karmazyao/video/7690587383183559966
7690344576938167560,https://www.tiktok.com/@dimamadrid511/video/7690344576938167560
7689798509746244884,https://www.tiktok.com/@ad1sey/video/7689798509746244884
7679423128581311765,https://www.tiktok.com/@biowithbear/video/7679423128581311765
7691691312642297118,https://www.tiktok.com/@100b_amb111/video/7691691312642297118
7691180976403172630,https://www.tiktok.com/@annnn8409/video/7691180976403172630
7691054292509265160,https://www.tiktok.com/@tuh_kat/video/7691054292509265160
7691740793240833301,https://www.tiktok.com/@kamillavalieva0/video/7691740793240833301
7691828086437842197,https://www.tiktok.com/@ambassador404/video/7691828086437842197
7663957302638120213,https://www.tiktok.com/@xoblpoj/video/7663957302638120213
7691357782855027988,https://www.tiktok.com/@mirrrvass/video/7691357782855027988
7691061185986268423,https://www.tiktok.com/@grey1200/video/7691061185986268423
7691358259961171221,https://www.tiktok.com/@mirrrvass/video/7691358259961171221
7690683209163623713,https://www.tiktok.com/@100ballny/video/7690683209163623713
7691432979884772640,https://www.tiktok.com/@100bambassadorr/video/7691432979884772640
7690628217459232008,https://www.tiktok.com/@mashka_egeshka/video/7690628217459232008
7690919168874499348,https://www.tiktok.com/@ad1sey/video/7690919168874499348
7691352374006304006,https://www.tiktok.com/@mef_edrone/video/7691352374006304006
7689551240472136981,https://www.tiktok.com/@itiskroshik/video/7689551240472136981
7664573186675084562,https://www.tiktok.com/@quackeyg/video/7664573186675084562
7689459639708339477,https://www.tiktok.com/@ad1sey/video/7689459639708339477
7691726501447863560,https://www.tiktok.com/@knigina_nastasia/video/7691726501447863560
7687534601476082951,https://www.tiktok.com/@brit.tanya100/video/7687534601476082951
7689445976985160980,https://www.tiktok.com/@itiskroshik/video/7689445976985160980
7690204637122579745,https://www.tiktok.com/@mif100b/video/7690204637122579745
7618977880311221524,https://www.tiktok.com/@tyna.prvt/video/7618977880311221524
7670892222396599560,https://www.tiktok.com/@nastishka84/video/7670892222396599560
7690142046539058440,https://www.tiktok.com/@winmayi/video/7690142046539058440
7684398448149384480,https://www.tiktok.com/@dashkxzzz/video/7684398448149384480
7650761485089541384,https://www.tiktok.com/@sonick_life/video/7650761485089541384
7603083267239070996,https://www.tiktok.com/@neeeveeermiiind/video/7603083267239070996
7690664970845031686,https://www.tiktok.com/@profmat_god/video/7690664970845031686
7690423689199865102,https://www.tiktok.com/@prijut_nadejda/video/7690423689199865102
7645301987889827090,https://www.tiktok.com/@geo_polina.belovaa/video/7645301987889827090
7687617082334219528,https://www.tiktok.com/@spargha_qw/video/7687617082334219528
7583020648591543574,https://www.tiktok.com/@zhenya_math_/video/7583020648591543574
7686641392243772694,https://www.tiktok.com/@wiallesa/video/7686641392243772694
7625181744819342605,https://www.tiktok.com/@ekaterpro/video/7625181744819342605
7574502381728058680,https://www.tiktok.com/@fortune.pen/video/7574502381728058680
7689571046642437409,https://www.tiktok.com/@elizschk/video/7689571046642437409
7606732663235595538,https://www.tiktok.com/@yaninatarolog/video/7606732663235595538
7689477141875952914,https://www.tiktok.com/@astat53/video/7689477141875952914
7691765279394762006,https://www.tiktok.com/@jgfchtis5xg/video/7691765279394762006
7690200579380956436,https://www.tiktok.com/@selmlyyy/video/7690200579380956436
7690255916352015637,https://www.tiktok.com/@neeeveeermiiind/video/7690255916352015637
7690568975008140551,https://www.tiktok.com/@lena_e567/video/7690568975008140551
7688206573080005920,https://www.tiktok.com/@100ballsway/video/7688206573080005920
7691520176054881557,https://www.tiktok.com/@glavjas/video/7691520176054881557
7691771658436152577,https://www.tiktok.com/@love_100b_/video/7691771658436152577
7690202978971700512,https://www.tiktok.com/@mif100b/video/7690202978971700512
7687962461689040136,https://www.tiktok.com/@ice_creamka_love/video/7687962461689040136
7690646823186205974,https://www.tiktok.com/@ktchkw/video/7690646823186205974
7691323873874300178,https://www.tiktok.com/@eva.fink/video/7691323873874300178
7690199177170652434,https://www.tiktok.com/@lissskaaf/video/7690199177170652434
7690330802286120244,https://www.tiktok.com/@qweriii_7/video/7690330802286120244
7691616002647330056,https://www.tiktok.com/@studykot/video/7691616002647330056
7691558112897010964,https://www.tiktok.com/@xxx.durexx/video/7691558112897010964
7690308856261463310,https://www.tiktok.com/@writtyyq/video/7690308856261463310
7690679722694528264,https://www.tiktok.com/@qm1rs/video/7690679722694528264
7690231243857841430,https://www.tiktok.com/@bryanalevaaa/video/7690231243857841430
7690912894174727476,https://www.tiktok.com/@user8853352824610/video/7690912894174727476
7690619844470770977,https://www.tiktok.com/@mako100b/video/7690619844470770977
7688733594730106119,https://www.tiktok.com/@kalyvan819/video/7688733594730106119
7690304622153551124,https://www.tiktok.com/@0doooooob0/video/7690304622153551124
7689782176757337366,https://www.tiktok.com/@lizkaaashka/video/7689782176757337366
7690450890867723553,https://www.tiktok.com/@100brep_as/video/7690450890867723553
7690128453445651730,https://www.tiktok.com/@facttackk/video/7690128453445651730
7688020810090564871,https://www.tiktok.com/@arinka_5090/video/7688020810090564871
7691611380457229590,https://www.tiktok.com/@licvk3/video/7691611380457229590
7691381410019478816,https://www.tiktok.com/@useruser_d/video/7691381410019478816
7690904040032455966,https://www.tiktok.com/@hask8741/video/7690904040032455966
7691010879755668756,https://www.tiktok.com/@himbiobro/video/7691010879755668756
7690957848653696289,https://www.tiktok.com/@100ballnyu/video/7690957848653696289
7689853738286058773,https://www.tiktok.com/@yullmagiccc/video/7689853738286058773
7691063142209686804,https://www.tiktok.com/@sparrkkllle/video/7691063142209686804
7690713386413280533,https://www.tiktok.com/@mma_shka.li/video/7690713386413280533
7690218675823054094,https://www.tiktok.com/@veloaepriv/video/7690218675823054094
7690200871887719687,https://www.tiktok.com/@ilcheg/video/7690200871887719687
7690265783787588871,https://www.tiktok.com/@ilcheg/video/7690265783787588871
7685029103119912212,https://www.tiktok.com/@yanhikss/video/7685029103119912212
7690119942297128212,https://www.tiktok.com/@100bambassador/video/7690119942297128212
7690672819256003853,https://www.tiktok.com/@aurudij/video/7690672819256003853
7690230049382960405,https://www.tiktok.com/@lppd100/video/7690230049382960405
7691293760554142998,https://www.tiktok.com/@linux16_18/video/7691293760554142998
7690231443087314190,https://www.tiktok.com/@andrey_0.0.9/video/7690231443087314190
7689838283014130962,https://www.tiktok.com/@astat53/video/7689838283014130962
7691270821846863126,https://www.tiktok.com/@100brulit/video/7691270821846863126
7689850326966488341,https://www.tiktok.com/@sissldlekedod/video/7689850326966488341
7690923043069103393,https://www.tiktok.com/@tututuyyyt/video/7690923043069103393
7691251161407474950,https://www.tiktok.com/@leonidack16/video/7691251161407474950
7690302759555435796,https://www.tiktok.com/@adequate_nomad/video/7690302759555435796
7691362061787417862,https://www.tiktok.com/@astat53/video/7691362061787417862
7689392048708930829,https://www.tiktok.com/@homik3058/video/7689392048708930829
7690312353937673493,https://www.tiktok.com/@leonidack16/video/7690312353937673493
7689252389714414869,https://www.tiktok.com/@mma_shka.li/video/7689252389714414869
7687641333179125013,https://www.tiktok.com/@lizkaiovvv2/video/7687641333179125013
7690358502958566657,https://www.tiktok.com/@drshkq/video/7690358502958566657
7691713269425294614,https://www.tiktok.com/@schoollife6767/video/7691713269425294614
7689135292959231262,https://www.tiktok.com/@vintssdv/video/7689135292959231262
7691417463187115271,https://www.tiktok.com/@s11shhhhh/video/7691417463187115271
7689522955826515232,https://www.tiktok.com/@fan100ball/video/7689522955826515232
7691740571169328398,https://www.tiktok.com/@julia.tza/video/7691740571169328398
7689495074375208200,https://www.tiktok.com/@studykot/video/7689495074375208200
7689975963668647189,https://www.tiktok.com/@mma_shka.li/video/7689975963668647189
7691724217435360545,https://www.tiktok.com/@vvvmmmb/video/7691724217435360545
7691441210598116629,https://www.tiktok.com/@mma_shka.li/video/7691441210598116629
7691418799362329876,https://www.tiktok.com/@itiskroshik/video/7691418799362329876
7690620521956019489,https://www.tiktok.com/@100ballnyu/video/7690620521956019489
7691762152935296270,https://www.tiktok.com/@leskin100p/video/7691762152935296270
7691765866081389857,https://www.tiktok.com/@useruser_d/video/7691765866081389857
7689459835649133845,https://www.tiktok.com/@ggfix84/video/7689459835649133845
7690388949101104405,https://www.tiktok.com/@nsttttty/video/7690388949101104405
7688750791175179542,https://www.tiktok.com/@dkisalv/video/7688750791175179542
7690282265921735943,https://www.tiktok.com/@alenocxsiiis/video/7690282265921735943
7648973039870151954,https://www.tiktok.com/@d1kww52/video/7648973039870151954
7690333047027272992,https://www.tiktok.com/@ambassadorka100b/video/7690333047027272992
7685074125336907040,https://www.tiktok.com/@fanfaron97/video/7685074125336907040
7690583307322428674,https://www.tiktok.com/@experiment_arium/video/7690583307322428674
7690956831849565460,https://www.tiktok.com/@napolskaya_kseniya/video/7690956831849565460
7688802276151987477,https://www.tiktok.com/@chilllclass/video/7688802276151987477
7691442475298278659,https://www.tiktok.com/@nikiigang/video/7691442475298278659
7690931518214016263,https://www.tiktok.com/@valentinitch/video/7690931518214016263
7690824294707907873,https://www.tiktok.com/@mif100b/video/7690824294707907873
7691422844537900301,https://www.tiktok.com/@leskin100p/video/7691422844537900301
7690459215474756884,https://www.tiktok.com/@glavjas/video/7690459215474756884
7691326103453060385,https://www.tiktok.com/@mif100b/video/7691326103453060385
7690128663320284437,https://www.tiktok.com/@mfndjkt/video/7690128663320284437
7689869606198103316,https://www.tiktok.com/@smartr1na/video/7689869606198103316
7690298476860591380,https://www.tiktok.com/@egkforever/video/7690298476860591380
7690936378426658062,https://www.tiktok.com/@maashonkinss/video/7690936378426658062
7691595840929991958,https://www.tiktok.com/@linux16_18/video/7691595840929991958
7690645437153332501,https://www.tiktok.com/@pereczzz/video/7690645437153332501
7690657697221463329,https://www.tiktok.com/@useruser_d/video/7690657697221463329
7691243562205334817,https://www.tiktok.com/@solomiiadnipro/video/7691243562205334817
7691048803935194400,https://www.tiktok.com/@romanovna_romanov/video/7691048803935194400
7690238143878024469,https://www.tiktok.com/@a7634435/video/7690238143878024469
7689125762510671125,https://www.tiktok.com/@pleasegofuck/video/7689125762510671125
7690304639262084365,https://www.tiktok.com/@andrey_0.0.9/video/7690304639262084365
7689406729666219294,https://www.tiktok.com/@ewwwnn_/video/7689406729666219294
7687968536504995093,https://www.tiktok.com/@business_cats17/video/7687968536504995093
7690343089164012814,https://www.tiktok.com/@leskin100p/video/7690343089164012814
7691365522654481672,https://www.tiktok.com/@kristya_0_0/video/7691365522654481672
7691601039929167126,https://www.tiktok.com/@chooosy/video/7691601039929167126
7652090369680624903,https://www.tiktok.com/@averxxx/video/7652090369680624903
7690657970127998241,https://www.tiktok.com/@useruser_d/video/7690657970127998241
7691009143368322336,https://www.tiktok.com/@useruser_d/video/7691009143368322336
7690289480149781780,https://www.tiktok.com/@sonixserr/video/7690289480149781780
7690189762514210055,https://www.tiktok.com/@moonminli/video/7690189762514210055
7691752123700317442,https://www.tiktok.com/@100brulit/video/7691752123700317442
7690496420029271304,https://www.tiktok.com/@studykot/video/7690496420029271304
7691383871375559969,https://www.tiktok.com/@100ballsway/video/7691383871375559969
7690358977439206677,https://www.tiktok.com/@mma_shka.li/video/7690358977439206677
7691405627452771605,https://www.tiktok.com/@kamillavalieva0/video/7691405627452771605
7690980248896392466,https://www.tiktok.com/@studykot/video/7690980248896392466
7691311316392283444,https://www.tiktok.com/@_brrunette_/video/7691311316392283444
7690341986418593032,https://www.tiktok.com/@tommy_17_05/video/7690341986418593032
7690619099239533846,https://www.tiktok.com/@100b_edit/video/7690619099239533846
7690341500751727893,https://www.tiktok.com/@neeeveeermiiind/video/7690341500751727893
7690841549504138517,https://www.tiktok.com/@mma_shka.li/video/7690841549504138517
7691565902822722837,https://www.tiktok.com/@biochem_girl/video/7691565902822722837
7690147870791552274,https://www.tiktok.com/@studykot/video/7690147870791552274
7691320929514753287,https://www.tiktok.com/@prosto746/video/7691320929514753287
7691199120853290260,https://www.tiktok.com/@maria_100b/video/7691199120853290260
7691284045040291104,https://www.tiktok.com/@100b.ambassador.f/video/7691284045040291104
7689123700544654625,https://www.tiktok.com/@vvvmmmb/video/7689123700544654625
7690090177062096136,https://www.tiktok.com/@prosto746/video/7690090177062096136
7691422767140326677,https://www.tiktok.com/@kamillavalieva0/video/7691422767140326677
7691695114191654166,https://www.tiktok.com/@fanfaron97/video/7691695114191654166
7691804954608143649,https://www.tiktok.com/@pikachy971/video/7691804954608143649
7604157135739456788,https://www.tiktok.com/@firdavs_534/video/7604157135739456788
7647124521912241415,https://www.tiktok.com/@glow.risha/video/7647124521912241415
7658659839551245599,https://www.tiktok.com/@l1rikin_/video/7658659839551245599
7628537096336084246,https://www.tiktok.com/@maria_utyanulo/video/7628537096336084246
7670169904867249429,https://www.tiktok.com/@aissikaa/video/7670169904867249429
7626315898780945686,https://www.tiktok.com/@gde.ya.nah/video/7626315898780945686
7660898745545952520,https://www.tiktok.com/@glow.risha/video/7660898745545952520
7685777226985442593,https://www.tiktok.com/@dhcyb3/video/7685777226985442593
7586338622211656976,https://www.tiktok.com/@martavlog.su/video/7586338622211656976
7679048500432211231,https://www.tiktok.com/@user48t5vvug15/video/7679048500432211231
7690639714314947861,https://www.tiktok.com/@vanilesy/video/7690639714314947861
7613795379754323221,https://www.tiktok.com/@usjjdhdb3/video/7613795379754323221
7673802688571673876,https://www.tiktok.com/@vasili3s80/video/7673802688571673876
7651277527960325397,https://www.tiktok.com/@luckilyxxx/video/7651277527960325397
7677089531220249874,https://www.tiktok.com/@moment077/video/7677089531220249874
7667227701505199368,https://www.tiktok.com/@varik_25072013/video/7667227701505199368
7684326839858334994,https://www.tiktok.com/@user3985375665694/video/7684326839858334994
7674168000928386324,https://www.tiktok.com/@kalam.shk/video/7674168000928386324
7686844042692316437,https://www.tiktok.com/@saltoshk/video/7686844042692316437
7689862677677575476,https://www.tiktok.com/@pafos406/video/7689862677677575476
7582516260882173202,https://www.tiktok.com/@aikuusyaa/video/7582516260882173202
7572498373660445972,https://www.tiktok.com/@.err85/video/7572498373660445972
7677256206028737806,https://www.tiktok.com/@mahhhash/video/7677256206028737806
7569548138176974091,https://www.tiktok.com/@wadik1986makarevich/video/7569548138176974091
7653406465163824404,https://www.tiktok.com/@mdn.madok/video/7653406465163824404
7680149200562081032,https://www.tiktok.com/@kiskis_lina/video/7680149200562081032
7665779854180175111,https://www.tiktok.com/@sadybayeva7/video/7665779854180175111
7688654115139898657,https://www.tiktok.com/@wqflol/video/7688654115139898657
7686490980274425110,https://www.tiktok.com/@1o3eroff/video/7686490980274425110
7679754193246194960,https://www.tiktok.com/@aidellee7/video/7679754193246194960
7674400229344529684,https://www.tiktok.com/@yeel.ka/video/7674400229344529684
7686042630140054802,https://www.tiktok.com/@fugaaaw.657/video/7686042630140054802
7683896615312133394,https://www.tiktok.com/@lizok.rudik/video/7683896615312133394
7683953768727104769,https://www.tiktok.com/@evelllllinkis/video/7683953768727104769
7681748250256297248,https://www.tiktok.com/@mmm_6172/video/7681748250256297248
7676832862288629013,https://www.tiktok.com/@balnur.beibitkyzy/video/7676832862288629013
7679550493214936341,https://www.tiktok.com/@hovannisyan95/video/7679550493214936341
7682832182569618695,https://www.tiktok.com/@katiks677/video/7682832182569618695
7635190702044908820,https://www.tiktok.com/@kirillkhaev/video/7635190702044908820
7685650770850549000,https://www.tiktok.com/@kyrgyzeda/video/7685650770850549000
7670155823045299476,https://www.tiktok.com/@.mueowe/video/7670155823045299476
7639443751198412064,https://www.tiktok.com/@amii_nias/video/7639443751198412064
7690602134106066208,https://www.tiktok.com/@chaynichek/video/7690602134106066208
7670872524250451233,https://www.tiktok.com/@ww3_tiktok/video/7670872524250451233
7691808836914564370,https://www.tiktok.com/@pokrov/video/7691808836914564370
7691368158967500040,https://www.tiktok.com/@maxim_golopolosov/video/7691368158967500040
7690572032224005409,https://www.tiktok.com/@tvoibratmarat/video/7690572032224005409
7679890843485981970,https://www.tiktok.com/@nastix533/video/7679890843485981970
7652869819808681236,https://www.tiktok.com/@toleutai.a1/video/7652869819808681236
7661918014203235592,https://www.tiktok.com/@paradists_rgakaa/video/7661918014203235592
7684688139461463309,https://www.tiktok.com/@vuge.dush1/video/7684688139461463309
7618907478373174550,https://www.tiktok.com/@sanasol13/video/7618907478373174550
7668229458255498517,https://www.tiktok.com/@miron.megalodon/video/7668229458255498517
7674673485960039694,https://www.tiktok.com/@notsofia673/video/7674673485960039694
7661355067777240338,https://www.tiktok.com/@tursynnovaas_/video/7661355067777240338
7689142182162304288,https://www.tiktok.com/@fitail23/video/7689142182162304288
7690525315709357320,https://www.tiktok.com/@rad1umnew/video/7690525315709357320
7674672875927866657,https://www.tiktok.com/@lekawww1/video/7674672875927866657
7686887584701615392,https://www.tiktok.com/@taisyon08/video/7686887584701615392
7589654001201777927,https://www.tiktok.com/@klin.money4/video/7589654001201777927
7679720373704740103,https://www.tiktok.com/@user4666530281877/video/7679720373704740103
7673516736154488072,https://www.tiktok.com/@kayser907/video/7673516736154488072
7678233521978215700,https://www.tiktok.com/@ksuzy13/video/7678233521978215700
7622206601692253460,https://www.tiktok.com/@rabotokdj/video/7622206601692253460
7664223094923398422,https://www.tiktok.com/@dariaa_408/video/7664223094923398422
7606717060646784274,https://www.tiktok.com/@user71931719443650/video/7606717060646784274
7598533118353624342,https://www.tiktok.com/@xrwwa/video/7598533118353624342
7673479034705136928,https://www.tiktok.com/@ywuchaos_/video/7673479034705136928
7601956579818179848,https://www.tiktok.com/@zetaho890/video/7601956579818179848
7689956539829931271,https://www.tiktok.com/@kayser907/video/7689956539829931271
7690214642898963764,https://www.tiktok.com/@www.dark77/video/7690214642898963764
7673800717961792801,https://www.tiktok.com/@ywuchaos_/video/7673800717961792801
7681372789978238239,https://www.tiktok.com/@vishenka596742/video/7681372789978238239
7573275529453800726,https://www.tiktok.com/@chanel_66666666/video/7573275529453800726
7671374354776722696,https://www.tiktok.com/@omendevice/video/7671374354776722696
7688691886944554247,https://www.tiktok.com/@rusl4252/video/7688691886944554247
7682846093994151189,https://www.tiktok.com/@okasy1/video/7682846093994151189
7679304082078584072,https://www.tiktok.com/@ameba5554/video/7679304082078584072
7651195429547199762,https://www.tiktok.com/@last.noch/video/7651195429547199762
7679132205733399816,https://www.tiktok.com/@evahzhz/video/7679132205733399816
7610441136385133854,https://www.tiktok.com/@interestingmarket_1/video/7610441136385133854
7676419104823102738,https://www.tiktok.com/@sensulu.team/video/7676419104823102738
7686448746657484053,https://www.tiktok.com/@dashakutok/video/7686448746657484053
7689777959003082004,https://www.tiktok.com/@sweetsxx16/video/7689777959003082004
7685439852304780565,https://www.tiktok.com/@milane3992/video/7685439852304780565
7642358980081224967,https://www.tiktok.com/@qqdopamine/video/7642358980081224967
7691610777865784594,https://www.tiktok.com/@liduxanchik/video/7691610777865784594
7688028548073803030,https://www.tiktok.com/@user9k2fffns7w/video/7688028548073803030
7689731032400006406,https://www.tiktok.com/@vovagirko/video/7689731032400006406
7609318962664394005,https://www.tiktok.com/@kakiwka999/video/7609318962664394005
7652359382692318485,https://www.tiktok.com/@vk_krise_/video/7652359382692318485
7681019392297159943,https://www.tiktok.com/@salz.xdd/video/7681019392297159943
7680253439930010887,https://www.tiktok.com/@salz.xdd/video/7680253439930010887
7652719087499463957,https://www.tiktok.com/@krame_mixes2/video/7652719087499463957
7684998441088355604,https://www.tiktok.com/@motoblokandmotviii/video/7684998441088355604
7668744763717324053,https://www.tiktok.com/@callmehnever/video/7668744763717324053
7680835123687787794,https://www.tiktok.com/@zhetisaybanka/video/7680835123687787794
7687968444624407828,https://www.tiktok.com/@savdein5/video/7687968444624407828
7657654322125393173,https://www.tiktok.com/@msx_ayaz/video/7657654322125393173
7688493480607370517,https://www.tiktok.com/@markr2575/video/7688493480607370517
7671265393335373077,https://www.tiktok.com/@spritesoprite/video/7671265393335373077
7667634424174890258,https://www.tiktok.com/@everwess/video/7667634424174890258
7667830221214682388,https://www.tiktok.com/@cmoosnik/video/7667830221214682388
7681740365040192789,https://www.tiktok.com/@kiffance/video/7681740365040192789
7662740982877654290,https://www.tiktok.com/@fugabotik/video/7662740982877654290
7677601136311880981,https://www.tiktok.com/@user6167681204185/video/7677601136311880981
7689131253001506078,https://www.tiktok.com/@danahomieboss/video/7689131253001506078
7665766094099057928,https://www.tiktok.com/@likaaawwwww1/video/7665766094099057928
7690589158334614804,https://www.tiktok.com/@partofaloe/video/7690589158334614804
7679791445917715732,https://www.tiktok.com/@floating_katy/video/7679791445917715732
7677597943968419092,https://www.tiktok.com/@batyutina.beauty/video/7677597943968419092
7667492792733682977,https://www.tiktok.com/@olimpiadnik_com/video/7667492792733682977
7665645127834012949,https://www.tiktok.com/@na.dom.svyazi/video/7665645127834012949
7665335733770521877,https://www.tiktok.com/@rollingmoto/video/7665335733770521877
7577090081014484232,https://www.tiktok.com/@dissixgg/video/7577090081014484232
7687935542914272530,https://www.tiktok.com/@glubzebaikala/video/7687935542914272530
7686792426022882581,https://www.tiktok.com/@plus__vibe1/video/7686792426022882581
7602919444138020118,https://www.tiktok.com/@keshageshaa/video/7602919444138020118
7663164296813235464,https://www.tiktok.com/@marishkaa._/video/7663164296813235464
7675405687815474446,https://www.tiktok.com/@peoples_for_peoples/video/7675405687815474446
7663561743758593288,https://www.tiktok.com/@xel1l0/video/7663561743758593288
7689138873850465556,https://www.tiktok.com/@juli.karimova9/video/7689138873850465556
7623964145745939720,https://www.tiktok.com/@us55l5/video/7623964145745939720
7686805250904296734,https://www.tiktok.com/@kroott000/video/7686805250904296734
7599309491095489814,https://www.tiktok.com/@demal.osh/video/7599309491095489814
7663779017832680718,https://www.tiktok.com/@semechkaww/video/7663779017832680718
7691303265174080801,https://www.tiktok.com/@poliks_lollipop/video/7691303265174080801
7685763743074110728,https://www.tiktok.com/@lifegoodd/video/7685763743074110728
7661175723234970887,https://www.tiktok.com/@mumrya/video/7661175723234970887
7660165715466603797,https://www.tiktok.com/@bashtakg/video/7660165715466603797
7640044690808556820,https://www.tiktok.com/@pensionerlager/video/7640044690808556820
7691748097059228936,https://www.tiktok.com/@othertechtok/video/7691748097059228936
7690541146191285511,https://www.tiktok.com/@ananas__70/video/7690541146191285511
7690319539539692822,https://www.tiktok.com/@m.lovv3/video/7690319539539692822
7691676617868954900,https://www.tiktok.com/@alinasergeevna__/video/7691676617868954900
7691321714227072263,https://www.tiktok.com/@ne30330/video/7691321714227072263
7667968126117514504,https://www.tiktok.com/@tanya_kaiser/video/7667968126117514504
7690254513030106388,https://www.tiktok.com/@the.arrinau/video/7690254513030106388
7671904022541946142,https://www.tiktok.com/@redlanguagecenter/video/7671904022541946142
7673167107072298241,https://www.tiktok.com/@ayyyzereerex/video/7673167107072298241
7667737420334517524,https://www.tiktok.com/@.20268416/video/7667737420334517524
7690597878284406024,https://www.tiktok.com/@mama_imperator1/video/7690597878284406024
7691350034394172685,https://www.tiktok.com/@zandatsu/video/7691350034394172685
7670908743642582304,https://www.tiktok.com/@tvoryga_/video/7670908743642582304
7690647488520310049,https://www.tiktok.com/@sofialzr1ja/video/7690647488520310049
7690679845776330036,https://www.tiktok.com/@xdhkaaaa/video/7690679845776330036
7687311627003235592,https://www.tiktok.com/@mua_mari_/video/7687311627003235592
7691365261068340513,https://www.tiktok.com/@akula8877/video/7691365261068340513
7680599796708543764,https://www.tiktok.com/@masyanyaanechka/video/7680599796708543764
7691389424302607636,https://www.tiktok.com/@mulan_171/video/7691389424302607636
7691173189686217992,https://www.tiktok.com/@qte_4001/video/7691173189686217992
7691198546896342290,https://www.tiktok.com/@tanusha_110380/video/7691198546896342290
7663767809779944724,https://www.tiktok.com/@keyscasee/video/7663767809779944724
7597055589272898827,https://www.tiktok.com/@uliankas.life/video/7597055589272898827
7690846908167769352,https://www.tiktok.com/@arina___mom3/video/7690846908167769352
7604726012588461333,https://www.tiktok.com/@intim_cosmetika/video/7604726012588461333
7677084321949224212,https://www.tiktok.com/@avto_fonari/video/7677084321949224212
7690877001044987144,https://www.tiktok.com/@marina.ps4/video/7690877001044987144
7685686058104687880,https://www.tiktok.com/@01j4x/video/7685686058104687880
7654242938792234273,https://www.tiktok.com/@lenakvanina/video/7654242938792234273
7688750115401583893,https://www.tiktok.com/@sabinanerus/video/7688750115401583893
7691224611391868167,https://www.tiktok.com/@checkit_media/video/7691224611391868167
7610166849199705364,https://www.tiktok.com/@mazzasini.koramiz6/video/7610166849199705364
7684729358140984590,https://www.tiktok.com/@bratva2848/video/7684729358140984590
7690679375540391188,https://www.tiktok.com/@zh_marzhan83/video/7690679375540391188
7667507147697179924,https://www.tiktok.com/@i4na.lux/video/7667507147697179924
7691701657112988980,https://www.tiktok.com/@k500bk/video/7691701657112988980
7689490525128330516,https://www.tiktok.com/@jemchug.osh/video/7689490525128330516
7584366139292060984,https://www.tiktok.com/@theunseenstar1/video/7584366139292060984
7683450157559532821,https://www.tiktok.com/@nikolas.diplomat/video/7683450157559532821
7629837546654076167,https://www.tiktok.com/@school_1_05/video/7629837546654076167
7680418630701452565,https://www.tiktok.com/@its_h.ann.a/video/7680418630701452565
7690515453747170561,https://www.tiktok.com/@mr_noob_45/video/7690515453747170561
7675057203925011732,https://www.tiktok.com/@melnihenko1/video/7675057203925011732
7610013469143731464,https://www.tiktok.com/@9b_class/video/7610013469143731464
7691698851031420181,https://www.tiktok.com/@dokuzgengstaa/video/7691698851031420181
7680556506852461845,https://www.tiktok.com/@_melsova/video/7680556506852461845
7676146248482704647,https://www.tiktok.com/@_.yancha._/video/7676146248482704647
7647098686576577813,https://www.tiktok.com/@uley_school/video/7647098686576577813
7651762421761084695,https://www.tiktok.com/@nocta.pc/video/7651762421761084695
7569920404328828216,https://www.tiktok.com/@uley_school/video/7569920404328828216
7682372521085226261,https://www.tiktok.com/@uley_school/video/7682372521085226261
7678372366958841106,https://www.tiktok.com/@dur_alin/video/7678372366958841106
7680973415985007905,https://www.tiktok.com/@anast.bes/video/7680973415985007905
7690277517663489301,https://www.tiktok.com/@vaskovskaya.n/video/7690277517663489301
7690973786241338631,https://www.tiktok.com/@cvaaat/video/7690973786241338631
7632267503514766610,https://www.tiktok.com/@ntlerq/video/7632267503514766610
7566183526584945934,https://www.tiktok.com/@nika..nik1/video/7566183526584945934
7595776248219962680,https://www.tiktok.com/@fxcar22852/video/7595776248219962680
7690254589420981537,https://www.tiktok.com/@amikow736/video/7690254589420981537
7691419591657934098,https://www.tiktok.com/@poli_hello0/video/7691419591657934098
7691730557864037664,https://www.tiktok.com/@cen1n/video/7691730557864037664
7689844899801337118,https://www.tiktok.com/@amirka_insight/video/7689844899801337118
7649111583267900679,https://www.tiktok.com/@lebedev.magazin/video/7649111583267900679
7675645159199067425,https://www.tiktok.com/@_787461/video/7675645159199067425
7680923453767027990,https://www.tiktok.com/@mppgrl_/video/7680923453767027990
7689395033518361874,https://www.tiktok.com/@eg0rch1ko_o/video/7689395033518361874
7690134101935787282,https://www.tiktok.com/@saasaqq/video/7690134101935787282
7678745300567084306,https://www.tiktok.com/@esenia.barbie/video/7678745300567084306
7678065658038439175,https://www.tiktok.com/@..ksenon_/video/7678065658038439175
7690887032737975559,https://www.tiktok.com/@room.real1/video/7690887032737975559
7689826568507493650,https://www.tiktok.com/@elz.veta/video/7689826568507493650
7690184718888799508,https://www.tiktok.com/@neki_meowix/video/7690184718888799508
7676203575285943554,https://www.tiktok.com/@natali.sineok_/video/7676203575285943554
7681393152225398037,https://www.tiktok.com/@alexei0161/video/7681393152225398037
7687570690337246471,https://www.tiktok.com/@urushanov_emil_/video/7687570690337246471
7691636806214864135,https://www.tiktok.com/@apex.peakmaxxing/video/7691636806214864135
7676081571144731926,https://www.tiktok.com/@ushastiyy/video/7676081571144731926
7689062393124752641,https://www.tiktok.com/@twitchevil/video/7689062393124752641
7689426010168659207,https://www.tiktok.com/@urushanov_emil_/video/7689426010168659207
7683883077621288224,https://www.tiktok.com/@plebey.ebana/video/7683883077621288224
7689130578150591762,https://www.tiktok.com/@kopzzero/video/7689130578150591762
7689744071086132511,https://www.tiktok.com/@devisdevian/video/7689744071086132511
7691369421968887062,https://www.tiktok.com/@twolirr/video/7691369421968887062
7690098238942137608,https://www.tiktok.com/@pusheennnn89/video/7690098238942137608
7661044490022456596,https://www.tiktok.com/@hightdash/video/7661044490022456596
7660626327417949460,https://www.tiktok.com/@lomakinal/video/7660626327417949460
7676476902290296086,https://www.tiktok.com/@marta_life_journal/video/7676476902290296086
7632212144527772946,https://www.tiktok.com/@zoyakuts/video/7632212144527772946
7687340172144413970,https://www.tiktok.com/@luchira1/video/7687340172144413970
7672716343745023254,https://www.tiktok.com/@marta_life_journal/video/7672716343745023254
7679888091238141204,https://www.tiktok.com/@irinkka706/video/7679888091238141204
7691171491882306836,https://www.tiktok.com/@abazovradik/video/7691171491882306836
7687092251759037716,https://www.tiktok.com/@gg.med.clips/video/7687092251759037716
7685997404193164565,https://www.tiktok.com/@yui.so7t/video/7685997404193164565
7656529560950869269,https://www.tiktok.com/@qart000p/video/7656529560950869269
7658905229743721749,https://www.tiktok.com/@alepaint2004/video/7658905229743721749
7690233070414351648,https://www.tiktok.com/@miki_and_malysz/video/7690233070414351648
7690971969881246977,https://www.tiktok.com/@why_not_academy/video/7690971969881246977
7690944617868430613,https://www.tiktok.com/@wiqxx.vvl/video/7690944617868430613
7691298110416375061,https://www.tiktok.com/@wiqxx.vvl/video/7691298110416375061
7689950082292108562,https://www.tiktok.com/@tiam.ru/video/7689950082292108562
7682802743320399124,https://www.tiktok.com/@vitalya_coin/video/7682802743320399124
7691042774245821716,https://www.tiktok.com/@ignatiska/video/7691042774245821716
7691376184596122888,https://www.tiktok.com/@sakyra67676767/video/7691376184596122888
7558263813758307591,https://www.tiktok.com/@mikaellochkaa/video/7558263813758307591
7577669615094877452,https://www.tiktok.com/@vetiksks/video/7577669615094877452
7616002877626092807,https://www.tiktok.com/@asya_gey/video/7616002877626092807
7594558029027134732,https://www.tiktok.com/@liiinusha/video/7594558029027134732
7691782931651644680,https://www.tiktok.com/@talant793/video/7691782931651644680
7638243717832330516,https://www.tiktok.com/@bem.055/video/7638243717832330516
7681299284901367058,https://www.tiktok.com/@kaspella_04/video/7681299284901367058
7678569472071961863,https://www.tiktok.com/@egovpress/video/7678569472071961863
7690250732984880391,https://www.tiktok.com/@dityagod3/video/7690250732984880391
7690788427683335444,https://www.tiktok.com/@umutbek82/video/7690788427683335444
7681638852489989384,https://www.tiktok.com/@pulse.kg/video/7681638852489989384
7688673464525327636,https://www.tiktok.com/@birinchi_kg/video/7688673464525327636
7596292173528648968,https://www.tiktok.com/@osh_ship_anon_batl/video/7596292173528648968
7659698874889653524,https://www.tiktok.com/@user8141621710376/video/7659698874889653524
7689035554821885191,https://www.tiktok.com/@pulse.kg/video/7689035554821885191
7690128505694129460,https://www.tiktok.com/@xlmbkv/video/7690128505694129460
7647432813448269074,https://www.tiktok.com/@elmira.shabraliev/video/7647432813448269074
7690865702965759253,https://www.tiktok.com/@pulse.kg/video/7690865702965759253
7690262078870932757,https://www.tiktok.com/@bekzodtursunov12/video/7690262078870932757
7682328575986420993,https://www.tiktok.com/@aikoosh_n/video/7682328575986420993
7682274729100659975,https://www.tiktok.com/@ssa_jje/video/7682274729100659975
7689744217257577748,https://www.tiktok.com/@zov2027_russia/video/7689744217257577748
7651970286731971861,https://www.tiktok.com/@glowwwskiin/video/7651970286731971861
7690613123367177493,https://www.tiktok.com/@yelizavetaklimenko/video/7690613123367177493
7683925683491392788,https://www.tiktok.com/@firudin.is/video/7683925683491392788
7690086281237269793,https://www.tiktok.com/@mashhurkardiolog/video/7690086281237269793
7691560997307436308,https://www.tiktok.com/@tunduk.s/video/7691560997307436308
7688761844303023380,https://www.tiktok.com/@trey_manda66/video/7688761844303023380
7592950092529667335,https://www.tiktok.com/@dailixx_/video/7592950092529667335
7689925737545026837,https://www.tiktok.com/@spanch.story/video/7689925737545026837
7613989663497374983,https://www.tiktok.com/@radi_zabavii/video/7613989663497374983
7650980119246376212,https://www.tiktok.com/@beauty_makeup040/video/7650980119246376212
7689150552336305414,https://www.tiktok.com/@tatev002/video/7689150552336305414
7686931682963787029,https://www.tiktok.com/@0177aii/video/7686931682963787029
7657384753707978002,https://www.tiktok.com/@nakuly222/video/7657384753707978002
7688009661542452512,https://www.tiktok.com/@lapulka_mimi/video/7688009661542452512
7687170100243320072,https://www.tiktok.com/@forevrrrrrr/video/7687170100243320072
7676503607860219157,https://www.tiktok.com/@lilygevgevorgyane/video/7676503607860219157
7687370261615627553,https://www.tiktok.com/@kalybekov550/video/7687370261615627553
7691727539353472263,https://www.tiktok.com/@_pajkov/video/7691727539353472263
7681165281669942549,https://www.tiktok.com/@richtersonya/video/7681165281669942549
7613839890656005383,https://www.tiktok.com/@brainy.qa/video/7613839890656005383
7677615567720828173,https://www.tiktok.com/@arcadktu551/video/7677615567720828173
7650038731285548310,https://www.tiktok.com/@notyourpartyfavour0/video/7650038731285548310
7620000441513807111,https://www.tiktok.com/@dishlie/video/7620000441513807111
7685932388672605461,https://www.tiktok.com/@aliso1s1/video/7685932388672605461
7675567414557281557,https://www.tiktok.com/@lott.iee_/video/7675567414557281557
7684626081298615570,https://www.tiktok.com/@.zoomgm/video/7684626081298615570
7679798959488929054,https://www.tiktok.com/@nicholasault/video/7679798959488929054
7559074716376403255,https://www.tiktok.com/@notmegrac/video/7559074716376403255
7654555514155666706,https://www.tiktok.com/@truphena7/video/7654555514155666706
7683564450305101087,https://www.tiktok.com/@jordan.frease/video/7683564450305101087
7690991213494783254,https://www.tiktok.com/@kaloslut/video/7690991213494783254
7683798003194400020,https://www.tiktok.com/@vetrovkapetrovskaya/video/7683798003194400020
7679768160630820116,https://www.tiktok.com/@bolat_aisulu14/video/7679768160630820116
7691183829838515469,https://www.tiktok.com/@user7474416106159/video/7691183829838515469
7659440843849338120,https://www.tiktok.com/@raylixy/video/7659440843849338120
7680323129440275745,https://www.tiktok.com/@enkieaax03e/video/7680323129440275745
7688087287938272519,https://www.tiktok.com/@.zoomgm/video/7688087287938272519
7574116328487783711,https://www.tiktok.com/@hinako491/video/7574116328487783711
7691769439397612820,https://www.tiktok.com/@lavashasha1/video/7691769439397612820
7608859879482068242,https://www.tiktok.com/@k_a_t_e626/video/7608859879482068242
7678064187368688903,https://www.tiktok.com/@nyyuurraa/video/7678064187368688903
7690170790725078279,https://www.tiktok.com/@cr07off/video/7690170790725078279
7607344351290723606,https://www.tiktok.com/@alyona.abramovskaya/video/7607344351290723606
7683010228778044693,https://www.tiktok.com/@sssshhl2/video/7683010228778044693
7609730155400957192,https://www.tiktok.com/@ava738495/video/7609730155400957192
7682534802825678101,https://www.tiktok.com/@vavilova211/video/7682534802825678101
7691267469012471047,https://www.tiktok.com/@hirosmaa_/video/7691267469012471047
7691489659196624146,https://www.tiktok.com/@c10h12n2o6/video/7691489659196624146
7671248369892969748,https://www.tiktok.com/@icloudappl/video/7671248369892969748
7640321439307943190,https://www.tiktok.com/@krisppis/video/7640321439307943190
7689819568851750165,https://www.tiktok.com/@aizajyy/video/7689819568851750165
7640221454608502034,https://www.tiktok.com/@sabishas.ss/video/7640221454608502034
7625970893356911893,https://www.tiktok.com/@avtordela/video/7625970893356911893
7691605389787385102,https://www.tiktok.com/@deraoffical1/video/7691605389787385102
7689941614177013014,https://www.tiktok.com/@_ramil_009_/video/7689941614177013014
7691617916663434526,https://www.tiktok.com/@artem_675242/video/7691617916663434526
7673070132888915208,https://www.tiktok.com/@ivalerieice/video/7673070132888915208
7620854711654141191,https://www.tiktok.com/@myrmaykina7/video/7620854711654141191
7669266514272357650,https://www.tiktok.com/@user862658451/video/7669266514272357650
7687703899293191444,https://www.tiktok.com/@gilbertti/video/7687703899293191444
7690628882839457057,https://www.tiktok.com/@ddazzarri/video/7690628882839457057
7690551265390071041,https://www.tiktok.com/@alinellik_/video/7690551265390071041
7572510057116617995,https://www.tiktok.com/@one.celebrity/video/7572510057116617995
7688416988569423125,https://www.tiktok.com/@makvinka_m/video/7688416988569423125
7686818568704412961,https://www.tiktok.com/@soulful.liness_/video/7686818568704412961
7689911339149577490,https://www.tiktok.com/@its.liizza0/video/7689911339149577490
7640740219783793928,https://www.tiktok.com/@_4777723/video/7640740219783793928
7681202846104145170,https://www.tiktok.com/@arshww7/video/7681202846104145170
7691344915376114965,https://www.tiktok.com/@rasic_555/video/7691344915376114965
7681904871682952466,https://www.tiktok.com/@andftbl.aep1/video/7681904871682952466
7690994318152142088,https://www.tiktok.com/@zhaneqwx.uu/video/7690994318152142088
7690244717895814421,https://www.tiktok.com/@pasmurno/video/7690244717895814421
7666115959396404500,https://www.tiktok.com/@vampbenn/video/7666115959396404500
7612520870149508359,https://www.tiktok.com/@sashkalowapa/video/7612520870149508359
7686069055400234258,https://www.tiktok.com/@swag.971/video/7686069055400234258
7691660499628428576,https://www.tiktok.com/@monekoll/video/7691660499628428576
7630782483180555534,https://www.tiktok.com/@lalalalala8797/video/7630782483180555534
7650277566296755476,https://www.tiktok.com/@anastasia89275/video/7650277566296755476
7685716493396495629,https://www.tiktok.com/@knisdx/video/7685716493396495629
7683234889013005581,https://www.tiktok.com/@sonyaa_aik/video/7683234889013005581
7644526715359874325,https://www.tiktok.com/@k4usi1/video/7644526715359874325
7593279535408221460,https://www.tiktok.com/@ane4qa/video/7593279535408221460
7687368006720130324,https://www.tiktok.com/@miyala142/video/7687368006720130324
7670518751447616788,https://www.tiktok.com/@lifonova_elia/video/7670518751447616788
7622709513199701262,https://www.tiktok.com/@disgusting.ugh/video/7622709513199701262
7688382978296384789,https://www.tiktok.com/@meowliksr/video/7688382978296384789
7691604785178463520,https://www.tiktok.com/@_izzatullaeva_/video/7691604785178463520
7687721792307318034,https://www.tiktok.com/@misootaa/video/7687721792307318034
7679147997736799496,https://www.tiktok.com/@fgkitten_0/video/7679147997736799496
7691382979376991521,https://www.tiktok.com/@livilolii/video/7691382979376991521
7688401556453985554,https://www.tiktok.com/@thorfin.lll/video/7688401556453985554
7685014617763876117,https://www.tiktok.com/@mmyaus.v/video/7685014617763876117
7686194500678520085,https://www.tiktok.com/@aurumuare/video/7686194500678520085
7690154397430582548,https://www.tiktok.com/@rzh.17/video/7690154397430582548
7687813991032278279,https://www.tiktok.com/@sepvicto/video/7687813991032278279
7661540215944760608,https://www.tiktok.com/@jestanb/video/7661540215944760608
7691017060297477383,https://www.tiktok.com/@boring_cartoon/video/7691017060297477383
7684540842551381256,https://www.tiktok.com/@nagmww/video/7684540842551381256
7657764571221953800,https://www.tiktok.com/@tanusu12/video/7657764571221953800
7690618230158707988,https://www.tiktok.com/@lipsing_lyrics/video/7690618230158707988
7688998456605625631,https://www.tiktok.com/@mokki2302/video/7688998456605625631
7680159271593528606,https://www.tiktok.com/@cpfdmp/video/7680159271593528606
7686895560883703061,https://www.tiktok.com/@ssofrixx/video/7686895560883703061
7643403787566107912,https://www.tiktok.com/@_akk.q/video/7643403787566107912
7690524720680160519,https://www.tiktok.com/@ilyxandr0/video/7690524720680160519
7636703968030117141,https://www.tiktok.com/@ahrorzzodaa/video/7636703968030117141
7691154118668340494,https://www.tiktok.com/@my6little6pony6love/video/7691154118668340494
7602735577540136210,https://www.tiktok.com/@makkqwen/video/7602735577540136210
7681624258593721613,https://www.tiktok.com/@_plinmrr/video/7681624258593721613
7687874550410874143,https://www.tiktok.com/@mayifich/video/7687874550410874143
7685369601084968214,https://www.tiktok.com/@hughaliaa/video/7685369601084968214
7687266474901228822,https://www.tiktok.com/@tokaaep/video/7687266474901228822
7690859035209272597,https://www.tiktok.com/@a1dikww/video/7690859035209272597
7680648176012905748,https://www.tiktok.com/@slayy_myxoboika/video/7680648176012905748
7687458491551812865,https://www.tiktok.com/@palevoid06/video/7687458491551812865
7685132051640552725,https://www.tiktok.com/@astvr1x/video/7685132051640552725
7669866830164495636,https://www.tiktok.com/@eyzbwd/video/7669866830164495636
7682459620778020117,https://www.tiktok.com/@carrygreyrat/video/7682459620778020117
7668709348058664210,https://www.tiktok.com/@videogamesq/video/7668709348058664210
7641317357641616672,https://www.tiktok.com/@miki_and_malysz/video/7641317357641616672
7602845207045868814,https://www.tiktok.com/@rushsuga2/video/7602845207045868814
7661272104913964306,https://www.tiktok.com/@sairist.fc.mobile/video/7661272104913964306
7689450254692781333,https://www.tiktok.com/@tasya_u_doski/video/7689450254692781333
7674064677202103570,https://www.tiktok.com/@mimtensis/video/7674064677202103570
7681209528272112928,https://www.tiktok.com/@daria.yo5/video/7681209528272112928
7578091531878386965,https://www.tiktok.com/@hsusarangg/video/7578091531878386965
7557052485941120267,https://www.tiktok.com/@nur.danaa/video/7557052485941120267
7666752296113442064,https://www.tiktok.com/@failingme/video/7666752296113442064
7675795411155848469,https://www.tiktok.com/@vlada_1369/video/7675795411155848469
7680675812760227092,https://www.tiktok.com/@oxnadigitalprincess/video/7680675812760227092
7683477694117317906,https://www.tiktok.com/@susumi_r/video/7683477694117317906
7687633125270228245,https://www.tiktok.com/@ssscupcakegirl/video/7687633125270228245
7689390163801263380,https://www.tiktok.com/@snegka96/video/7689390163801263380
7691376117021707528,https://www.tiktok.com/@reginavreki/video/7691376117021707528
7691836371866094869,https://www.tiktok.com/@arhiopterix00/video/7691836371866094869
7689070223663713550,https://www.tiktok.com/@deraoffical1/video/7689070223663713550
7687967058197269792,https://www.tiktok.com/@user7159914092399/video/7687967058197269792
7681681434733497621,https://www.tiktok.com/@nastasia_soul1/video/7681681434733497621
7689124144633466145,https://www.tiktok.com/@arimelkaa/video/7689124144633466145
7633816483495218462,https://www.tiktok.com/@alex_solovei86/video/7633816483495218462
7687862323767217416,https://www.tiktok.com/@shasha_femd/video/7687862323767217416
7688358195676450080,https://www.tiktok.com/@kudri_di/video/7688358195676450080
7685716409770396949,https://www.tiktok.com/@nedemfers/video/7685716409770396949
7691282657614875911,https://www.tiktok.com/@mariiiiiiiishka/video/7691282657614875911
7691708753359506696,https://www.tiktok.com/@aleealeksa/video/7691708753359506696
7643903949786991890,https://www.tiktok.com/@m1raviperr/video/7643903949786991890
7676874433868352776,https://www.tiktok.com/@alisochka228/video/7676874433868352776
7687937238826618130,https://www.tiktok.com/@nikamvi/video/7687937238826618130
7690563561239612690,https://www.tiktok.com/@iamtanya.s/video/7690563561239612690
7686301401357536532,https://www.tiktok.com/@viktoria_0483/video/7686301401357536532
7688361674696412437,https://www.tiktok.com/@ikrawiksqw/video/7688361674696412437
7682818684678606111,https://www.tiktok.com/@forsaken_fan975/video/7682818684678606111
7691130845201059102,https://www.tiktok.com/@sspam.1269/video/7691130845201059102
7685652558765034754,https://www.tiktok.com/@._moon333/video/7685652558765034754
7681559759576730912,https://www.tiktok.com/@kakashonch/video/7681559759576730912
7690136043537960199,https://www.tiktok.com/@marusiaabeauty/video/7690136043537960199
7563259036125187384,https://www.tiktok.com/@11a_official_/video/7563259036125187384
7598519072774524178,https://www.tiktok.com/@moorsww/video/7598519072774524178
7597691553682836758,https://www.tiktok.com/@karasnikaa/video/7597691553682836758
7689427530775924020,https://www.tiktok.com/@diankaaa7767/video/7689427530775924020
7661734467953904916,https://www.tiktok.com/@dozchek/video/7661734467953904916
7674335725118180629,https://www.tiktok.com/@mikomxx.editsss/video/7674335725118180629
7691659112614022421,https://www.tiktok.com/@asony_u/video/7691659112614022421
7691318052947873056,https://www.tiktok.com/@lolipop20137/video/7691318052947873056
7673762705378954514,https://www.tiktok.com/@molly_polly17/video/7673762705378954514
7682865567467851029,https://www.tiktok.com/@justann_a/video/7682865567467851029
7680406311539870996,https://www.tiktok.com/@vanilin4iks_/video/7680406311539870996
7684262520676371732,https://www.tiktok.com/@23_viktoria_3/video/7684262520676371732
7683091359976262943,https://www.tiktok.com/@sofa_13_3/video/7683091359976262943
7686955387379109140,https://www.tiktok.com/@shaiillo/video/7686955387379109140
7687988874877979922,https://www.tiktok.com/@alaulyqtar/video/7687988874877979922
7685723047331990798,https://www.tiktok.com/@rufana_ag/video/7685723047331990798
7681211670244379937,https://www.tiktok.com/@user4745495375753/video/7681211670244379937
7686545013328727317,https://www.tiktok.com/@adilovazhh/video/7686545013328727317
7688278100970441998,https://www.tiktok.com/@evushkaaa1/video/7688278100970441998
7683387216999042337,https://www.tiktok.com/@avvdaeva/video/7683387216999042337
7690261184204803359,https://www.tiktok.com/@nastii_xx2/video/7690261184204803359
7690501808157920530,https://www.tiktok.com/@mashonka565/video/7690501808157920530
7684968792488758542,https://www.tiktok.com/@deraoffical1/video/7684968792488758542
7680487427227651348,https://www.tiktok.com/@elvi.official990/video/7680487427227651348
7689086657408027924,https://www.tiktok.com/@s0nibambon1/video/7689086657408027924
7689787631105789204,https://www.tiktok.com/@kar_ger/video/7689787631105789204
7689173418058501384,https://www.tiktok.com/@polum_1991/video/7689173418058501384
7565579508204457234,https://www.tiktok.com/@g0ddam1/video/7565579508204457234
7680579754281454856,https://www.tiktok.com/@olesya_sedova__/video/7680579754281454856
7681394270556687637,https://www.tiktok.com/@dau_taryy/video/7681394270556687637
7635952749611420961,https://www.tiktok.com/@school_1173/video/7635952749611420961
7680895828810059015,https://www.tiktok.com/@dureenaa/video/7680895828810059015
7597730596235791634,https://www.tiktok.com/@c.d.m.madrid/video/7597730596235791634
7685383274805447944,https://www.tiktok.com/@dockravtsevich/video/7685383274805447944
7679857339884850440,https://www.tiktok.com/@dashik_rok/video/7679857339884850440
7647228324455992596,https://www.tiktok.com/@wrestpoluikh/video/7647228324455992596
7671228708551675150,https://www.tiktok.com/@light_histology/video/7671228708551675150
7687644985453284615,https://www.tiktok.com/@aliraslay1/video/7687644985453284615
7645249786072796437,https://www.tiktok.com/@zheleshka_/video/7645249786072796437
7691290687446240544,https://www.tiktok.com/@liriyaaaaaaaaaaaaaaaaaaa/video/7691290687446240544
7690101917984378133,https://www.tiktok.com/@racoon9115/video/7690101917984378133
7689788128659311879,https://www.tiktok.com/@break2261/video/7689788128659311879
7683107116688706836,https://www.tiktok.com/@non1ji/video/7683107116688706836
7633892775942950151,https://www.tiktok.com/@witharu_/video/7633892775942950151
7624891404002675999,https://www.tiktok.com/@ximira23/video/7624891404002675999
7690528325399268615,https://www.tiktok.com/@adolf_zolo/video/7690528325399268615
7680638101101858068,https://www.tiktok.com/@poteryaniy_777/video/7680638101101858068
7686488052025314592,https://www.tiktok.com/@elyamll/video/7686488052025314592
7691431208701545736,https://www.tiktok.com/@_bagauva_/video/7691431208701545736
7598435024265940245,https://www.tiktok.com/@7d_ya.shivaza0/video/7598435024265940245
7691394303502994718,https://www.tiktok.com/@ilovebs61/video/7691394303502994718
7691218484121832706,https://www.tiktok.com/@xeonlily/video/7691218484121832706
7689374287576272148,https://www.tiktok.com/@.alinochkk/video/7689374287576272148
7644638288594177288,https://www.tiktok.com/@nastta_78/video/7644638288594177288
7690652449123732743,https://www.tiktok.com/@prime_drifffs/video/7690652449123732743
7675143350135180562,https://www.tiktok.com/@polheruvim/video/7675143350135180562
7688694334065052934,https://www.tiktok.com/@spotersdolgoprudnogo/video/7688694334065052934
7683894931148082452,https://www.tiktok.com/@kaidalooov/video/7683894931148082452
7684950197025213717,https://www.tiktok.com/@su.chef0/video/7684950197025213717
7688338669735775508,https://www.tiktok.com/@7_b_9_school/video/7688338669735775508
7690456096313593106,https://www.tiktok.com/@770zvr/video/7690456096313593106
7689126850358005013,https://www.tiktok.com/@ziterlor/video/7689126850358005013
7691351729383673102,https://www.tiktok.com/@ksenixxksi/video/7691351729383673102
7691371495909592338,https://www.tiktok.com/@hivex_6/video/7691371495909592338
7683594066340203789,https://www.tiktok.com/@sonyaa_aik/video/7683594066340203789
7638323729382001938,https://www.tiktok.com/@liaaashkaaaa/video/7638323729382001938
7686929715147427094,https://www.tiktok.com/@vikastep2351/video/7686929715147427094
7604510803970051335,https://www.tiktok.com/@aliswng4/video/7604510803970051335
7664993253514546453,https://www.tiktok.com/@az_shalom/video/7664993253514546453
7637498217717959957,https://www.tiktok.com/@sssanderh/video/7637498217717959957
7580041634537098518,https://www.tiktok.com/@ade1k_a/video/7580041634537098518
7659065131300572437,https://www.tiktok.com/@kudritskkaya/video/7659065131300572437
7689929090115128583,https://www.tiktok.com/@kam1iluw/video/7689929090115128583
7662349122548026656,https://www.tiktok.com/@ssteshikssy/video/7662349122548026656
7678671919801208084,https://www.tiktok.com/@mshhs05/video/7678671919801208084
7656507991516089621,https://www.tiktok.com/@user9017569161388/video/7656507991516089621
7557791815496240391,https://www.tiktok.com/@maru_nax/video/7557791815496240391
7662670313099971862,https://www.tiktok.com/@ri_arimay/video/7662670313099971862
7682511970326662418,https://www.tiktok.com/@user22982726/video/7682511970326662418
7600794946781580566,https://www.tiktok.com/@kseha621/video/7600794946781580566
7690976335216381204,https://www.tiktok.com/@d_kobeeva/video/7690976335216381204
7688596533910031637,https://www.tiktok.com/@marma_miller/video/7688596533910031637
7687303850771926280,https://www.tiktok.com/@tayyuha/video/7687303850771926280
7580736390019829023,https://www.tiktok.com/@rusdxxz/video/7580736390019829023
7622227532489821447,https://www.tiktok.com/@_you_wife_/video/7622227532489821447
7676057106616716565,https://www.tiktok.com/@miwiyo/video/7676057106616716565
7675773016797859080,https://www.tiktok.com/@user1201818681632/video/7675773016797859080
7690234276645735687,https://www.tiktok.com/@senravetta/video/7690234276645735687
7661577271647538453,https://www.tiktok.com/@nnn_11102/video/7661577271647538453
7683768066349583624,https://www.tiktok.com/@fragol.mp3/video/7683768066349583624
7569094711500115208,https://www.tiktok.com/@serovatoua/video/7569094711500115208
7687971720518438176,https://www.tiktok.com/@sonyapr0ta/video/7687971720518438176
7691635510992833813,https://www.tiktok.com/@waksf/video/7691635510992833813
7679898811254312212,https://www.tiktok.com/@darkisswx/video/7679898811254312212
7682200871488228641,https://www.tiktok.com/@yumeika2/video/7682200871488228641
7681674355339758856,https://www.tiktok.com/@itz.ulyacha69/video/7681674355339758856
7687984895183867157,https://www.tiktok.com/@d_kobeeva/video/7687984895183867157
7676710574155402503,https://www.tiktok.com/@sunfase7/video/7676710574155402503
7665447093959527701,https://www.tiktok.com/@ari._shaaa/video/7665447093959527701
7690248115512724742,https://www.tiktok.com/@asti_official1/video/7690248115512724742
7598484558350191880,https://www.tiktok.com/@s1tksmvn/video/7598484558350191880
7689106938285559061,https://www.tiktok.com/@soul_of_drama/video/7689106938285559061
7688255986972642581,https://www.tiktok.com/@alekazhan7/video/7688255986972642581
7585537142558854411,https://www.tiktok.com/@karishaa.xxs/video/7585537142558854411
7644119123261148423,https://www.tiktok.com/@do4hik/video/7644119123261148423
7686904547373092116,https://www.tiktok.com/@8g_mukhamedkhanov/video/7686904547373092116
7681346286171442454,https://www.tiktok.com/@troll_372/video/7681346286171442454
7691721665226591508,https://www.tiktok.com/@im_noxliar/video/7691721665226591508
7680475041888292104,https://www.tiktok.com/@vladislavaaa7/video/7680475041888292104
7691333506907032850,https://www.tiktok.com/@kamimmimi1/video/7691333506907032850
7688391790109396244,https://www.tiktok.com/@info35404/video/7688391790109396244
7652794440075005205,https://www.tiktok.com/@deadline8120/video/7652794440075005205
7572284582704336135,https://www.tiktok.com/@lizazx8/video/7572284582704336135
7674941235131452694,https://www.tiktok.com/@ralink_k/video/7674941235131452694
7690504770792066325,https://www.tiktok.com/@ksyushaforever1/video/7690504770792066325
7691194999966354710,https://www.tiktok.com/@sonk_2k16/video/7691194999966354710
7690156386558168350,https://www.tiktok.com/@svagnya1/video/7690156386558168350
7691347174860262678,https://www.tiktok.com/@fgpgf/video/7691347174860262678
7690898531581742357,https://www.tiktok.com/@lizabeauty067/video/7690898531581742357
7628239653887282453,https://www.tiktok.com/@sashaask_/video/7628239653887282453
7690683180910660871,https://www.tiktok.com/@asgif7/video/7690683180910660871
7690196574328147221,https://www.tiktok.com/@vlaaasovva/video/7690196574328147221
7603426999113157908,https://www.tiktok.com/@swepolii/video/7603426999113157908
7691771058482973959,https://www.tiktok.com/@petrusheckin2.0/video/7691771058482973959
7676781079424011534,https://www.tiktok.com/@a_nytka2/video/7676781079424011534
7679039877425499413,https://www.tiktok.com/@ane4kashev/video/7679039877425499413
7685373727898488071,https://www.tiktok.com/@8a_class_54school/video/7685373727898488071
7686177619846515989,https://www.tiktok.com/@dumpdiss/video/7686177619846515989
7679739595881254162,https://www.tiktok.com/@nebesnayawonyyy/video/7679739595881254162
7675706710471888149,https://www.tiktok.com/@008aauuuuu/video/7675706710471888149
7691668284445314311,https://www.tiktok.com/@juliaro016/video/7691668284445314311
7683542601462582548,https://www.tiktok.com/@varzcw/video/7683542601462582548
7581104671431888136,https://www.tiktok.com/@ydina58/video/7581104671431888136
7684235267611315470,https://www.tiktok.com/@rostecks/video/7684235267611315470
7686935950273858830,https://www.tiktok.com/@nestv1s/video/7686935950273858830
7676744889287118100,https://www.tiktok.com/@play_cup14/video/7676744889287118100
7691320175043300622,https://www.tiktok.com/@happyface_tech/video/7691320175043300622
7686413921942506760,https://www.tiktok.com/@aigul4077/video/7686413921942506760
7645377365677214983,https://www.tiktok.com/@angliees/video/7645377365677214983
7689814621963832596,https://www.tiktok.com/@anton_auf/video/7689814621963832596
7690938236788673799,https://www.tiktok.com/@gods.syndrom/video/7690938236788673799
7677982774074019090,https://www.tiktok.com/@olga.pon888/video/7677982774074019090
7691358133251362066,https://www.tiktok.com/@kuanyshbayeva04/video/7691358133251362066
7582580339319688466,https://www.tiktok.com/@sweetezchenika777/video/7582580339319688466
7683866954800598293,https://www.tiktok.com/@togyza.20sch/video/7683866954800598293
7689521950766402824,https://www.tiktok.com/@ks3shanotcute/video/7689521950766402824
7679556922814614816,https://www.tiktok.com/@cherievaiai/video/7679556922814614816
7690911614937173268,https://www.tiktok.com/@azaliyayass_/video/7690911614937173268
7676466891291954464,https://www.tiktok.com/@user8461232662925/video/7676466891291954464
7641986563840232718,https://www.tiktok.com/@sofia.seleva/video/7641986563840232718
7690561582488636685,https://www.tiktok.com/@67_arisha_67/video/7690561582488636685
7676867362800307464,https://www.tiktok.com/@miu_aiau/video/7676867362800307464
7685438048972098823,https://www.tiktok.com/@ttt26823tgp/video/7685438048972098823
7686084125106851080,https://www.tiktok.com/@senk.kkk/video/7686084125106851080
7689818164061932820,https://www.tiktok.com/@arnella0102/video/7689818164061932820
7627402988251860245,https://www.tiktok.com/@soushinowvw/video/7627402988251860245
7679402410829466898,https://www.tiktok.com/@dunnozzzzz/video/7679402410829466898
7680251942764858642,https://www.tiktok.com/@sat.tsk/video/7680251942764858642
7676204853575568647,https://www.tiktok.com/@ellinikolaeva/video/7676204853575568647
7683224679838141717,https://www.tiktok.com/@mssklll3/video/7683224679838141717
7680874525822668040,https://www.tiktok.com/@savex.x/video/7680874525822668040
7683209546755493127,https://www.tiktok.com/@refl3xxxik/video/7683209546755493127
7608213737723710723,https://www.tiktok.com/@.ella0737/video/7608213737723710723
7690637967844560160,https://www.tiktok.com/@evkidova07/video/7690637967844560160
7688017239316090133,https://www.tiktok.com/@vladochkachipss/video/7688017239316090133
7688677828144975111,https://www.tiktok.com/@msalad810/video/7688677828144975111
7558793181727296785,https://www.tiktok.com/@moretayya/video/7558793181727296785
7685644721666018578,https://www.tiktok.com/@igma._/video/7685644721666018578
7586673811077090582,https://www.tiktok.com/@ggriglife/video/7586673811077090582
7685726423079865632,https://www.tiktok.com/@adm.dv1/video/7685726423079865632
7678265589688831239,https://www.tiktok.com/@s4yun0/video/7678265589688831239
7683109817879317793,https://www.tiktok.com/@grach1154/video/7683109817879317793
7678415750465326343,https://www.tiktok.com/@forever.young.g/video/7678415750465326343
7690208773293526292,https://www.tiktok.com/@kirvis190/video/7690208773293526292
7690858703339228436,https://www.tiktok.com/@slivichny_cheese88/video/7690858703339228436
7681377790909943047,https://www.tiktok.com/@1levchiktt/video/7681377790909943047
7675685352518028564,https://www.tiktok.com/@kamikaz_sh667/video/7675685352518028564
7680570637341035783,https://www.tiktok.com/@real.noname00/video/7680570637341035783
7680244952693083399,https://www.tiktok.com/@starry_night_7/video/7680244952693083399
7668050363022314774,https://www.tiktok.com/@1sa1nw/video/7668050363022314774
7688769858237893908,https://www.tiktok.com/@krytoi_nikita67/video/7688769858237893908
7606477578588720402,https://www.tiktok.com/@milukova21/video/7606477578588720402
7599611058986159382,https://www.tiktok.com/@swagaonline/video/7599611058986159382
7689892147994070292,https://www.tiktok.com/@sletov12/video/7689892147994070292
7678290116963552530,https://www.tiktok.com/@altyshka.02/video/7678290116963552530
7684583150835649799,https://www.tiktok.com/@temychhh_/video/7684583150835649799
7686122966601583879,https://www.tiktok.com/@10zh_dostyq_/video/7686122966601583879
7682143912248511765,https://www.tiktok.com/@dkinsxx/video/7682143912248511765
7688500566493760775,https://www.tiktok.com/@vladindecx/video/7688500566493760775
7681299974709103892,https://www.tiktok.com/@aidbtwq/video/7681299974709103892
7690926521099324690,https://www.tiktok.com/@vailax8/video/7690926521099324690
7675804921270160660,https://www.tiktok.com/@angzz.ftb/video/7675804921270160660
7686478047620451592,https://www.tiktok.com/@lisara083/video/7686478047620451592
7689419002862505236,https://www.tiktok.com/@fluger690/video/7689419002862505236
7689973284993092872,https://www.tiktok.com/@staspidar_621/video/7689973284993092872
7689379862703787282,https://www.tiktok.com/@dashaandeva/video/7689379862703787282
7687994536093650197,https://www.tiktok.com/@zagir228_05/video/7687994536093650197
7691790937512545537,https://www.tiktok.com/@sil_ence03/video/7691790937512545537
7689773169103686932,https://www.tiktok.com/@juulonline/video/7689773169103686932
7690989129596767495,https://www.tiktok.com/@maltsev_psychologist/video/7690989129596767495
7683480129007340832,https://www.tiktok.com/@arahismewe0/video/7683480129007340832
7561508725555481863,https://www.tiktok.com/@khudalova_1/video/7561508725555481863
7690788483182497031,https://www.tiktok.com/@zharaskhanuly.a/video/7690788483182497031
7679192328887618833,https://www.tiktok.com/@bogdan_king_74/video/7679192328887618833
7678707861354220818,https://www.tiktok.com/@youlost648/video/7678707861354220818
7691668430616890646,https://www.tiktok.com/@meryfame4/video/7691668430616890646
7691354222071254304,https://www.tiktok.com/@vakarrrr/video/7691354222071254304
7678682601531378966,https://www.tiktok.com/@shved828/video/7678682601531378966
7689530543649639701,https://www.tiktok.com/@mkaryoo2/video/7689530543649639701
7681766719593008391,https://www.tiktok.com/@g6tka/video/7681766719593008391
7689903775535893778,https://www.tiktok.com/@umi89537/video/7689903775535893778
7681725241919294741,https://www.tiktok.com/@snxxq_._/video/7681725241919294741
7633770657884474645,https://www.tiktok.com/@koch_baton/video/7633770657884474645
7568105649544908050,https://www.tiktok.com/@dark__poison3/video/7568105649544908050
7688295028413762823,https://www.tiktok.com/@elenochka_ser/video/7688295028413762823
7584721327412481335,https://www.tiktok.com/@ewlliix/video/7584721327412481335
7677668046625852692,https://www.tiktok.com/@sineglazkaa_a/video/7677668046625852692
7691404427697212685,https://www.tiktok.com/@akva1014/video/7691404427697212685
7690241361030794514,https://www.tiktok.com/@wirrk1d/video/7690241361030794514
7686517243282263329,https://www.tiktok.com/@m1lana_fanta/video/7686517243282263329
7691305907354930464,https://www.tiktok.com/@bariadna2.0/video/7691305907354930464
7687152952401857824,https://www.tiktok.com/@k.ksyuuhoo/video/7687152952401857824
7686475418945211655,https://www.tiktok.com/@ame._.ae/video/7686475418945211655
7578214732667129108,https://www.tiktok.com/@a_v96/video/7578214732667129108
7691422651285376274,https://www.tiktok.com/@user29928256758/video/7691422651285376274
7689851787733503245,https://www.tiktok.com/@maria_isaevaaa/video/7689851787733503245
7690098836399803668,https://www.tiktok.com/@karima121314/video/7690098836399803668
7691586921029569844,https://www.tiktok.com/@user3090533700031/video/7691586921029569844
7688702192068398343,https://www.tiktok.com/@user67119373483984/video/7688702192068398343
7688607860955090184,https://www.tiktok.com/@sanwgwaa/video/7688607860955090184
7689587542022212886,https://www.tiktok.com/@k.karinko/video/7689587542022212886
7594245223509904660,https://www.tiktok.com/@polinkaslay/video/7594245223509904660
7683083068319534368,https://www.tiktok.com/@nkhbbbb1/video/7683083068319534368
7690699666765188383,https://www.tiktok.com/@sabrinka2000/video/7690699666765188383
7687130530185268500,https://www.tiktok.com/@kucelo20/video/7687130530185268500
7691079730115710229,https://www.tiktok.com/@evgechenka/video/7691079730115710229
7691268689739517192,https://www.tiktok.com/@fari_samat/video/7691268689739517192
7612174626537393426,https://www.tiktok.com/@thennura_/video/7612174626537393426
7689183099552320782,https://www.tiktok.com/@mmovvue/video/7689183099552320782
7686768133411130631,https://www.tiktok.com/@wxx_toxx/video/7686768133411130631
7691320471920315678,https://www.tiktok.com/@saadry56/video/7691320471920315678
7691780312619126024,https://www.tiktok.com/@karoli.xx7/video/7691780312619126024
7691381738995567892,https://www.tiktok.com/@viza.lizaww/video/7691381738995567892
7689301648832810261,https://www.tiktok.com/@maya.nikolaevna/video/7689301648832810261
7691271459129396500,https://www.tiktok.com/@vlada_korica/video/7691271459129396500
7691408786187095316,https://www.tiktok.com/@._405136/video/7691408786187095316
7690975857271196929,https://www.tiktok.com/@wiqxx.vvl/video/7690975857271196929
7576632497669229832,https://www.tiktok.com/@epsilon_discipline/video/7576632497669229832
7690913370052103444,https://www.tiktok.com/@andreevnakristina_666/video/7690913370052103444
7691360749381537044,https://www.tiktok.com/@user7109826265904/video/7691360749381537044
7691747481599921415,https://www.tiktok.com/@duplya_k/video/7691747481599921415
7690489376865979666,https://www.tiktok.com/@vidma_elizaveta/video/7690489376865979666
7669395996924742934,https://www.tiktok.com/@phexxo00/video/7669395996924742934
7668063248339537173,https://www.tiktok.com/@enitowan/video/7668063248339537173
7591223362320616707,https://www.tiktok.com/@ludmila_lml_/video/7591223362320616707
7690757483954031924,https://www.tiktok.com/@tanya_silina14/video/7690757483954031924
7691263352391142664,https://www.tiktok.com/@xxxkaulitz05/video/7691263352391142664
7691684884225608980,https://www.tiktok.com/@nfilimonova1995/video/7691684884225608980
7687033198391381261,https://www.tiktok.com/@mmjgym/video/7687033198391381261
7691832835191213334,https://www.tiktok.com/@uoi_deb/video/7691832835191213334
7691735856402468102,https://www.tiktok.com/@eskant0/video/7691735856402468102
7681795674639273217,https://www.tiktok.com/@use_code_meter/video/7681795674639273217
7689806362523487521,https://www.tiktok.com/@durev_vpn/video/7689806362523487521
7676240513241992480,https://www.tiktok.com/@sobaka_rocky/video/7676240513241992480
7686139460043656466,https://www.tiktok.com/@galochka_iz_laika/video/7686139460043656466
7680509064857586951,https://www.tiktok.com/@7a_138g/video/7680509064857586951
7686456940649581842,https://www.tiktok.com/@vikazcbdgzr/video/7686456940649581842
7616596279098871060,https://www.tiktok.com/@9.4klass/video/7616596279098871060
7686051576212950302,https://www.tiktok.com/@ftk709/video/7686051576212950302
7691021670747737346,https://www.tiktok.com/@gglliittcch/video/7691021670747737346
7689760787333745952,https://www.tiktok.com/@povdesk/video/7689760787333745952
7672971872279055634,https://www.tiktok.com/@alex.baza.psy/video/7672971872279055634
7561479964906851606,https://www.tiktok.com/@elvate_blog/video/7561479964906851606
7688015053081070868,https://www.tiktok.com/@mashhh__h/video/7688015053081070868
7585112222603414840,https://www.tiktok.com/@ble77ed3/video/7585112222603414840
7691226103784181010,https://www.tiktok.com/@anna_beerkzzz/video/7691226103784181010
7688763936803523861,https://www.tiktok.com/@user9961040937988/video/7688763936803523861
7674347736161864968,https://www.tiktok.com/@sqwoz.online/video/7674347736161864968
7582971078465604871,https://www.tiktok.com/@sane4ek_off/video/7582971078465604871
7559156211107630344,https://www.tiktok.com/@dashuliyaa/video/7559156211107630344
7688266667893198088,https://www.tiktok.com/@urushanov_emil_/video/7688266667893198088
7690514099519655189,https://www.tiktok.com/@moyacrashest/video/7690514099519655189
7685638490360499476,https://www.tiktok.com/@ekspresstaro/video/7685638490360499476
7684648713779744021,https://www.tiktok.com/@ps_gan/video/7684648713779744021
7686548117390445831,https://www.tiktok.com/@rakhmatullaev.f/video/7686548117390445831
7684764684305681671,https://www.tiktok.com/@z1rooolll/video/7684764684305681671
7685328749448989973,https://www.tiktok.com/@thenaumovs/video/7685328749448989973
7686554864230403335,https://www.tiktok.com/@seoga_kobyak/video/7686554864230403335
7688334832522284289,https://www.tiktok.com/@chillowdev/video/7688334832522284289
7679730306781302049,https://www.tiktok.com/@lena_w_0131/video/7679730306781302049
7589772118842166540,https://www.tiktok.com/@topmetro45/video/7589772118842166540
7574028533291388178,https://www.tiktok.com/@zarinka_st/video/7574028533291388178
7688349175016148244,https://www.tiktok.com/@nastkekk/video/7688349175016148244
7674044791625141524,https://www.tiktok.com/@zip_animation/video/7674044791625141524
7680850438400363797,https://www.tiktok.com/@creator_katee/video/7680850438400363797
7640257501463612686,https://www.tiktok.com/@tyafkinaa/video/7640257501463612686
7620219191852944647,https://www.tiktok.com/@emotionalswaggge/video/7620219191852944647
7682857387304291606,https://www.tiktok.com/@mars_ooo0/video/7682857387304291606
7680393926490000660,https://www.tiktok.com/@zxill671488/video/7680393926490000660
7691670352241511698,https://www.tiktok.com/@kingofjava7777/video/7691670352241511698
7690271718564220161,https://www.tiktok.com/@dalnoboi774/video/7690271718564220161
7685062493189819668,https://www.tiktok.com/@afugassbyy/video/7685062493189819668
7661406565206936846,https://www.tiktok.com/@pypsik887/video/7661406565206936846
7689065854754934068,https://www.tiktok.com/@zhyrikk1/video/7689065854754934068
7687343209181187349,https://www.tiktok.com/@vaskovskaya.n/video/7687343209181187349
7690940114750475572,https://www.tiktok.com/@vanyanutron1488/video/7690940114750475572
7627784637292743959,https://www.tiktok.com/@addeyer68/video/7627784637292743959
7680394757297818900,https://www.tiktok.com/@zxill671488/video/7680394757297818900
7615727156202687752,https://www.tiktok.com/@edge_994/video/7615727156202687752
7680394168652401940,https://www.tiktok.com/@zxill671488/video/7680394168652401940
7690595990054636820,https://www.tiktok.com/@ev3rget/video/7690595990054636820
7664270349298617633,https://www.tiktok.com/@polinaaa1562/video/7664270349298617633
7567072439276948792,https://www.tiktok.com/@aleckqwr/video/7567072439276948792
7691731750602525972,https://www.tiktok.com/@sandugashnigmetova/video/7691731750602525972
7691794701095144725,https://www.tiktok.com/@kirysafi/video/7691794701095144725
7690181316519808270,https://www.tiktok.com/@nussmi4/video/7690181316519808270
7691419682783497524,https://www.tiktok.com/@lizzkewqz/video/7691419682783497524
7680159649320029458,https://www.tiktok.com/@milatsvetochek/video/7680159649320029458
7568894109751004424,https://www.tiktok.com/@mirrasar/video/7568894109751004424
7674589908828294418,https://www.tiktok.com/@userkc7ymt0kxf/video/7674589908828294418
7558367455769349396,https://www.tiktok.com/@_ecoland_/video/7558367455769349396
7558367378136927505,https://www.tiktok.com/@_ecoland_/video/7558367378136927505
7681515119523925250,https://www.tiktok.com/@darren.glenn.vid.170/video/7681515119523925250
7560703638390197522,https://www.tiktok.com/@mariiakatko/video/7560703638390197522
7663877290543025421,https://www.tiktok.com/@byweil/video/7663877290543025421
7569514480766291221,https://www.tiktok.com/@_ecoland_/video/7569514480766291221
7563336451685895445,https://www.tiktok.com/@_ecoland_/video/7563336451685895445
7669804832051514644,https://www.tiktok.com/@kolyan_211/video/7669804832051514644
7608300954911345941,https://www.tiktok.com/@selivka1/video/7608300954911345941
7566714163892948245,https://www.tiktok.com/@_ecoland_/video/7566714163892948245
7656661488664366356,https://www.tiktok.com/@petrovych.official/video/7656661488664366356
7691407955866029342,https://www.tiktok.com/@annall6767/video/7691407955866029342
7669120340991233293,https://www.tiktok.com/@1tolysummer/video/7669120340991233293
7691670132640222495,https://www.tiktok.com/@annall6767/video/7691670132640222495
7687321769824357653,https://www.tiktok.com/@aplle2748/video/7687321769824357653
7691301142181023028,https://www.tiktok.com/@queen_2015.1/video/7691301142181023028
7689903229403942157,https://www.tiktok.com/@gahgey/video/7689903229403942157
7689662526962846996,https://www.tiktok.com/@i.love.moto881/video/7689662526962846996
7634637791728536864,https://www.tiktok.com/@hazyaeva_edits1/video/7634637791728536864
7690772919370140958,https://www.tiktok.com/@chgihq/video/7690772919370140958
7690927863670918433,https://www.tiktok.com/@katyasiktgp/video/7690927863670918433
7676189933018664214,https://www.tiktok.com/@mussikk72/video/7676189933018664214
7589249365726743826,https://www.tiktok.com/@katya.og2000/video/7589249365726743826
7691421716186205460,https://www.tiktok.com/@puzatm/video/7691421716186205460
7642011158311931143,https://www.tiktok.com/@skinderemilya/video/7642011158311931143
7689845211001883926,https://www.tiktok.com/@vygodny_havchik/video/7689845211001883926
7669122067190549767,https://www.tiktok.com/@ozon_kazakhstan/video/7669122067190549767
7690598926939950349,https://www.tiktok.com/@moscow_post/video/7690598926939950349
7691351579785432333,https://www.tiktok.com/@skidkandpromo/video/7691351579785432333
7689874885346118933,https://www.tiktok.com/@discounts_official/video/7689874885346118933
7656327225654005009,https://www.tiktok.com/@padberu_promokod/video/7656327225654005009
7656553485223283988,https://www.tiktok.com/@erbol.aymakhanov/video/7656553485223283988
7690520366032293141,https://www.tiktok.com/@mu2a2shi/video/7690520366032293141
7691744268313955604,https://www.tiktok.com/@prepodsteam/video/7691744268313955604
7690666895988591893,https://www.tiktok.com/@irina_beauty_beauty/video/7690666895988591893
7691220060458798368,https://www.tiktok.com/@viktoriaa.glow23/video/7691220060458798368
7679475208654294290,https://www.tiktok.com/@mila.banky/video/7679475208654294290
7690594585315233044,https://www.tiktok.com/@lizaa.banochki/video/7690594585315233044
7690572341792754977,https://www.tiktok.com/@rxww46/video/7690572341792754977
7691782387285495042,https://www.tiktok.com/@ksushaaa.beauty/video/7691782387285495042
7649357890855259393,https://www.tiktok.com/@padberu/video/7649357890855259393
7690534908690795784,https://www.tiktok.com/@adilyatat/video/7690534908690795784
7690812549016620340,https://www.tiktok.com/@svetapancake/video/7690812549016620340
7691295704152640790,https://www.tiktok.com/@kitty.probanochki/video/7691295704152640790
7691661386946071816,https://www.tiktok.com/@harezon1/video/7691661386946071816
7690649205395770625,https://www.tiktok.com/@sholakorgan_et/video/7690649205395770625
7689814054818434322,https://www.tiktok.com/@bella.probeauty/video/7689814054818434322
7691335317449690375,https://www.tiktok.com/@rubli_nameste_/video/7691335317449690375
7691752204402822433,https://www.tiktok.com/@mimirochkaa/video/7691752204402822433
7690964178021960968,https://www.tiktok.com/@yapanda.li/video/7690964178021960968
7691685482907913478,https://www.tiktok.com/@elkaalllli/video/7691685482907913478
7691373978824363272,https://www.tiktok.com/@books_eli/video/7691373978824363272
7663164620974574868,https://www.tiktok.com/@sanicka_nails/video/7663164620974574868
7691022481540271367,https://www.tiktok.com/@ekonom_skidochki/video/7691022481540271367
7690284543055580448,https://www.tiktok.com/@rusbogomolshop/video/7690284543055580448
7691049213706210592,https://www.tiktok.com/@iknoweverything2027/video/7691049213706210592
7671214268418919698,https://www.tiktok.com/@elotoplenie/video/7671214268418919698
7691049039042743584,https://www.tiktok.com/@iknoweverything2027/video/7691049039042743584
7676849854395534614,https://www.tiktok.com/@sashaluvio/video/7676849854395534614
7690453133021039873,https://www.tiktok.com/@dostavista_na_rayone/video/7690453133021039873
7683952191849172244,https://www.tiktok.com/@froshixs/video/7683952191849172244
7690244808383794454,https://www.tiktok.com/@sashaluvio/video/7690244808383794454
7679392304108522784,https://www.tiktok.com/@khayatov812/video/7679392304108522784
7674628115653512455,https://www.tiktok.com/@shovofficial/video/7674628115653512455
7691652820956761366,https://www.tiktok.com/@skidkatochka/video/7691652820956761366
7672354582617541905,https://www.tiktok.com/@vasilisa_wbgirl/video/7672354582617541905
7626737852080180500,https://www.tiktok.com/@luliy0u/video/7626737852080180500
7673345354737208609,https://www.tiktok.com/@alivteme/video/7673345354737208609
7690194332162231560,https://www.tiktok.com/@sutsinl/video/7690194332162231560
7685012340634307861,https://www.tiktok.com/@kurerdostavista1/video/7685012340634307861
7672094117102439713,https://www.tiktok.com/@teeth.tells/video/7672094117102439713
7673896817054059797,https://www.tiktok.com/@kurerdostavista1/video/7673896817054059797
7691024680672677138,https://www.tiktok.com/@dostavista_na_rayone/video/7691024680672677138
7576318924132928786,https://www.tiktok.com/@vekshy08/video/7576318924132928786
7674304310045363486,https://www.tiktok.com/@honoli30/video/7674304310045363486
7690882950040259847,https://www.tiktok.com/@family_skidki/video/7690882950040259847
7677658593763642645,https://www.tiktok.com/@kupon.by/video/7677658593763642645
7690132506892324110,https://www.tiktok.com/@promokodnya/video/7690132506892324110
7680186449190243606,https://www.tiktok.com/@mosta4okk/video/7680186449190243606
7688358813224865031,https://www.tiktok.com/@dostavista_na_rayone/video/7688358813224865031
7603774612828081430,https://www.tiktok.com/@blvxtv/video/7603774612828081430
7686129432775380231,https://www.tiktok.com/@mardan_king/video/7686129432775380231
7679947757657804039,https://www.tiktok.com/@dianyxelle_care/video/7679947757657804039
7690555882978954526,https://www.tiktok.com/@skidka_joe/video/7690555882978954526
7574094137557781768,https://www.tiktok.com/@paramonova_as/video/7574094137557781768
7688324815198915862,https://www.tiktok.com/@aigyl5139/video/7688324815198915862
7691602396694318369,https://www.tiktok.com/@mamasita_ua_leipzig/video/7691602396694318369
7691229132872502560,https://www.tiktok.com/@danetka_beauty6/video/7691229132872502560
7682895273915436289,https://www.tiktok.com/@sofyakupreeva/video/7682895273915436289
7690509586599628038,https://www.tiktok.com/@xal9va_pridi/video/7690509586599628038
7690063679995284754,https://www.tiktok.com/@havchik_skidka/video/7690063679995284754
7690513374832119060,https://www.tiktok.com/@ksu_rev/video/7690513374832119060
7690321493338721537,https://www.tiktok.com/@imlerysha/video/7690321493338721537
7689969753380637982,https://www.tiktok.com/@natalia_creator/video/7689969753380637982
7624091927960472853,https://www.tiktok.com/@1minute_setup/video/7624091927960472853
7672393391623261454,https://www.tiktok.com/@stone_showroom1/video/7672393391623261454
7690511611077037318,https://www.tiktok.com/@skidkonos_/video/7690511611077037318
7689895966123543829,https://www.tiktok.com/@magnatskidok/video/7689895966123543829
7558715478814870806,https://www.tiktok.com/@altay__kz/video/7558715478814870806
7660242897731718418,https://www.tiktok.com/@dohioooo/video/7660242897731718418
7674523504334736672,https://www.tiktok.com/@marinasaliutlife/video/7674523504334736672
7683247568414887185,https://www.tiktok.com/@sofyakupreeva/video/7683247568414887185
7633507184508243208,https://www.tiktok.com/@user5747863243675/video/7633507184508243208
7673925214979394837,https://www.tiktok.com/@timurtopaboy/video/7673925214979394837
7677654472574766343,https://www.tiktok.com/@violefbhcbg/video/7677654472574766343
7687649331007982855,https://www.tiktok.com/@beauty_darii02/video/7687649331007982855
7608260296968244502,https://www.tiktok.com/@silvinit_t/video/7608260296968244502
7690479935139351816,https://www.tiktok.com/@skidkalov/video/7690479935139351816
7679466064345828626,https://www.tiktok.com/@violefbhcbg/video/7679466064345828626
7647161619025349896,https://www.tiktok.com/@user5747863243675/video/7647161619025349896
7691763701300464916,https://www.tiktok.com/@zazabottega/video/7691763701300464916
7573611651610594572,https://www.tiktok.com/@hazekisultan/video/7573611651610594572
7609012674441121045,https://www.tiktok.com/@kallinankek/video/7609012674441121045
7690865653149961479,https://www.tiktok.com/@skidkalov/video/7690865653149961479
7685746787226799392,https://www.tiktok.com/@fmashito/video/7685746787226799392
7691565694558817543,https://www.tiktok.com/@skidkalov/video/7691565694558817543
7689325335107603764,https://www.tiktok.com/@aira_crmp/video/7689325335107603764
7676904394356493575,https://www.tiktok.com/@dissidentik0/video/7676904394356493575
7691269166845955334,https://www.tiktok.com/@vigodnaya_lavka/video/7691269166845955334
7691649934289882376,https://www.tiktok.com/@rubli_nameste_/video/7691649934289882376
7688707091233623302,https://www.tiktok.com/@po.deshaky/video/7688707091233623302
7690975790938230023,https://www.tiktok.com/@skidkonos_/video/7690975790938230023
7607885929642167573,https://www.tiktok.com/@ulyanitaa/video/7607885929642167573
7605742949304929556,https://www.tiktok.com/@torontosmartdeals/video/7605742949304929556
7684260655523695879,https://www.tiktok.com/@glovo_kazakhstan/video/7684260655523695879
7691225247395187976,https://www.tiktok.com/@rare__vi/video/7691225247395187976
7588124752380808470,https://www.tiktok.com/@chanel_66666666/video/7588124752380808470
7673950030385941761,https://www.tiktok.com/@yandex_promokod_kz_/video/7673950030385941761
7689765456273509653,https://www.tiktok.com/@yanochka000111/video/7689765456273509653
7688751360812027143,https://www.tiktok.com/@skidkalov/video/7688751360812027143
7681822525046787336,https://www.tiktok.com/@glonk_22/video/7681822525046787336
7658477779318525205,https://www.tiktok.com/@engfawaraha80/video/7658477779318525205
7691250100076678421,https://www.tiktok.com/@yanotik.2000/video/7691250100076678421
7680193616089795861,https://www.tiktok.com/@viocare4/video/7680193616089795861
7599965742733331742,https://www.tiktok.com/@mesto_kaifa_official/video/7599965742733331742
7622824645573561632,https://www.tiktok.com/@ref_tm/video/7622824645573561632
7600025972317916438,https://www.tiktok.com/@giogerbaddros1977/video/7600025972317916438
7690615272889126164,https://www.tiktok.com/@nurmuzik088/video/7690615272889126164
7634251181123964180,https://www.tiktok.com/@danil_kashirin/video/7634251181123964180
7685822956508810503,https://www.tiktok.com/@ivan_shoping/video/7685822956508810503
7690193777142615304,https://www.tiktok.com/@saltsphxsaj/video/7690193777142615304
7690242823316163861,https://www.tiktok.com/@nurdaulet.tolepbergen/video/7690242823316163861
7615192088291872031,https://www.tiktok.com/@rectocha/video/7615192088291872031
7657431627127147783,https://www.tiktok.com/@pepe_promocodes/video/7657431627127147783
7691286654023273730,https://www.tiktok.com/@korne.ich/video/7691286654023273730
7662390877138013448,https://www.tiktok.com/@aidyn_dossymbayev/video/7662390877138013448
7641882207916805408,https://www.tiktok.com/@altay__kz/video/7641882207916805408
7688141732420062484,https://www.tiktok.com/@shrtlvdi/video/7688141732420062484
7686408842644589842,https://www.tiktok.com/@wolt.kazakhstan/video/7686408842644589842
7687076947834211592,https://www.tiktok.com/@madikuu19/video/7687076947834211592
7689836222339992840,https://www.tiktok.com/@garage.670/video/7689836222339992840
7605621259220651285,https://www.tiktok.com/@trendy_1k/video/7605621259220651285
7686780312893934869,https://www.tiktok.com/@armenia_promocodes/video/7686780312893934869
7617113011681004821,https://www.tiktok.com/@mentos0900/video/7617113011681004821
7686456782218186006,https://www.tiktok.com/@eduard_fin_melniko/video/7686456782218186006
7689969357371329813,https://www.tiktok.com/@monopremiym/video/7689969357371329813
7688764115447287060,https://www.tiktok.com/@promofilips/video/7688764115447287060
7626306718196190482,https://www.tiktok.com/@promikvdomik2/video/7626306718196190482
7688051546298387725,https://www.tiktok.com/@kipka333/video/7688051546298387725
7689495526315773197,https://www.tiktok.com/@ttmisadwuky/video/7689495526315773197
7690648790289747218,https://www.tiktok.com/@linwhite09/video/7690648790289747218
7662758991243611410,https://www.tiktok.com/@user32527665138480/video/7662758991243611410
7686896715965926677,https://www.tiktok.com/@ggfix84/video/7686896715965926677
7679051844038970632,https://www.tiktok.com/@valentinitch/video/7679051844038970632
7681594424282942738,https://www.tiktok.com/@valentinitch/video/7681594424282942738
7680934153314979090,https://www.tiktok.com/@valentinitch/video/7680934153314979090
7681252778437774600,https://www.tiktok.com/@valentinitch/video/7681252778437774600
7686419070333340946,https://www.tiktok.com/@valentinitch/video/7686419070333340946
7576906466846723360,https://www.tiktok.com/@botege2026mazafaka/video/7576906466846723360
7690680440826400031,https://www.tiktok.com/@8r0dyagin/video/7690680440826400031
7690290258524622100,https://www.tiktok.com/@petru4o_/video/7690290258524622100
7683118838136884498,https://www.tiktok.com/@valentinitch/video/7683118838136884498
7690642299226787086,https://www.tiktok.com/@tvoayadam/video/7690642299226787086
7681955452615150855,https://www.tiktok.com/@valentinitch/video/7681955452615150855
7690204680781221128,https://www.tiktok.com/@whatdash/video/7690204680781221128
7690308153413602582,https://www.tiktok.com/@lixsq_6/video/7690308153413602582
7683453622763539725,https://www.tiktok.com/@malynaghg/video/7683453622763539725
7690194472885292309,https://www.tiktok.com/@dashikk.r/video/7690194472885292309
7685290265086528775,https://www.tiktok.com/@100pointsrepetitor/video/7685290265086528775
7686830647947578632,https://www.tiktok.com/@valentinitch/video/7686830647947578632
7680185548845206791,https://www.tiktok.com/@valentinitch/video/7680185548845206791
7690004298108914975,https://www.tiktok.com/@fandanyavasilyev/video/7690004298108914975
7690226065255484692,https://www.tiktok.com/@yuliaa21.9/video/7690226065255484692
7678654591617076487,https://www.tiktok.com/@valentinitch/video/7678654591617076487
7691028430950812949,https://www.tiktok.com/@belvita_09/video/7691028430950812949
7662358573195758868,https://www.tiktok.com/@kozyrevvaaa/video/7662358573195758868
7690646898205543700,https://www.tiktok.com/@xxx1_sofa_1xxx/video/7690646898205543700
7588460823434120480,https://www.tiktok.com/@azazatt/video/7588460823434120480
7690326747635633426,https://www.tiktok.com/@dimamadrid511/video/7690326747635633426
7690664770302709000,https://www.tiktok.com/@kisnoni/video/7690664770302709000
7690508447195909409,https://www.tiktok.com/@lyubashkiina/video/7690508447195909409
7631224913449241888,https://www.tiktok.com/@nessa_vva/video/7631224913449241888
7686541934877412615,https://www.tiktok.com/@yaarechka/video/7686541934877412615
7690214283212360990,https://www.tiktok.com/@bio.n.chem/video/7690214283212360990
7691760761412046100,https://www.tiktok.com/@russia18_3/video/7691760761412046100
7689527684392553749,https://www.tiktok.com/@russia18_3/video/7689527684392553749
7690609315136228622,https://www.tiktok.com/@zubckova544/video/7690609315136228622
7690251787453910293,https://www.tiktok.com/@_n_a_s_t_y_a_0/video/7690251787453910293
7690322835104976146,https://www.tiktok.com/@dimamadrid511/video/7690322835104976146
7685022460864957716,https://www.tiktok.com/@vwwlr/video/7685022460864957716
7690921377116753184,https://www.tiktok.com/@lyubashkiina/video/7690921377116753184
7690638709506444552,https://www.tiktok.com/@kibrish74/video/7690638709506444552
7690503633837870356,https://www.tiktok.com/@jul.leva/video/7690503633837870356
7690318028776410376,https://www.tiktok.com/@vremya_rass.veta/video/7690318028776410376
7691752533223591188,https://www.tiktok.com/@toopambi2/video/7691752533223591188
7658739210265824533,https://www.tiktok.com/@darunya.me/video/7658739210265824533
7581104086242692370,https://www.tiktok.com/@mwwk.xx/video/7581104086242692370
7690304957265956116,https://www.tiktok.com/@mef_edrone/video/7690304957265956116
7690678136052239637,https://www.tiktok.com/@axenovas/video/7690678136052239637
7689403707837943061,https://www.tiktok.com/@abidybi/video/7689403707837943061
7691390739233705223,https://www.tiktok.com/@ne0nchik_0/video/7691390739233705223
7690221436937506056,https://www.tiktok.com/@kind.broski/video/7690221436937506056
7690323831159803154,https://www.tiktok.com/@ldrlovery/video/7690323831159803154
7690975067840302356,https://www.tiktok.com/@kaiffliffe/video/7690975067840302356
7690468307350211861,https://www.tiktok.com/@gurudar1a/video/7690468307350211861
7683040705878527250,https://www.tiktok.com/@azhgulovv/video/7683040705878527250
7690483421860072712,https://www.tiktok.com/@ilyaprodengi/video/7690483421860072712
7690634385447456018,https://www.tiktok.com/@misa.georghita/video/7690634385447456018
7691350056607239476,https://www.tiktok.com/@poslezavtra_dybintys/video/7691350056607239476
7690510821893377312,https://www.tiktok.com/@la.tantrique.pari/video/7690510821893377312
7612292406595194130,https://www.tiktok.com/@yaninatarolog/video/7612292406595194130
7691022519041674503,https://www.tiktok.com/@yg00da/video/7691022519041674503
7690926701051694358,https://www.tiktok.com/@vm__lashes/video/7690926701051694358
7691774233453677842,https://www.tiktok.com/@mayacarsisrael/video/7691774233453677842
7691737851729349902,https://www.tiktok.com/@dvizhuha100b/video/7691737851729349902
7690306849819626772,https://www.tiktok.com/@petru4o_/video/7690306849819626772
7691058237759655186,https://www.tiktok.com/@ishhaxtdyb1/video/7691058237759655186
7690197021080292626,https://www.tiktok.com/@prostosaidjon/video/7690197021080292626
7690217865022098706,https://www.tiktok.com/@e_m_a_r0/video/7690217865022098706
7690312120990436630,https://www.tiktok.com/@alekseevna_2106/video/7690312120990436630
7664643164849982727,https://www.tiktok.com/@.i.i100/video/7664643164849982727
7690199161672682770,https://www.tiktok.com/@vatsok_ne_bidlo/video/7690199161672682770
7690296299882564872,https://www.tiktok.com/@dimamadrid511/video/7690296299882564872
7690216741636590869,https://www.tiktok.com/@lestr59/video/7690216741636590869
7690195628164517121,https://www.tiktok.com/@annywea/video/7690195628164517121
7687968011654860052,https://www.tiktok.com/@zlata_babushkina1/video/7687968011654860052
7690192304216362261,https://www.tiktok.com/@gavryusha777/video/7690192304216362261
7689945419840769301,https://www.tiktok.com/@ctobballov/video/7689945419840769301
7691055737631411477,https://www.tiktok.com/@ctobballov/video/7691055737631411477
7689475229432827156,https://www.tiktok.com/@maamrota_/video/7689475229432827156
7691420934703467797,https://www.tiktok.com/@ctobballov/video/7691420934703467797
7690701340552465686,https://www.tiktok.com/@vika_na_grycti/video/7690701340552465686
7691415873717800212,https://www.tiktok.com/@lerauu/video/7691415873717800212
7691053430651014421,https://www.tiktok.com/@ctobballov/video/7691053430651014421
7690200720959737095,https://www.tiktok.com/@shinkoshh/video/7690200720959737095
7690900441021877505,https://www.tiktok.com/@akasadzhik/video/7690900441021877505
7690306506444541205,https://www.tiktok.com/@vikusik9158/video/7690306506444541205
7690316285846097174,https://www.tiktok.com/@vika_na_grycti/video/7690316285846097174
7690277573422763267,https://www.tiktok.com/@vika_na_grycti/video/7690277573422763267
7691345166006799617,https://www.tiktok.com/@mashlalolol/video/7691345166006799617
7690199863308373261,https://www.tiktok.com/@lloll_keek/video/7690199863308373261
7691008951206317332,https://www.tiktok.com/@mashlalolol/video/7691008951206317332
7690234276696050950,https://www.tiktok.com/@nadjqw/video/7690234276696050950
7690216755825806613,https://www.tiktok.com/@lestr59/video/7690216755825806613
7690981904018869524,https://www.tiktok.com/@nissa_w8/video/7690981904018869524
7651329839978269970,https://www.tiktok.com/@vaiq10/video/7651329839978269970
7690212881891200278,https://www.tiktok.com/@tefan7876/video/7690212881891200278
7690220949123239186,https://www.tiktok.com/@wayfludd/video/7690220949123239186
7691002662199774485,https://www.tiktok.com/@egkforever/video/7691002662199774485
7690191342944718100,https://www.tiktok.com/@mar_ice_fk/video/7690191342944718100
7690980827911490848,https://www.tiktok.com/@nessa_vva/video/7690980827911490848
7690334320334081300,https://www.tiktok.com/@yauliana1/video/7690334320334081300
7691347432227097877,https://www.tiktok.com/@4865_metin/video/7691347432227097877
7562797651960417557,https://www.tiktok.com/@classmetall/video/7562797651960417557
7559623432787348754,https://www.tiktok.com/@karinkka278/video/7559623432787348754
7691781222762040596,https://www.tiktok.com/@kristmahach/video/7691781222762040596
7665417737115536658,https://www.tiktok.com/@bs.s1mpl/video/7665417737115536658
7651328884054478098,https://www.tiktok.com/@vaiq10/video/7651328884054478098
7690720157362113799,https://www.tiktok.com/@prostosaidjon/video/7690720157362113799
7690197618269392136,https://www.tiktok.com/@__mashka_m/video/7690197618269392136
7569722484115672331,https://www.tiktok.com/@aegis.boost.b100/video/7569722484115672331
7690714551716760853,https://www.tiktok.com/@mma_shka.li/video/7690714551716760853
7690236371994217748,https://www.tiktok.com/@child_son_/video/7690236371994217748
7690622329059101973,https://www.tiktok.com/@froshixs/video/7690622329059101973
7690279796953091349,https://www.tiktok.com/@clovn2282/video/7690279796953091349
7689204314744589589,https://www.tiktok.com/@ctobballov/video/7689204314744589589
7690480140450614559,https://www.tiktok.com/@elizabethhh0_0/video/7690480140450614559
7690216761026809095,https://www.tiktok.com/@pisahliy/video/7690216761026809095
7690193438997843220,https://www.tiktok.com/@gavryusha777/video/7690193438997843220
7691382659284716801,https://www.tiktok.com/@burmalcheshka/video/7691382659284716801
7691032181052869896,https://www.tiktok.com/@way_marina1/video/7691032181052869896
7689955227000114450,https://www.tiktok.com/@creatortiktoka/video/7689955227000114450
7690596604469857568,https://www.tiktok.com/@lyubashkiina/video/7690596604469857568
7690213821541059860,https://www.tiktok.com/@laburpal_dakar/video/7690213821541059860
7638094549394525447,https://www.tiktok.com/@jiaulhasanraza/video/7638094549394525447
7690201596159905056,https://www.tiktok.com/@rasuldedil/video/7690201596159905056
7690653537834913025,https://www.tiktok.com/@studyyyf/video/7690653537834913025
7641643392891489543,https://www.tiktok.com/@nicolascasellaa/video/7641643392891489543
7639323078362877187,https://www.tiktok.com/@syyahat_maxfone/video/7639323078362877187
7690917300848839949,https://www.tiktok.com/@nik_vikaaaaa/video/7690917300848839949
7691253277173812500,https://www.tiktok.com/@abinarezki/video/7691253277173812500
7690205359742438676,https://www.tiktok.com/@wwwal_okei/video/7690205359742438676
7690196830746889505,https://www.tiktok.com/@dinzzkpkm/video/7690196830746889505
7691626387555224854,https://www.tiktok.com/@ktchkw/video/7691626387555224854
7690191143061015815,https://www.tiktok.com/@lepslyandya.aaaa/video/7690191143061015815
7686837954714553607,https://www.tiktok.com/@chxrry.editor7/video/7686837954714553607
7690231228691221792,https://www.tiktok.com/@dinzzkpkm/video/7690231228691221792
7685870519643671830,https://www.tiktok.com/@aninhamendoza12/video/7685870519643671830
7605020881030614304,https://www.tiktok.com/@ya.musicw/video/7605020881030614304
7682759431871941906,https://www.tiktok.com/@azart272/video/7682759431871941906
7683114051366309134,https://www.tiktok.com/@simple_24drawings/video/7683114051366309134
7691260580685958420,https://www.tiktok.com/@eugenwfekbn/video/7691260580685958420
7673156983087713543,https://www.tiktok.com/@ludik_krot67/video/7673156983087713543
7690189810455153940,https://www.tiktok.com/@stepochka33/video/7690189810455153940
7684972016470068500,https://www.tiktok.com/@tyk6472/video/7684972016470068500
7690213586056039700,https://www.tiktok.com/@stepochka33/video/7690213586056039700
7690260206864977172,https://www.tiktok.com/@ptiptsa/video/7690260206864977172
7690349092467117326,https://www.tiktok.com/@leskin100p/video/7690349092467117326
7690230590200712461,https://www.tiktok.com/@horizonnextdoor/video/7690230590200712461
7690240334114196757,https://www.tiktok.com/@oksi_yara/video/7690240334114196757
7690294549696023814,https://www.tiktok.com/@ctobballov/video/7690294549696023814
7691312520472218883,https://www.tiktok.com/@ktchkw/video/7691312520472218883
7689493881531976963,https://www.tiktok.com/@arinuara/video/7689493881531976963
7690299280728378645,https://www.tiktok.com/@vadimfomm04/video/7690299280728378645
7690548275476253970,https://www.tiktok.com/@paralex222/video/7690548275476253970
7690208562722721038,https://www.tiktok.com/@vik_ch08/video/7690208562722721038
7575986159638039864,https://www.tiktok.com/@flipz_tech05/video/7575986159638039864
7688819858594598165,https://www.tiktok.com/@2r74ufure7506/video/7688819858594598165
7624220638827285773,https://www.tiktok.com/@bakionchick5/video/7624220638827285773
7689079887923121416,https://www.tiktok.com/@grginsos/video/7689079887923121416
7689701842619567361,https://www.tiktok.com/@etoleronbaron1324/video/7689701842619567361
7691385825212353824,https://www.tiktok.com/@lisssko3/video/7691385825212353824
7690105124127083808,https://www.tiktok.com/@lisssko3/video/7690105124127083808
7690285192010829076,https://www.tiktok.com/@bfycjdn/video/7690285192010829076
7690256397799345428,https://www.tiktok.com/@hsshhhkins/video/7690256397799345428
7690451273073610016,https://www.tiktok.com/@stobcoreee/video/7690451273073610016
7690924310550154497,https://www.tiktok.com/@faisaldubaimobile/video/7690924310550154497
7690588965241392391,https://www.tiktok.com/@revolsssy/video/7690588965241392391
7688411904825462037,https://www.tiktok.com/@maamrota_/video/7688411904825462037
7688392562675174663,https://www.tiktok.com/@slehak1/video/7688392562675174663
7690210936732323093,https://www.tiktok.com/@l1m0n41k_l/video/7690210936732323093
7633011063373450517,https://www.tiktok.com/@5g.in.ua/video/7633011063373450517
7691386108235615521,https://www.tiktok.com/@ghs1091/video/7691386108235615521
7691809967912930582,https://www.tiktok.com/@licvk3/video/7691809967912930582
7631300874622553366,https://www.tiktok.com/@barbositd1/video/7631300874622553366
7636193805175196949,https://www.tiktok.com/@melldrunchick1337/video/7636193805175196949
7686063748087467282,https://www.tiktok.com/@revolsssy/video/7686063748087467282
7691777729091472658,https://www.tiktok.com/@afinlly/video/7691777729091472658
7691822735168720136,https://www.tiktok.com/@safirabianco/video/7691822735168720136
7666485981519973653,https://www.tiktok.com/@mugretnug/video/7666485981519973653
7664525533488745761,https://www.tiktok.com/@iribabylife/video/7664525533488745761
7672043618818919712,https://www.tiktok.com/@mister.darmar/video/7672043618818919712
7688671468749720864,https://www.tiktok.com/@_mama.dodo_/video/7688671468749720864
7652702682880199969,https://www.tiktok.com/@ame.amik/video/7652702682880199969
7678999083138288916,https://www.tiktok.com/@.catriiis/video/7678999083138288916
7691069283786427669,https://www.tiktok.com/@mickey_mouse_6666/video/7691069283786427669
7679476553109081366,https://www.tiktok.com/@tvoryga_/video/7679476553109081366
7662057857092832533,https://www.tiktok.com/@yn_zek/video/7662057857092832533
7677998767739604256,https://www.tiktok.com/@user8045531859333/video/7677998767739604256
7670937052053114128,https://www.tiktok.com/@mladzikk/video/7670937052053114128
7691326657575079201,https://www.tiktok.com/@angelikaradosteva/video/7691326657575079201
7679798283685973281,https://www.tiktok.com/@darvin.ya/video/7679798283685973281
7689695564254022932,https://www.tiktok.com/@bozorchi_elyor1/video/7689695564254022932
7691289021196078356,https://www.tiktok.com/@kofeprime/video/7691289021196078356
7646128649090895112,https://www.tiktok.com/@aii.293/video/7646128649090895112
7683872764138212628,https://www.tiktok.com/@eresmiivida_life/video/7683872764138212628
7687714486580481301,https://www.tiktok.com/@ulyanauvula_/video/7687714486580481301
7663410830515391774,https://www.tiktok.com/@kae4kaa/video/7663410830515391774
7690169538763164961,https://www.tiktok.com/@maricollectorrr/video/7690169538763164961
7675029758823894280,https://www.tiktok.com/@mashera_show/video/7675029758823894280
7669737479515229461,https://www.tiktok.com/@ler4y/video/7669737479515229461
7686942021067607316,https://www.tiktok.com/@vladragovsky/video/7686942021067607316
7674219193541168417,https://www.tiktok.com/@lekaww1/video/7674219193541168417
7662548031870389518,https://www.tiktok.com/@seojobs0/video/7662548031870389518
7588937165602606348,https://www.tiktok.com/@nikscxukv156/video/7588937165602606348
7634996202030763284,https://www.tiktok.com/@g0sl1ng_bs/video/7634996202030763284
7560670781492055304,https://www.tiktok.com/@cccpwh/video/7560670781492055304
7620164538482134292,https://www.tiktok.com/@zzzzzooooovvvv_/video/7620164538482134292
7610112132713155848,https://www.tiktok.com/@maymeymik/video/7610112132713155848
7691600460012064006,https://www.tiktok.com/@timoric__/video/7691600460012064006
7672311510034631944,https://www.tiktok.com/@user36744412346271/video/7672311510034631944
7688969282444627233,https://www.tiktok.com/@ogonetschek6/video/7688969282444627233
7595371340782161174,https://www.tiktok.com/@kirav568/video/7595371340782161174
7686529540990061845,https://www.tiktok.com/@sabinanerus/video/7686529540990061845
7690112321179356417,https://www.tiktok.com/@nesrochu1/video/7690112321179356417
7675764373226540318,https://www.tiktok.com/@tagirlke864/video/7675764373226540318
7667297995200761108,https://www.tiktok.com/@ge_ti_ex/video/7667297995200761108
7667149377466551573,https://www.tiktok.com/@elop2194/video/7667149377466551573
7680596835395718420,https://www.tiktok.com/@norv1lmaster/video/7680596835395718420
7642329197309955349,https://www.tiktok.com/@semarussia/video/7642329197309955349
7676426249895480596,https://www.tiktok.com/@_ti_yebok_/video/7676426249895480596
7614531337793424653,https://www.tiktok.com/@maloysibirskiy/video/7614531337793424653
7678420311913565458,https://www.tiktok.com/@dme_ro/video/7678420311913565458
7685786975638539552,https://www.tiktok.com/@afterschoolway/video/7685786975638539552
7689540290654244118,https://www.tiktok.com/@ksuush.a1/video/7689540290654244118
7685001871509048596,https://www.tiktok.com/@vovaproveril/video/7685001871509048596
7655735509532118292,https://www.tiktok.com/@signetby/video/7655735509532118292
7691341395843353877,https://www.tiktok.com/@vliekso4ka/video/7691341395843353877
7588905395641453836,https://www.tiktok.com/@anoibelieve/video/7588905395641453836
7605290086980259074,https://www.tiktok.com/@zazelllee/video/7605290086980259074
7690654697232928032,https://www.tiktok.com/@kimtarot_1/video/7690654697232928032
7675602949992713479,https://www.tiktok.com/@stepan.karapetyan.0/video/7675602949992713479
7605337127127092500,https://www.tiktok.com/@coconutka1/video/7605337127127092500
7688041250271874324,https://www.tiktok.com/@sergey_arsenal/video/7688041250271874324
7679794864342437140,https://www.tiktok.com/@asia_ray15/video/7679794864342437140
7673240642989985044,https://www.tiktok.com/@bylba11015/video/7673240642989985044
7627742217867726098,https://www.tiktok.com/@mr.busines01/video/7627742217867726098
7674978265945115924,https://www.tiktok.com/@kkrollan/video/7674978265945115924
7691555022366117138,https://www.tiktok.com/@concordemotorsrus/video/7691555022366117138
7673556721423928597,https://www.tiktok.com/@margoronaldoo/video/7673556721423928597
7637819464934804743,https://www.tiktok.com/@pancakeser/video/7637819464934804743
7664368588697931015,https://www.tiktok.com/@user4715684541181/video/7664368588697931015
7682377968047361300,https://www.tiktok.com/@lapalilpuplover/video/7682377968047361300
7685036884883410196,https://www.tiktok.com/@arame_ergnyan/video/7685036884883410196
7631610927187561746,https://www.tiktok.com/@verolluna/video/7631610927187561746
7662920669331590420,https://www.tiktok.com/@brckmnn/video/7662920669331590420
7675682369227066632,https://www.tiktok.com/@maslenok066/video/7675682369227066632
7565366050439859458,https://www.tiktok.com/@option_play/video/7565366050439859458
7566490170472631574,https://www.tiktok.com/@option_play/video/7566490170472631574
7679105905375464725,https://www.tiktok.com/@rikarin_desu/video/7679105905375464725
7686971326237560084,https://www.tiktok.com/@ktsmrnvv/video/7686971326237560084
7623841659352042759,https://www.tiktok.com/@dur_alin/video/7623841659352042759
7686828868774169869,https://www.tiktok.com/@kwustes/video/7686828868774169869
7634075801092148500,https://www.tiktok.com/@dranik.dora/video/7634075801092148500
7589693212680260886,https://www.tiktok.com/@mihyndr/video/7589693212680260886
7676084101891329302,https://www.tiktok.com/@katzentech/video/7676084101891329302
7600112465027829023,https://www.tiktok.com/@manovix1/video/7600112465027829023
7683960718114245908,https://www.tiktok.com/@vladimirkoldunkov/video/7683960718114245908
7682832898096925966,https://www.tiktok.com/@tritis_end/video/7682832898096925966
7635565578450881810,https://www.tiktok.com/@baigazy.t/video/7635565578450881810
7681272491083386134,https://www.tiktok.com/@homlddshhe/video/7681272491083386134
7685442211261009173,https://www.tiktok.com/@stylehoop/video/7685442211261009173
7687585772819598612,https://www.tiktok.com/@adrenalinshorts2/video/7687585772819598612
7566891827962350870,https://www.tiktok.com/@option_play/video/7566891827962350870
7687840766894361874,https://www.tiktok.com/@ropanchik/video/7687840766894361874
7666398187963305246,https://www.tiktok.com/@chtoluchshe1/video/7666398187963305246
7679904839240912151,https://www.tiktok.com/@homlddshhe/video/7679904839240912151
7599252981065796897,https://www.tiktok.com/@option_play/video/7599252981065796897
7687998230566554887,https://www.tiktok.com/@montax_editor/video/7687998230566554887
7687719476061621517,https://www.tiktok.com/@yojollyrl/video/7687719476061621517
7659352745337556245,https://www.tiktok.com/@zxc676767696/video/7659352745337556245
7687729375621516562,https://www.tiktok.com/@whatif_ru/video/7687729375621516562
7687541348475424021,https://www.tiktok.com/@user7113885124697/video/7687541348475424021
7688023093016579361,https://www.tiktok.com/@username09201019/video/7688023093016579361
7686868114713218317,https://www.tiktok.com/@nasharuss/video/7686868114713218317
7667574375859703056,https://www.tiktok.com/@ivan2811145/video/7667574375859703056
7679157026982808864,https://www.tiktok.com/@facts_du/video/7679157026982808864
7686589018087247126,https://www.tiktok.com/@ezhovgrad/video/7686589018087247126
7687721580222352653,https://www.tiktok.com/@justgorgo/video/7687721580222352653
7686945786877283615,https://www.tiktok.com/@saltmine57/video/7686945786877283615
7687538008228252946,https://www.tiktok.com/@qwertyp6714885242/video/7687538008228252946
7687184194627243271,https://www.tiktok.com/@shamilin_life/video/7687184194627243271
7679506017125731617,https://www.tiktok.com/@homlddshhe/video/7679506017125731617
7686743727678721294,https://www.tiktok.com/@user5408600652622/video/7686743727678721294
7686580611984772359,https://www.tiktok.com/@samural4k3/video/7686580611984772359
7686528941447859477,https://www.tiktok.com/@verstka_media/video/7686528941447859477
7687623160493083936,https://www.tiktok.com/@alllsemenovna/video/7687623160493083936
7686843404549901589,https://www.tiktok.com/@villnet_zx/video/7686843404549901589
7687595254555348242,https://www.tiktok.com/@novarie27/video/7687595254555348242
7687528890662653217,https://www.tiktok.com/@kolkina_9/video/7687528890662653217
7687680943997455624,https://www.tiktok.com/@hantaviruscovid/video/7687680943997455624
7594174152911637772,https://www.tiktok.com/@shsjsjajaj28/video/7594174152911637772
7686768491432512782,https://www.tiktok.com/@memnp7/video/7686768491432512782
7664264127229021462,https://www.tiktok.com/@user9304768461786/video/7664264127229021462
7672543535366769940,https://www.tiktok.com/@lorrrelis/video/7672543535366769940
7686478181313957137,https://www.tiktok.com/@russian_adekvat_/video/7686478181313957137
7687485666183154962,https://www.tiktok.com/@dr7gs.0_o/video/7687485666183154962
7687692192630017300,https://www.tiktok.com/@infomoscow24/video/7687692192630017300
7687674652839152904,https://www.tiktok.com/@burmaldariki670/video/7687674652839152904
7615514518629797153,https://www.tiktok.com/@option_play/video/7615514518629797153
7598492729793957152,https://www.tiktok.com/@option_play/video/7598492729793957152
7623029422987300128,https://www.tiktok.com/@option_play/video/7623029422987300128
7624910688095391009,https://www.tiktok.com/@option_play/video/7624910688095391009
7640134106692455712,https://www.tiktok.com/@option_play/video/7640134106692455712
7687696921338727701,https://www.tiktok.com/@infomoscow24/video/7687696921338727701
7618942953100299552,https://www.tiktok.com/@option_play/video/7618942953100299552
7592518579912838432,https://www.tiktok.com/@option_play/video/7592518579912838432
7689918898103192833,https://www.tiktok.com/@psinasik/video/7689918898103192833
7687250354387307809,https://www.tiktok.com/@peacepls4/video/7687250354387307809
7633337350193466644,https://www.tiktok.com/@dichebanayaa/video/7633337350193466644
7656373653109493013,https://www.tiktok.com/@mskaramelkaaa/video/7656373653109493013
7626425735665782034,https://www.tiktok.com/@hramus_fm/video/7626425735665782034
7672894786856045831,https://www.tiktok.com/@bru_mey/video/7672894786856045831
7602273965335137558,https://www.tiktok.com/@kinofartuna2026/video/7602273965335137558
7642425978140036360,https://www.tiktok.com/@91031437k8m/video/7642425978140036360
7687610736192818445,https://www.tiktok.com/@alexsashagolden/video/7687610736192818445
7568541439458692360,https://www.tiktok.com/@lalyxw7/video/7568541439458692360
7689777250421476660,https://www.tiktok.com/@mr_ristik/video/7689777250421476660
7680223649432866069,https://www.tiktok.com/@irinkka706/video/7680223649432866069
7690996797799484693,https://www.tiktok.com/@v_balmont/video/7690996797799484693
7580045211909344523,https://www.tiktok.com/@mariisha.soseliia/video/7580045211909344523
7690259606676753672,https://www.tiktok.com/@missbunny020809/video/7690259606676753672
7688083512574053652,https://www.tiktok.com/@mariyka.149/video/7688083512574053652
7599735206601297160,https://www.tiktok.com/@kristinochka0806/video/7599735206601297160
7668347241861516576,https://www.tiktok.com/@andreeva_ru/video/7668347241861516576
7624792946767908103,https://www.tiktok.com/@qqqqww55/video/7624792946767908103
7629815903550541078,https://www.tiktok.com/@kissmif/video/7629815903550541078
7633701087467425046,https://www.tiktok.com/@sonka_monina/video/7633701087467425046
7626065689064770838,https://www.tiktok.com/@egehub_vibe/video/7626065689064770838
7684935511198158098,https://www.tiktok.com/@lishmil/video/7684935511198158098
7599005487086030087,https://www.tiktok.com/@kristinochka0806/video/7599005487086030087
7632084484262759700,https://www.tiktok.com/@11ege1/video/7632084484262759700
7624987682011122966,https://www.tiktok.com/@kissmif/video/7624987682011122966
7684328056512580878,https://www.tiktok.com/@no_rules_teacher/video/7684328056512580878
7581153501401730326,https://www.tiktok.com/@shishh_09/video/7581153501401730326
7626346696611499272,https://www.tiktok.com/@soniksss_277/video/7626346696611499272
7637902198579432711,https://www.tiktok.com/@varvara.ch4/video/7637902198579432711
7631128148989512982,https://www.tiktok.com/@egehub_vibe/video/7631128148989512982
7642411002289507602,https://www.tiktok.com/@adrewsc/video/7642411002289507602
7624502255202422038,https://www.tiktok.com/@egehub_vibe/video/7624502255202422038
7624986991666547990,https://www.tiktok.com/@kissmif/video/7624986991666547990
7642689923052621088,https://www.tiktok.com/@solodkov_vova/video/7642689923052621088
7682821586612751629,https://www.tiktok.com/@no_rules_teacher/video/7682821586612751629
7632215287378578710,https://www.tiktok.com/@egehub_vibe/video/7632215287378578710
7622540739490188565,https://www.tiktok.com/@varvara.ch4/video/7622540739490188565
7624044595432770834,https://www.tiktok.com/@_juika_/video/7624044595432770834
7626748143794883842,https://www.tiktok.com/@egehub_vibe/video/7626748143794883842
7635236743989447944,https://www.tiktok.com/@nikis9303/video/7635236743989447944
7684633466557811989,https://www.tiktok.com/@lluk0mi/video/7684633466557811989
7624549953486081310,https://www.tiktok.com/@habix.3000/video/7624549953486081310
7626111713489734944,https://www.tiktok.com/@naviege/video/7626111713489734944
7675026066372693250,https://www.tiktok.com/@egenalegke.hist/video/7675026066372693250
7687449401241046292,https://www.tiktok.com/@sut1mine/video/7687449401241046292
7691641651818794246,https://www.tiktok.com/@milatsvetochek/video/7691641651818794246
7580093131631234360,https://www.tiktok.com/@diana.tvoyaychilka/video/7580093131631234360
7656268551094799634,https://www.tiktok.com/@pav.p3/video/7656268551094799634
7656004243207359764,https://www.tiktok.com/@alissexpi/video/7656004243207359764
7636899241201274119,https://www.tiktok.com/@thefirstone111111/video/7636899241201274119
7625295332766764296,https://www.tiktok.com/@qqqqww55/video/7625295332766764296
7578494363962019094,https://www.tiktok.com/@egekill1/video/7578494363962019094
7605978067340692744,https://www.tiktok.com/@dostyqonline/video/7605978067340692744
7623680214920465684,https://www.tiktok.com/@qqqqww55/video/7623680214920465684
7690643091832786183,https://www.tiktok.com/@ninalove156/video/7690643091832786183
7624534773486062878,https://www.tiktok.com/@kris_sss33/video/7624534773486062878
7620918512537668885,https://www.tiktok.com/@11ege1/video/7620918512537668885
7638252521252769044,https://www.tiktok.com/@makarrovaa3/video/7638252521252769044
7635297682638064909,https://www.tiktok.com/@elmira_himbio/video/7635297682638064909
7628914274605239574,https://www.tiktok.com/@sonka_monina/video/7628914274605239574
7621073583774633236,https://www.tiktok.com/@varvara.ch4/video/7621073583774633236
7620832427572759830,https://www.tiktok.com/@sonka_monina/video/7620832427572759830
7636093207796780308,https://www.tiktok.com/@makarrovaa3/video/7636093207796780308
7624896848657976597,https://www.tiktok.com/@varvara.ch4/video/7624896848657976597
7668764625973841184,https://www.tiktok.com/@dasha.ege2/video/7668764625973841184
7633009610944695574,https://www.tiktok.com/@kissmif/video/7633009610944695574
7638248731170639125,https://www.tiktok.com/@makarrovaa3/video/7638248731170639125
7638250622080371989,https://www.tiktok.com/@makarrovaa3/video/7638250622080371989
7630548464190885142,https://www.tiktok.com/@kissmif/video/7630548464190885142
7624149393830055201,https://www.tiktok.com/@naviege/video/7624149393830055201
7689455201115180340,https://www.tiktok.com/@studynadinka/video/7689455201115180340
7625360828778188052,https://www.tiktok.com/@11ege1/video/7625360828778188052
7626356752610561287,https://www.tiktok.com/@soniksss_277/video/7626356752610561287
7629324083041176853,https://www.tiktok.com/@11ege1/video/7629324083041176853
7557404601968839954,https://www.tiktok.com/@cosmoss_bang/video/7557404601968839954
7679418307136572690,https://www.tiktok.com/@promokodbishek/video/7679418307136572690
7650952828030176526,https://www.tiktok.com/@horizonnextdoor/video/7650952828030176526
7573980060525301014,https://www.tiktok.com/@sale_bishkek_osh/video/7573980060525301014
7636743329266355463,https://www.tiktok.com/@promokodbishek/video/7636743329266355463
7649012642140392722,https://www.tiktok.com/@rahat_mamyrova/video/7649012642140392722
7687097895555763477,https://www.tiktok.com/@profmat_god/video/7687097895555763477
7586691253622934840,https://www.tiktok.com/@promokodbishek/video/7586691253622934840
7618919045231938834,https://www.tiktok.com/@kyrgyzeda/video/7618919045231938834
7572895321701895446,https://www.tiktok.com/@sale_bishkek_osh/video/7572895321701895446
7560315956140985622,https://www.tiktok.com/@skidki_bishkek_osh/video/7560315956140985622
7621863840896011538,https://www.tiktok.com/@esh_vkusno/video/7621863840896011538
7690048750034652434,https://www.tiktok.com/@optom_produkt.osh/video/7690048750034652434
7616387591826590994,https://www.tiktok.com/@_apollinaria0607/video/7616387591826590994
7688016024221814034,https://www.tiktok.com/@ekonom_skidochki/video/7688016024221814034
7690946868972506389,https://www.tiktok.com/@keramik_usta_abdu/video/7690946868972506389
7576984045918162194,https://www.tiktok.com/@cosmoss_bang/video/7576984045918162194
7686463025129393415,https://www.tiktok.com/@kyrgyzeda/video/7686463025129393415
7686567378372676882,https://www.tiktok.com/@ekonom_skidochki/video/7686567378372676882
7691339694587546932,https://www.tiktok.com/@abdulloh_official3/video/7691339694587546932
7691277549745573127,https://www.tiktok.com/@promokodbishek/video/7691277549745573127
7626714299041451272,https://www.tiktok.com/@promokodbishek/video/7626714299041451272
7618616683254697224,https://www.tiktok.com/@promokodbishek/video/7618616683254697224
7563949313076808968,https://www.tiktok.com/@cosmoss_bang/video/7563949313076808968
7634184803935472914,https://www.tiktok.com/@promokodbishek/video/7634184803935472914
7681254565592714514,https://www.tiktok.com/@promokodbishek/video/7681254565592714514
7686129285458955540,https://www.tiktok.com/@itss.msafi/video/7686129285458955540
7656791999487544596,https://www.tiktok.com/@ryksan_/video/7656791999487544596
7691257689451662593,https://www.tiktok.com/@padberu_promokod/video/7691257689451662593
7691620205537086728,https://www.tiktok.com/@skidkalov/video/7691620205537086728
7689673918809902344,https://www.tiktok.com/@shashlik.osh/video/7689673918809902344
7686914225205333269,https://www.tiktok.com/@abdulloh_official3/video/7686914225205333269
7690558942782508306,https://www.tiktok.com/@ekonom_skidochki/video/7690558942782508306
7618223979580509458,https://www.tiktok.com/@promokodbishek/video/7618223979580509458
7677548188483456263,https://www.tiktok.com/@promokodbishek/video/7677548188483456263
7628212102645288199,https://www.tiktok.com/@promokodbishek/video/7628212102645288199
7690949139835735314,https://www.tiktok.com/@alsatkg/video/7690949139835735314
7689420931089059080,https://www.tiktok.com/@ekonom_skidochki/video/7689420931089059080
7688311423939792146,https://www.tiktok.com/@ekonom_skidochki/video/7688311423939792146
7593669565717040440,https://www.tiktok.com/@promokodbishek/video/7593669565717040440
7600826333047835912,https://www.tiktok.com/@eka_sakal/video/7600826333047835912
7688322120601914632,https://www.tiktok.com/@kyrgyzeda/video/7688322120601914632
7690819357575859464,https://www.tiktok.com/@optom_komur_osh/video/7690819357575859464
7685649160665664775,https://www.tiktok.com/@promokodbishek/video/7685649160665664775
7691283799694478623,https://www.tiktok.com/@vkyseds/video/7691283799694478623
7690627898390236423,https://www.tiktok.com/@ekonom_skidochki/video/7690627898390236423
7690218441436876053,https://www.tiktok.com/@gaukhar.sale/video/7690218441436876053
7690487745352928530,https://www.tiktok.com/@ekonom_skidochki/video/7690487745352928530
7689600189329378593,https://www.tiktok.com/@beautyeremeeva/video/7689600189329378593
7664235063176973600,https://www.tiktok.com/@anko_emae/video/7664235063176973600
7688331126229814546,https://www.tiktok.com/@aibiefi/video/7688331126229814546
7682728420412919048,https://www.tiktok.com/@aibiefi/video/7682728420412919048
7651977884256570642,https://www.tiktok.com/@promokodbishek/video/7651977884256570642
7689721317217619221,https://www.tiktok.com/@saida.bloger/video/7689721317217619221
7686012888703569170,https://www.tiktok.com/@ruslandudunparun/video/7686012888703569170
7690115323785202951,https://www.tiktok.com/@ekonom_skidochki/video/7690115323785202951
7691774729690041613,https://www.tiktok.com/@tonyy1337/video/7691774729690041613
7691638731899538694,https://www.tiktok.com/@vesti.kb/video/7691638731899538694
7679864690641472789,https://www.tiktok.com/@tahtaroff/video/7679864690641472789
7685394517129694472,https://www.tiktok.com/@promokodbishek/video/7685394517129694472
7690599711463443744,https://www.tiktok.com/@kodiksave/video/7690599711463443744
7688061576775093512,https://www.tiktok.com/@elizaveta.session1/video/7688061576775093512
7689885865178320146,https://www.tiktok.com/@ekonom_skidochki/video/7689885865178320146
7691642820028796182,https://www.tiktok.com/@vnchshop/video/7691642820028796182
7691637177330994464,https://www.tiktok.com/@skidkomania/video/7691637177330994464
7690223161559829793,https://www.tiktok.com/@kodiksave/video/7690223161559829793
7564345198315080982,https://www.tiktok.com/@altay__kz/video/7564345198315080982
7689145136323808530,https://www.tiktok.com/@milka_15y/video/7689145136323808530
7616008090449644808,https://www.tiktok.com/@kyrgyzeda/video/7616008090449644808
7638605084053507361,https://www.tiktok.com/@anutik388/video/7638605084053507361
7686831533277138196,https://www.tiktok.com/@physfak/video/7686831533277138196
7616678049249070354,https://www.tiktok.com/@vilovereadingbooks/video/7616678049249070354
7630847221117766944,https://www.tiktok.com/@anutik388/video/7630847221117766944
7630005062491819284,https://www.tiktok.com/@makarrovaa3/video/7630005062491819284
7689788783046298888,https://www.tiktok.com/@ketvelens/video/7689788783046298888
7686877515477978389,https://www.tiktok.com/@physfak/video/7686877515477978389
7650080515134885153,https://www.tiktok.com/@anutik388/video/7650080515134885153
7628534419392957703,https://www.tiktok.com/@lirikisss/video/7628534419392957703
7625557584082226440,https://www.tiktok.com/@lirikisss/video/7625557584082226440
7684318300238581000,https://www.tiktok.com/@nikis9303/video/7684318300238581000
7609708278980889876,https://www.tiktok.com/@deepinsne/video/7609708278980889876
7656949367143681300,https://www.tiktok.com/@k0y0ki/video/7656949367143681300
7624981793195691285,https://www.tiktok.com/@11ege1/video/7624981793195691285
7631966080151457045,https://www.tiktok.com/@makarrovaa3/video/7631966080151457045
7588871771256786199,https://www.tiktok.com/@egekill1/video/7588871771256786199
7687097198009404693,https://www.tiktok.com/@profmat_god/video/7687097198009404693
7570453277473541397,https://www.tiktok.com/@betfllw/video/7570453277473541397
7649477555107548448,https://www.tiktok.com/@anutik388/video/7649477555107548448
7584839790894550290,https://www.tiktok.com/@ersawxk/video/7584839790894550290
7589706143572806934,https://www.tiktok.com/@egekill1/video/7589706143572806934
7681262633940520210,https://www.tiktok.com/@ketvelens/video/7681262633940520210
7600295025422896404,https://www.tiktok.com/@meovvrin/video/7600295025422896404
7659485705323826453,https://www.tiktok.com/@romanessaa/video/7659485705323826453
7647261584397454595,https://www.tiktok.com/@egekill1/video/7647261584397454595
7592930725805034772,https://www.tiktok.com/@meovvrin/video/7592930725805034772
7620914765820382486,https://www.tiktok.com/@egekill1/video/7620914765820382486
7634280858660162838,https://www.tiktok.com/@egekill1/video/7634280858660162838
7592637977881234702,https://www.tiktok.com/@profimatikalove/video/7592637977881234702
7607899691270884630,https://www.tiktok.com/@egekill1/video/7607899691270884630
7631227084555210006,https://www.tiktok.com/@egekill1/video/7631227084555210006
7607168861275753750,https://www.tiktok.com/@egekill1/video/7607168861275753750
7687151443001806112,https://www.tiktok.com/@brittanyy_g1/video/7687151443001806112
7687096657757981973,https://www.tiktok.com/@profmat_god/video/7687096657757981973
7686865017660263700,https://www.tiktok.com/@profmat_god/video/7686865017660263700
7690293452877171986,https://www.tiktok.com/@sofimasmithw960536/video/7690293452877171986
7589746035384143107,https://www.tiktok.com/@egekill1/video/7589746035384143107
7613678598410620180,https://www.tiktok.com/@albina_kukolkina/video/7613678598410620180
7623776776421985557,https://www.tiktok.com/@missobshestvoznanie__/video/7623776776421985557
7673469652210601236,https://www.tiktok.com/@student.notes_/video/7673469652210601236
7597508373495713047,https://www.tiktok.com/@egekill1/video/7597508373495713047
7622356256405064982,https://www.tiktok.com/@egekill1/video/7622356256405064982
7623918684184071444,https://www.tiktok.com/@11ege1/video/7623918684184071444
7630475471771143456,https://www.tiktok.com/@anutik388/video/7630475471771143456
7649731395396504852,https://www.tiktok.com/@sntk.ik/video/7649731395396504852
7601934361906302230,https://www.tiktok.com/@egekill1/video/7601934361906302230
7688749263181958407,https://www.tiktok.com/@merfiimiy/video/7688749263181958407
7592931276978507029,https://www.tiktok.com/@meovvrin/video/7592931276978507029
7636003407471332616,https://www.tiktok.com/@_juika_/video/7636003407471332616
7634826167782051079,https://www.tiktok.com/@_juika_/video/7634826167782051079
7648257730678951190,https://www.tiktok.com/@egekill1/video/7648257730678951190
7601942381595839751,https://www.tiktok.com/@stolyrchik1/video/7601942381595839751
7647196588267293984,https://www.tiktok.com/@anutik388/video/7647196588267293984
7597458425416633618,https://www.tiktok.com/@alllwd/video/7597458425416633618
7632190686766337294,https://www.tiktok.com/@hubchic6/video/7632190686766337294
7589739635656527127,https://www.tiktok.com/@egekill1/video/7589739635656527127
7637459607606037773,https://www.tiktok.com/@hubchic6/video/7637459607606037773
7622052984167468308,https://www.tiktok.com/@meovvrin/video/7622052984167468308
7637123557507550477,https://www.tiktok.com/@hubchic6/video/7637123557507550477
7667525260937284885,https://www.tiktok.com/@pearl.kiss/video/7667525260937284885
7624251329682132244,https://www.tiktok.com/@11ege1/video/7624251329682132244
7634149260988009761,https://www.tiktok.com/@anutik388/video/7634149260988009761
7623055262886251779,https://www.tiktok.com/@egekill1/video/7623055262886251779
7634832282955599118,https://www.tiktok.com/@hubchic6/video/7634832282955599118
7587847534521928992,https://www.tiktok.com/@marmmelada/video/7587847534521928992
7623116174380846349,https://www.tiktok.com/@hubchic6/video/7623116174380846349
7689816673087507719,https://www.tiktok.com/@shar.maths/video/7689816673087507719
7593451611293355282,https://www.tiktok.com/@fan_dimdall/video/7593451611293355282
7689819892194757910,https://www.tiktok.com/@pinocio588/video/7689819892194757910
7691655144492059925,https://www.tiktok.com/@treasurmi/video/7691655144492059925
7621286971830226198,https://www.tiktok.com/@egekill1/video/7621286971830226198
7624244363907878164,https://www.tiktok.com/@11ege1/video/7624244363907878164
7632356216856907026,https://www.tiktok.com/@lirikisss/video/7632356216856907026
7597809882066324743,https://www.tiktok.com/@ersawxk/video/7597809882066324743
7636161312879414542,https://www.tiktok.com/@hubchic6/video/7636161312879414542
7690065535022697735,https://www.tiktok.com/@natahkaaaaar/video/7690065535022697735
7588883131428556054,https://www.tiktok.com/@egekill1/video/7588883131428556054
7597889764427042070,https://www.tiktok.com/@egekill1/video/7597889764427042070
7690641735076121863,https://www.tiktok.com/@ninalove156/video/7690641735076121863
7634161053252816135,https://www.tiktok.com/@_juika_/video/7634161053252816135
7634846563499642119,https://www.tiktok.com/@_juika_/video/7634846563499642119
7611832017189227796,https://www.tiktok.com/@eellm999/video/7611832017189227796
7601203262015966486,https://www.tiktok.com/@egekill1/video/7601203262015966486
7597517521540975894,https://www.tiktok.com/@egekill1/video/7597517521540975894
7564103094393376007,https://www.tiktok.com/@ersawxk/video/7564103094393376007
7610052902933073185,https://www.tiktok.com/@marishkege/video/7610052902933073185
7634486519692184839,https://www.tiktok.com/@_juika_/video/7634486519692184839
7630861362025090311,https://www.tiktok.com/@soniksss_277/video/7630861362025090311
7678684465530555669,https://www.tiktok.com/@snejkina/video/7678684465530555669
7597428674333363474,https://www.tiktok.com/@ersawxk/video/7597428674333363474
7588872460917902599,https://www.tiktok.com/@ersawxk/video/7588872460917902599
7690571794637409542,https://www.tiktok.com/@ii_stusya/video/7690571794637409542
7623086000469740822,https://www.tiktok.com/@egekill1/video/7623086000469740822
7577292232584203540,https://www.tiktok.com/@solwme/video/7577292232584203540
7679121882762792200,https://www.tiktok.com/@kristi_dova/video/7679121882762792200
7622196441015962900,https://www.tiktok.com/@varvara.ch4/video/7622196441015962900
7622353716338806037,https://www.tiktok.com/@soniksss_277/video/7622353716338806037
7626785838399048968,https://www.tiktok.com/@soniksss_277/video/7626785838399048968
7626359226302024978,https://www.tiktok.com/@soniksss_277/video/7626359226302024978
7631591236171746582,https://www.tiktok.com/@kto.too067/video/7631591236171746582
7659456693142785288,https://www.tiktok.com/@djounsi_petly/video/7659456693142785288
7685000157192129800,https://www.tiktok.com/@lerkaa__007/video/7685000157192129800
7626345220430433554,https://www.tiktok.com/@soniksss_277/video/7626345220430433554
7624457687459269906,https://www.tiktok.com/@_juika_/video/7624457687459269906
7638741368466132225,https://www.tiktok.com/@habix.nagi3000bat/video/7638741368466132225
7621627085596937502,https://www.tiktok.com/@habix.3000/video/7621627085596937502
7585611244736990496,https://www.tiktok.com/@viktor.lazarenko/video/7585611244736990496
7630568456441629968,https://www.tiktok.com/@habix.nagi3000bat/video/7630568456441629968
7674673101766004000,https://www.tiktok.com/@vjunyk_tania/video/7674673101766004000
7669844916746423585,https://www.tiktok.com/@dasha.ege2/video/7669844916746423585
7604144771761704214,https://www.tiktok.com/@egekill1/video/7604144771761704214
7626739207419038997,https://www.tiktok.com/@obsh_oge_easy/video/7626739207419038997
7589214126786776342,https://www.tiktok.com/@egekill1/video/7589214126786776342
7589696595239767298,https://www.tiktok.com/@egekill1/video/7589696595239767298
7589734044653374742,https://www.tiktok.com/@egekill1/video/7589734044653374742
7681644533880261896,https://www.tiktok.com/@ketvelens/video/7681644533880261896
7668328705281871136,https://www.tiktok.com/@sashaavvtrusova/video/7668328705281871136
7610327162159238418,https://www.tiktok.com/@bulak.sport/video/7610327162159238418
7573017093965204747,https://www.tiktok.com/@jmobile.astana/video/7573017093965204747
7557973264237071623,https://www.tiktok.com/@rahat_mamyrova/video/7557973264237071623
7657410171383155984,https://www.tiktok.com/@baishop_osh/video/7657410171383155984
7690447229336685845,https://www.tiktok.com/@roma__rieltor_0sh/video/7690447229336685845
7689739122633723157,https://www.tiktok.com/@tashim_v_dom/video/7689739122633723157
7679736668080983318,https://www.tiktok.com/@khaki_beauty/video/7679736668080983318
7691578210273742093,https://www.tiktok.com/@tonyy1337/video/7691578210273742093
7691357946818710817,https://www.tiktok.com/@pylesosiyborka/video/7691357946818710817
7688816180827573512,https://www.tiktok.com/@qwinssys/video/7688816180827573512
7686902994385767688,https://www.tiktok.com/@rubli_nameste_/video/7686902994385767688
7690968552693697825,https://www.tiktok.com/@danetka_beauty6/video/7690968552693697825
7688984794968935712,https://www.tiktok.com/@kodiksave/video/7688984794968935712
7689434343969983764,https://www.tiktok.com/@ski_dos/video/7689434343969983764
7664589047049833729,https://www.tiktok.com/@padberu_promokod/video/7664589047049833729
7690931435087154439,https://www.tiktok.com/@nastya_proverila/video/7690931435087154439
7690853564272348424,https://www.tiktok.com/@skidki_sasha1/video/7690853564272348424
7691413751169387807,https://www.tiktok.com/@delmargta/video/7691413751169387807
7690931639257533704,https://www.tiktok.com/@nastya_proverila/video/7690931639257533704
7691165611552001293,https://www.tiktok.com/@tonyy1337/video/7691165611552001293
7688665516919164181,https://www.tiktok.com/@ski_dos/video/7688665516919164181
7690603393034800392,https://www.tiktok.com/@billervi/video/7690603393034800392
7691657322485042438,https://www.tiktok.com/@po.deshaky/video/7691657322485042438
7691784127204412680,https://www.tiktok.com/@nat.reznikova/video/7691784127204412680
7689408503047261461,https://www.tiktok.com/@sweet_rose416/video/7689408503047261461
7678986506547006736,https://www.tiktok.com/@kariiisham/video/7678986506547006736
7690649618354375949,https://www.tiktok.com/@tonyy1337/video/7690649618354375949
7645351691440639253,https://www.tiktok.com/@cherkess155/video/7645351691440639253
7682473417181777172,https://www.tiktok.com/@sinonimstandoff2/video/7682473417181777172
7691259648644549921,https://www.tiktok.com/@kodiksave/video/7691259648644549921
7688637732041559317,https://www.tiktok.com/@ski_dos/video/7688637732041559317
7664513601977240850,https://www.tiktok.com/@keksik_lol_tok_new/video/7664513601977240850
7682095720769260833,https://www.tiktok.com/@oksana_probeauty/video/7682095720769260833
7688623350184250656,https://www.tiktok.com/@danetka_beauty6/video/7688623350184250656
7690600774199414030,https://www.tiktok.com/@vkyseds/video/7690600774199414030
7690683242013379892,https://www.tiktok.com/@livi_so2/video/7690683242013379892
7690491549590768929,https://www.tiktok.com/@kuntysh.blog/video/7690491549590768929
7690221461797096724,https://www.tiktok.com/@sashaskinhub/video/7690221461797096724
7643090781540060434,https://www.tiktok.com/@yandex.eda.promocode0/video/7643090781540060434
7690813926933531925,https://www.tiktok.com/@ss0niks1/video/7690813926933531925
7690671190595144981,https://www.tiktok.com/@nika_o_beauty/video/7690671190595144981
7681609807094189319,https://www.tiktok.com/@ivan_shoping/video/7681609807094189319
7688452810488253710,https://www.tiktok.com/@vkyseds/video/7688452810488253710
7687527462766513428,https://www.tiktok.com/@mono_create/video/7687527462766513428
7689758641360080136,https://www.tiktok.com/@ksushenkaluu0/video/7689758641360080136
7689848754249190678,https://www.tiktok.com/@lenaa_beauty11i/video/7689848754249190678
7678697848468245793,https://www.tiktok.com/@cosmo_mxmnl/video/7678697848468245793
7651680186986941717,https://www.tiktok.com/@asmrcat_93/video/7651680186986941717
7686160499725159701,https://www.tiktok.com/@osh_city/video/7686160499725159701
7635578494113778964,https://www.tiktok.com/@laminyamal281/video/7635578494113778964
7691016640829377824,https://www.tiktok.com/@tishkamyshka/video/7691016640829377824
7564895739340508446,https://www.tiktok.com/@ariglowww/video/7564895739340508446
7673750970907544853,https://www.tiktok.com/@nmakhgkkuov/video/7673750970907544853
7685689459521637653,https://www.tiktok.com/@superspec3/video/7685689459521637653
7653863918724566290,https://www.tiktok.com/@kalnura.review/video/7653863918724566290
7671315954806131976,https://www.tiktok.com/@natahkaaaaar/video/7671315954806131976
7559509701646388493,https://www.tiktok.com/@chaoooof/video/7559509701646388493
7634939544558800130,https://www.tiktok.com/@kissmif/video/7634939544558800130
7688749980139539730,https://www.tiktok.com/@blessis2svetqw/video/7688749980139539730
7677263806006922514,https://www.tiktok.com/@revolsssy/video/7677263806006922514
7625362247250005270,https://www.tiktok.com/@kissmif/video/7625362247250005270
7683809596770667807,https://www.tiktok.com/@no_rules_teacher/video/7683809596770667807
7626358362241830151,https://www.tiktok.com/@soniksss_277/video/7626358362241830151
7631254895315651862,https://www.tiktok.com/@kissmif/video/7631254895315651862
7622973973436910868,https://www.tiktok.com/@varvara.ch4/video/7622973973436910868
7667596605624782100,https://www.tiktok.com/@nastttt.yy/video/7667596605624782100
7673217706111339793,https://www.tiktok.com/@sonymkkk/video/7673217706111339793
7684924426692939022,https://www.tiktok.com/@no_rules_teacher/video/7684924426692939022
7686391631645363464,https://www.tiktok.com/@lerkaa__007/video/7686391631645363464
7690240328175226164,https://www.tiktok.com/@i_darechka/video/7690240328175226164
7628606619726875927,https://www.tiktok.com/@kto.too067/video/7628606619726875927
7686562626238762261,https://www.tiktok.com/@sssammy42/video/7686562626238762261
7630478222945275158,https://www.tiktok.com/@kissmif/video/7630478222945275158
7622268075374677268,https://www.tiktok.com/@varvara.ch4/video/7622268075374677268
7627387392529403138,https://www.tiktok.com/@kto.too067/video/7627387392529403138
7627846423442230550,https://www.tiktok.com/@egehub_vibe/video/7627846423442230550
7687179658592275733,https://www.tiktok.com/@millyshik/video/7687179658592275733
7650179853396036872,https://www.tiktok.com/@alsatkg/video/7650179853396036872
7641985699192900882,https://www.tiktok.com/@alsatkg/video/7641985699192900882
7662006571903323399,https://www.tiktok.com/@alsatkg/video/7662006571903323399
7621058880939904274,https://www.tiktok.com/@akbarali_brend/video/7621058880939904274
7683161811859918101,https://www.tiktok.com/@abdulloh_official3/video/7683161811859918101
7668340671220108562,https://www.tiktok.com/@alsatkg/video/7668340671220108562
7639415833600511239,https://www.tiktok.com/@alsatkg/video/7639415833600511239
7602989536141905170,https://www.tiktok.com/@akbarali_brend/video/7602989536141905170
7643507059077565703,https://www.tiktok.com/@alsatkg/video/7643507059077565703
7660497755533528340,https://www.tiktok.com/@alimov.tv/video/7660497755533528340
7599938702382517511,https://www.tiktok.com/@cosanostra_osh/video/7599938702382517511
7686080798193143047,https://www.tiktok.com/@kyrgyzeda/video/7686080798193143047
7651921063353355527,https://www.tiktok.com/@promokodbishek/video/7651921063353355527
7617777312062246164,https://www.tiktok.com/@alsatkg/video/7617777312062246164
7624896590305627400,https://www.tiktok.com/@alsatkg/video/7624896590305627400
7686462217184726280,https://www.tiktok.com/@promokodbishek/video/7686462217184726280
7619262651490749717,https://www.tiktok.com/@alsatkg/video/7619262651490749717
7625485861374709000,https://www.tiktok.com/@alsatkg/video/7625485861374709000
7676397426902699271,https://www.tiktok.com/@promokodbishek/video/7676397426902699271
7566573965532073223,https://www.tiktok.com/@alsatkg/video/7566573965532073223
7666439346362404104,https://www.tiktok.com/@alsatkg/video/7666439346362404104
7677244720162049288,https://www.tiktok.com/@promokodbishek/video/7677244720162049288
7651914005170179346,https://www.tiktok.com/@promokodbishek/video/7651914005170179346
7581143538881137928,https://www.tiktok.com/@alsatkg/video/7581143538881137928
7686587623032376609,https://www.tiktok.com/@amaya.osh/video/7686587623032376609
7683862014929816850,https://www.tiktok.com/@promokodbishek/video/7683862014929816850
7618917598889053460,https://www.tiktok.com/@alsatkg/video/7618917598889053460
7679055306848029985,https://www.tiktok.com/@amaya.osh/video/7679055306848029985
7677882037876886792,https://www.tiktok.com/@dekor_osh/video/7677882037876886792
7676987520155962631,https://www.tiktok.com/@avie_osh/video/7676987520155962631
7616697933798346004,https://www.tiktok.com/@alsatkg/video/7616697933798346004
7603673489442229512,https://www.tiktok.com/@alsatkg/video/7603673489442229512
7644276929981369607,https://www.tiktok.com/@laksheri.osh/video/7644276929981369607
7586317770279718162,https://www.tiktok.com/@alsatkg/video/7586317770279718162
7594065461206142226,https://www.tiktok.com/@alsatkg/video/7594065461206142226
7689148454488001824,https://www.tiktok.com/@amaya.osh/video/7689148454488001824
7586585619179048200,https://www.tiktok.com/@alsatkg/video/7586585619179048200
7690116248096476417,https://www.tiktok.com/@oshmebelpremium/video/7690116248096476417
7636285392458698006,https://www.tiktok.com/@mmm.shopg/video/7636285392458698006
7582968952091872530,https://www.tiktok.com/@alsatkg/video/7582968952091872530
7647023351508045074,https://www.tiktok.com/@salon.aylanay.oshh/video/7647023351508045074
7610081722511658260,https://www.tiktok.com/@roma_shop02/video/7610081722511658260
7610765283334130965,https://www.tiktok.com/@my_brend_osh1/video/7610765283334130965
7604424660163235090,https://www.tiktok.com/@shop.iphones/video/7604424660163235090
7688699136115363073,https://www.tiktok.com/@oshmebelpremium/video/7688699136115363073
7688971191863790900,https://www.tiktok.com/@oshmebelpremium/video/7688971191863790900
7627539204217638151,https://www.tiktok.com/@million_shop_osh_/video/7627539204217638151
7642310215672679688,https://www.tiktok.com/@saga_avto_osh/video/7642310215672679688
7679309744275770631,https://www.tiktok.com/@dlya.optovikov/video/7679309744275770631
7678567069285092626,https://www.tiktok.com/@dlya.optovikov/video/7678567069285092626
7681412738056293664,https://www.tiktok.com/@amaya.osh/video/7681412738056293664
7623802724546514183,https://www.tiktok.com/@million_shop_osh_/video/7623802724546514183
7605452579526462742,https://www.tiktok.com/@osh.mebel.detiskey/video/7605452579526462742
7682990352474688785,https://www.tiktok.com/@oshmebelpremium/video/7682990352474688785
7689796382718217524,https://www.tiktok.com/@oshmebelpremium/video/7689796382718217524
7673931078989647111,https://www.tiktok.com/@krossbrend.kg/video/7673931078989647111
7638237844821069074,https://www.tiktok.com/@muhammadi_optom/video/7638237844821069074
7680490757270031624,https://www.tiktok.com/@promokodbishek/video/7680490757270031624
7686066567389515025,https://www.tiktok.com/@oshmebelpremium/video/7686066567389515025
7688788319651515668,https://www.tiktok.com/@magnatskidok/video/7688788319651515668
7588915109225827602,https://www.tiktok.com/@alsatkg/video/7588915109225827602
7609131996882668820,https://www.tiktok.com/@roma_shop02/video/7609131996882668820
7618709483774135570,https://www.tiktok.com/@akbar_brend/video/7618709483774135570
7684971877374151956,https://www.tiktok.com/@propan.kg/video/7684971877374151956
7611490681281842440,https://www.tiktok.com/@alsatkg/video/7611490681281842440
7560322312537459986,https://www.tiktok.com/@alsatkg/video/7560322312537459986
7621396604729249032,https://www.tiktok.com/@akbarali_brend/video/7621396604729249032
7691553079468002582,https://www.tiktok.com/@vygodny_havchik/video/7691553079468002582
7683022864303328533,https://www.tiktok.com/@rai_mobile1/video/7683022864303328533
7614111413556120854,https://www.tiktok.com/@elegantt__kg/video/7614111413556120854
7604875224420535560,https://www.tiktok.com/@alsatkg/video/7604875224420535560
7619685274280381717,https://www.tiktok.com/@saga_avto_osh/video/7619685274280381717
7600336350096772370,https://www.tiktok.com/@zillie.osh/video/7600336350096772370
7690586686941613330,https://www.tiktok.com/@zamzam_osh1/video/7690586686941613330
7690164346873236754,https://www.tiktok.com/@velo_market_osh/video/7690164346873236754
7613628249351965960,https://www.tiktok.com/@bitavoytehnika2/video/7613628249351965960
7684751792353053973,https://www.tiktok.com/@salon.aylanay.oshh/video/7684751792353053973
7685762898303405330,https://www.tiktok.com/@velo_market_osh/video/7685762898303405330
7658159235674443028,https://www.tiktok.com/@osh.jens.060/video/7658159235674443028
7689390788777659669,https://www.tiktok.com/@superspec3/video/7689390788777659669
7647791453774564629,https://www.tiktok.com/@shop.iphones/video/7647791453774564629
7609217662798925063,https://www.tiktok.com/@akbar_brend/video/7609217662798925063
7690115908756442420,https://www.tiktok.com/@oshmebelpremium/video/7690115908756442420
7669017678719356181,https://www.tiktok.com/@osh.jens.060/video/7669017678719356181
7667436590360300818,https://www.tiktok.com/@dlya.optovikov/video/7667436590360300818
7612969247232363796,https://www.tiktok.com/@elite_home_posuda/video/7612969247232363796
7687941528072834321,https://www.tiktok.com/@kashkar_magazin/video/7687941528072834321
7575176299422010646,https://www.tiktok.com/@sale_bishkek_osh/video/7575176299422010646
7566298572405099797,https://www.tiktok.com/@evolvesteps/video/7566298572405099797
7583368508348648726,https://www.tiktok.com/@aiym.lash/video/7583368508348648726
7605540272759393556,https://www.tiktok.com/@sofiya_brand_osh/video/7605540272759393556
7683793370573032705,https://www.tiktok.com/@oshmebelpremium/video/7683793370573032705
7621564667139198216,https://www.tiktok.com/@oshkortej/video/7621564667139198216
7689823388474330389,https://www.tiktok.com/@dai_skidon/video/7689823388474330389
7628186558037855496,https://www.tiktok.com/@dlya.optovikov/video/7628186558037855496
7612173905012247816,https://www.tiktok.com/@akbarali_brend/video/7612173905012247816
7626420022331657504,https://www.tiktok.com/@anutik388/video/7626420022331657504
7689322896908422406,https://www.tiktok.com/@lluk0mi/video/7689322896908422406
7686867356638891284,https://www.tiktok.com/@meltodro/video/7686867356638891284
7680613145441799446,https://www.tiktok.com/@arseny_lebed/video/7680613145441799446
7624418578728635668,https://www.tiktok.com/@wikkka.aa/video/7624418578728635668
7643040370497965334,https://www.tiktok.com/@linux16_18/video/7643040370497965334
7640879322219187470,https://www.tiktok.com/@iluxinss/video/7640879322219187470
7686921247137205511,https://www.tiktok.com/@natahkaaaaar/video/7686921247137205511
7674615990478441746,https://www.tiktok.com/@natahkaaaaar/video/7674615990478441746
7647798498024492311,https://www.tiktok.com/@linux16_18/video/7647798498024492311
7690922672183708961,https://www.tiktok.com/@brittanyy_g1/video/7690922672183708961
7686095822940998930,https://www.tiktok.com/@lishmil/video/7686095822940998930
7688617264626650390,https://www.tiktok.com/@arseny_lebed/video/7688617264626650390
7682773422761413910,https://www.tiktok.com/@arseny_lebed/video/7682773422761413910
7681677864311246112,https://www.tiktok.com/@intensivepro/video/7681677864311246112
7682859367263128854,https://www.tiktok.com/@arseny_lebed/video/7682859367263128854
7593355133728197896,https://www.tiktok.com/@fan_dimdall/video/7593355133728197896
7689353998784089362,https://www.tiktok.com/@ninalove156/video/7689353998784089362
7685742426308349198,https://www.tiktok.com/@user_bicoor/video/7685742426308349198
7646735437733629206,https://www.tiktok.com/@linux16_18/video/7646735437733629206
7648197041520135446,https://www.tiktok.com/@linux16_18/video/7648197041520135446
7687188131602320660,https://www.tiktok.com/@murslivsss_egekurse/video/7687188131602320660
7596004292377464072,https://www.tiktok.com/@vanilesy/video/7596004292377464072
7641848532294536470,https://www.tiktok.com/@linux16_18/video/7641848532294536470
7638989642724855062,https://www.tiktok.com/@linux16_18/video/7638989642724855062
7625237728979914017,https://www.tiktok.com/@anutik388/video/7625237728979914017
7686517161099037959,https://www.tiktok.com/@tihiro.brain/video/7686517161099037959
7624494976688278815,https://www.tiktok.com/@elllinnai/video/7624494976688278815
7618264161587432725,https://www.tiktok.com/@riya_ii/video/7618264161587432725
7683178909310995733,https://www.tiktok.com/@skyeng.school/video/7683178909310995733
7606000174682361121,https://www.tiktok.com/@ivanvaletich68/video/7606000174682361121
7646680152914627862,https://www.tiktok.com/@linux16_18/video/7646680152914627862
7679088480663670036,https://www.tiktok.com/@holliklinn/video/7679088480663670036
7627626041028250902,https://www.tiktok.com/@sonya.paranicheva/video/7627626041028250902
7680940611662302485,https://www.tiktok.com/@limkders_/video/7680940611662302485
7609957477911678238,https://www.tiktok.com/@kris_sss33/video/7609957477911678238
7564334110135684370,https://www.tiktok.com/@ivanzolo2004/video/7564334110135684370
7624052479839456533,https://www.tiktok.com/@qqqqww55/video/7624052479839456533
7624791307839491348,https://www.tiktok.com/@qqqqww55/video/7624791307839491348
7660943844174744865,https://www.tiktok.com/@ambassador_flex/video/7660943844174744865
7618453918963649810,https://www.tiktok.com/@ponchiklev/video/7618453918963649810
7623440183773367573,https://www.tiktok.com/@varvara.ch4/video/7623440183773367573
7634937864337313046,https://www.tiktok.com/@egehub_vibe/video/7634937864337313046
7626112304723135777,https://www.tiktok.com/@naviege/video/7626112304723135777
7653079199179115796,https://www.tiktok.com/@romanessaa/video/7653079199179115796
7668322646316027158,https://www.tiktok.com/@kto.too067/video/7668322646316027158
7634202678914010376,https://www.tiktok.com/@lirikisss/video/7634202678914010376
7681966805191085330,https://www.tiktok.com/@glowbyelisa_1/video/7681966805191085330
7690929145982897441,https://www.tiktok.com/@brittanyy_g1/video/7690929145982897441
7690996598414839072,https://www.tiktok.com/@brittanyy_g1/video/7690996598414839072
7686918149853187336,https://www.tiktok.com/@natahkaaaaar/video/7686918149853187336
7624497190509071647,https://www.tiktok.com/@kris_sss33/video/7624497190509071647
7683911829692665095,https://www.tiktok.com/@lishmil/video/7683911829692665095
7584763956267453726,https://www.tiktok.com/@kris_sss33/video/7584763956267453726
7582696757067353375,https://www.tiktok.com/@kris_sss33/video/7582696757067353375
7672819381826604309,https://www.tiktok.com/@vishashe/video/7672819381826604309
7627957836512873750,https://www.tiktok.com/@kissmif/video/7627957836512873750
7594048448773573919,https://www.tiktok.com/@kris_sss33/video/7594048448773573919
7584182151315246366,https://www.tiktok.com/@kris_sss33/video/7584182151315246366
7633905230312246550,https://www.tiktok.com/@egekill1/video/7633905230312246550
7637945686310374678,https://www.tiktok.com/@kyujin.03/video/7637945686310374678
7647909002449390861,https://www.tiktok.com/@yyuffeng/video/7647909002449390861
7689059390757948679,https://www.tiktok.com/@lishmil/video/7689059390757948679
7621188088592616725,https://www.tiktok.com/@snezhanasnegg/video/7621188088592616725
7627896662282784022,https://www.tiktok.com/@kissmif/video/7627896662282784022
7581529971722652936,https://www.tiktok.com/@sonechkazl/video/7581529971722652936
7649676443521223949,https://www.tiktok.com/@yyuffeng/video/7649676443521223949
7639258266383568159,https://www.tiktok.com/@kris_sss33/video/7639258266383568159
7620863355246431508,https://www.tiktok.com/@egehim_study/video/7620863355246431508
7635610413379456286,https://www.tiktok.com/@kris_sss33/video/7635610413379456286
7639018986784525589,https://www.tiktok.com/@romanessaa/video/7639018986784525589
7633831538542611719,https://www.tiktok.com/@lirikisss/video/7633831538542611719
7685050578157767943,https://www.tiktok.com/@natahkaaaaar/video/7685050578157767943
7621582537370111252,https://www.tiktok.com/@egehim_study/video/7621582537370111252
7626827842021526807,https://www.tiktok.com/@kissmif/video/7626827842021526807
7668588372696370454,https://www.tiktok.com/@kto.too067/video/7668588372696370454
7638665918230351126,https://www.tiktok.com/@sonka_monina/video/7638665918230351126
7680118228063898888,https://www.tiktok.com/@veronicasengg/video/7680118228063898888
7629426613179976982,https://www.tiktok.com/@kissmif/video/7629426613179976982
7623099583282859285,https://www.tiktok.com/@makarrovaa3/video/7623099583282859285
7689838794786295060,https://www.tiktok.com/@nooschool.love/video/7689838794786295060
7658227101732064533,https://www.tiktok.com/@rinqwwo/video/7658227101732064533
7645941778847108384,https://www.tiktok.com/@alishaagoldie/video/7645941778847108384
7663493629104721185,https://www.tiktok.com/@lenakvanina/video/7663493629104721185
7611938990727367944,https://www.tiktok.com/@kristinochka0806/video/7611938990727367944
7576282227458231572,https://www.tiktok.com/@solwme/video/7576282227458231572
7663839495665552661,https://www.tiktok.com/@gud000k/video/7663839495665552661
7686437934228114720,https://www.tiktok.com/@zverisquad/video/7686437934228114720
7633364007725894934,https://www.tiktok.com/@linux16_18/video/7633364007725894934
7593026297966759189,https://www.tiktok.com/@eellm999/video/7593026297966759189
7617468218218712338,https://www.tiktok.com/@shaexxova/video/7617468218218712338
7604836339325996308,https://www.tiktok.com/@tgktanyachem/video/7604836339325996308
7661333842812357908,https://www.tiktok.com/@user56168079470801/video/7661333842812357908
7632448515364424980,https://www.tiktok.com/@romanessaa/video/7632448515364424980
7607035370114403604,https://www.tiktok.com/@eellm999/video/7607035370114403604
7630487528939998482,https://www.tiktok.com/@youvibyt/video/7630487528939998482
7646760147297078535,https://www.tiktok.com/@sodastore0/video/7646760147297078535
7657875324713094420,https://www.tiktok.com/@user56168079470801/video/7657875324713094420
7649823088443444502,https://www.tiktok.com/@dailyhustlesofya/video/7649823088443444502
7649079559064800534,https://www.tiktok.com/@dailyhustlesofya/video/7649079559064800534
7640563363864513822,https://www.tiktok.com/@elllinnai/video/7640563363864513822
7629843429689691413,https://www.tiktok.com/@romanessaa/video/7629843429689691413
7640202164798852383,https://www.tiktok.com/@elllinnai/video/7640202164798852383
7648655619313978645,https://www.tiktok.com/@hei.sanita/video/7648655619313978645
7616732861026110734,https://www.tiktok.com/@exponentamath/video/7616732861026110734
7566358778791070988,https://www.tiktok.com/@knikotachem/video/7566358778791070988
7649015643538246919,https://www.tiktok.com/@smolarchan/video/7649015643538246919
7559260461041011979,https://www.tiktok.com/@promocod_alan/video/7559260461041011979
7685047907195604242,https://www.tiktok.com/@natahkaaaaar/video/7685047907195604242
7690248001830325511,https://www.tiktok.com/@kir_himia/video/7690248001830325511
7657910369381322015,https://www.tiktok.com/@rinasstarss/video/7657910369381322015
7582831381256916235,https://www.tiktok.com/@promocod_alan/video/7582831381256916235
7690117575212141832,https://www.tiktok.com/@milya_maths/video/7690117575212141832
7623691499540139297,https://www.tiktok.com/@anna_xbrva/video/7623691499540139297
7690264499609210120,https://www.tiktok.com/@yapanda.li/video/7690264499609210120
7686869736990477586,https://www.tiktok.com/@abidybi_math/video/7686869736990477586
7691119798251441429,https://www.tiktok.com/@rudnev_fox/video/7691119798251441429
7623415117828328724,https://www.tiktok.com/@egehim_study/video/7623415117828328724
7627407263132667143,https://www.tiktok.com/@shaexxova/video/7627407263132667143
7690153339211779380,https://www.tiktok.com/@promokod_kaz_yandex_go/video/7690153339211779380
7636282130456235286,https://www.tiktok.com/@linux16_18/video/7636282130456235286
7689769489155558676,https://www.tiktok.com/@nadya_matem/video/7689769489155558676
7662141825838255378,https://www.tiktok.com/@nikolay.bb_extremum/video/7662141825838255378
7639331501191990548,https://www.tiktok.com/@violetta_erofeeva/video/7639331501191990548
7649336832445992200,https://www.tiktok.com/@as.educational.center/video/7649336832445992200
7657242351768735009,https://www.tiktok.com/@brand.ambassador1l/video/7657242351768735009
7579592216331488568,https://www.tiktok.com/@atmosferna.school/video/7579592216331488568
7605911722863398164,https://www.tiktok.com/@eng_with_janne/video/7605911722863398164
7561514962670210322,https://www.tiktok.com/@jegesha/video/7561514962670210322
7557761288806436118,https://www.tiktok.com/@kalleriys/video/7557761288806436118
7609082344556760342,https://www.tiktok.com/@bonilink/video/7609082344556760342
7669936900035054869,https://www.tiktok.com/@soniweys0/video/7669936900035054869
7691246452555058439,https://www.tiktok.com/@aismuse/video/7691246452555058439
7659456932696116501,https://www.tiktok.com/@democraticheskiekysti/video/7659456932696116501
7670882154498379025,https://www.tiktok.com/@_dashns/video/7670882154498379025
7566310630576131358,https://www.tiktok.com/@life.w.jane/video/7566310630576131358
7685703661267307784,https://www.tiktok.com/@marta.tarnovetska/video/7685703661267307784
7689541390535085343,https://www.tiktok.com/@favareli/video/7689541390535085343
7664987255773121799,https://www.tiktok.com/@niolypolina/video/7664987255773121799
7586957995267869972,https://www.tiktok.com/@bolshe_tennis/video/7586957995267869972
7690132540564278535,https://www.tiktok.com/@nusy_nuts/video/7690132540564278535
7672806590637985031,https://www.tiktok.com/@shymanovski/video/7672806590637985031
7670616361982250273,https://www.tiktok.com/@vikabular/video/7670616361982250273
7684180521890368800,https://www.tiktok.com/@ambassador_039/video/7684180521890368800
7661012200902987028,https://www.tiktok.com/@nosok842/video/7661012200902987028
7623770674858937632,https://www.tiktok.com/@lifeevs11/video/7623770674858937632
7646367830291598599,https://www.tiktok.com/@milimili_girl/video/7646367830291598599
7584535800784686354,https://www.tiktok.com/@rodinavaleria_vv/video/7584535800784686354
7636748014027033888,https://www.tiktok.com/@tema_komissarit/video/7636748014027033888
7684606796278861076,https://www.tiktok.com/@duocoffee.ekb/video/7684606796278861076
7689464885066910997,https://www.tiktok.com/@__tabyret___/video/7689464885066910997
7600416153411915009,https://www.tiktok.com/@selverova_/video/7600416153411915009
7602701354108259606,https://www.tiktok.com/@user1275794039815/video/7602701354108259606
7613118626585070870,https://www.tiktok.com/@user1275794039815/video/7613118626585070870
7623452766144335136,https://www.tiktok.com/@user1275794039815/video/7623452766144335136
7623508620591844641,https://www.tiktok.com/@user1275794039815/video/7623508620591844641
7606804695264414998,https://www.tiktok.com/@user1275794039815/video/7606804695264414998
7611943607401991455,https://www.tiktok.com/@alkogoliatka/video/7611943607401991455
7601551779536375062,https://www.tiktok.com/@user1275794039815/video/7601551779536375062
7601558737932946690,https://www.tiktok.com/@user1275794039815/video/7601558737932946690
7610520882603117846,https://www.tiktok.com/@user1275794039815/video/7610520882603117846
7609409026899709206,https://www.tiktok.com/@user1275794039815/video/7609409026899709206
7607558029835242774,https://www.tiktok.com/@user1275794039815/video/7607558029835242774
7620522554184224033,https://www.tiktok.com/@user1275794039815/video/7620522554184224033
7583407922256891157,https://www.tiktok.com/@z1adnicks/video/7583407922256891157
7632730455602777347,https://www.tiktok.com/@ordo.mobile_kg/video/7632730455602777347
7589710800248474901,https://www.tiktok.com/@bulak.sport/video/7589710800248474901
7629741892892118292,https://www.tiktok.com/@baaluu.style/video/7629741892892118292
7612079456471076116,https://www.tiktok.com/@osh_cargo.medi/video/7612079456471076116
7641593459651923220,https://www.tiktok.com/@restyling_osh/video/7641593459651923220
7577060415197171000,https://www.tiktok.com/@yana.brvk/video/7577060415197171000
7648703573735329031,https://www.tiktok.com/@but_kiyim_ondoo1/video/7648703573735329031
7630355057996827924,https://www.tiktok.com/@akshoola_studio/video/7630355057996827924
7629789861561502983,https://www.tiktok.com/@arenda.avtoosh/video/7629789861561502983
7602164433774742806,https://www.tiktok.com/@yakitoriya_osh/video/7602164433774742806
7630307361823018247,https://www.tiktok.com/@premium_osh0/video/7630307361823018247
7640529324168203540,https://www.tiktok.com/@benzzax4/video/7640529324168203540
7647379391726538004,https://www.tiktok.com/@oxxoo_kg/video/7647379391726538004
7648874164811500818,https://www.tiktok.com/@mr.elnurski/video/7648874164811500818
7675704284310162720,https://www.tiktok.com/@miluchshie/video/7675704284310162720
7674107457987153173,https://www.tiktok.com/@1kg_wok_shop/video/7674107457987153173
7641465059842985224,https://www.tiktok.com/@premium_osh0/video/7641465059842985224
7688341574748589330,https://www.tiktok.com/@avto.prokat_osh/video/7688341574748589330
7646020364920737044,https://www.tiktok.com/@aksesuaravto_tulpar/video/7646020364920737044
7564713372609187079,https://www.tiktok.com/@nedvijimost_osh/video/7564713372609187079
7675348460220026119,https://www.tiktok.com/@krossbrend.kg/video/7675348460220026119
7612925504563318024,https://www.tiktok.com/@androtech52/video/7612925504563318024
7586905332220185876,https://www.tiktok.com/@turmush.kg_/video/7586905332220185876
7618981356126801172,https://www.tiktok.com/@bamper_kyrgyzstan/video/7618981356126801172
7665014108189773077,https://www.tiktok.com/@auto.monitor.osh/video/7665014108189773077
7579858708235046162,https://www.tiktok.com/@tartil.kg/video/7579858708235046162
7657283048047889685,https://www.tiktok.com/@ambassadormajorov/video/7657283048047889685
7679985539835006241,https://www.tiktok.com/@hurshida.davidova7/video/7679985539835006241
7627719603841535253,https://www.tiktok.com/@muslimwear.kg/video/7627719603841535253
7594699663282867469,https://www.tiktok.com/@qyrqys/video/7594699663282867469
7673339284832685320,https://www.tiktok.com/@elektro.mixx/video/7673339284832685320
7681966399996185877,https://www.tiktok.com/@shahsaray.emerek.osh/video/7681966399996185877
7677148382040755489,https://www.tiktok.com/@kashina_obsh_easy/video/7677148382040755489
7599905398878981398,https://www.tiktok.com/@demal.osh/video/7599905398878981398
7607879955254365458,https://www.tiktok.com/@kudratillo_abdurahmanov/video/7607879955254365458
7687978212973874453,https://www.tiktok.com/@osiyo_kg/video/7687978212973874453
7601555798195440903,https://www.tiktok.com/@notakg1/video/7601555798195440903
7632033921290587413,https://www.tiktok.com/@bek_market1/video/7632033921290587413
7683017408130321681,https://www.tiktok.com/@oshmebelpremium/video/7683017408130321681
7572611049547975944,https://www.tiktok.com/@tmedia.kg/video/7572611049547975944
7684232895673814305,https://www.tiktok.com/@asiya.flowers.osh/video/7684232895673814305
7564756088378101000,https://www.tiktok.com/@sport_tovarosh/video/7564756088378101000
7631209344805244181,https://www.tiktok.com/@topsport_osh/video/7631209344805244181
7637793836114169106,https://www.tiktok.com/@premium_osh0/video/7637793836114169106
7663530774087486741,https://www.tiktok.com/@voi_von/video/7663530774087486741
7650361879457451285,https://www.tiktok.com/@spicejipara/video/7650361879457451285
7667172466598464775,https://www.tiktok.com/@oibaai_kazakhstan/video/7667172466598464775
7610821865682046229,https://www.tiktok.com/@promaster.kg/video/7610821865682046229
7561387871412735240,https://www.tiktok.com/@izi.brand28/video/7561387871412735240
7624789553622076702,https://www.tiktok.com/@ozgochobazar/video/7624789553622076702
7564760136015678728,https://www.tiktok.com/@sport_tovarosh/video/7564760136015678728
7631868161935084818,https://www.tiktok.com/@premium_osh0/video/7631868161935084818
7671334036626869525,https://www.tiktok.com/@saliev.anvar_pro/video/7671334036626869525
7644072332759239956,https://www.tiktok.com/@qaz365kz/video/7644072332759239956
7613413027081211143,https://www.tiktok.com/@brandshop.uzg/video/7613413027081211143
7616312525457607958,https://www.tiktok.com/@trener_mma1/video/7616312525457607958
7691193014806383892,https://www.tiktok.com/@physics100b/video/7691193014806383892
7567258716689403156,https://www.tiktok.com/@shokolad.osh/video/7567258716689403156
7606283985420897557,https://www.tiktok.com/@tmedia.kg/video/7606283985420897557
7639337087057104148,https://www.tiktok.com/@anisa_boutique_osh/video/7639337087057104148
7614903000330407175,https://www.tiktok.com/@an_nur_boutique1/video/7614903000330407175
7605632860636335382,https://www.tiktok.com/@osh.mebel.detiskey/video/7605632860636335382
7683913966833192200,https://www.tiktok.com/@bapalya/video/7683913966833192200
7638880700912946453,https://www.tiktok.com/@rai_mobile1/video/7638880700912946453
7690992182622162183,https://www.tiktok.com/@sanyaebonit/video/7690992182622162183
7689886030635306260,https://www.tiktok.com/@100bambassador/video/7689886030635306260
7691030234191121696,https://www.tiktok.com/@kirra.fil/video/7691030234191121696
7687011439030160662,https://www.tiktok.com/@muurmavv/video/7687011439030160662
7682428033629883650,https://www.tiktok.com/@krepaura/video/7682428033629883650
7670851957346684178,https://www.tiktok.com/@amdassador100/video/7670851957346684178
7686831213495061780,https://www.tiktok.com/@myu3u1/video/7686831213495061780
7689887892704922913,https://www.tiktok.com/@en.nadyusha/video/7689887892704922913
7653058469712497928,https://www.tiktok.com/@_polishka_08/video/7653058469712497928
7686562241079971094,https://www.tiktok.com/@wwsdl8/video/7686562241079971094
7656027019217603854,https://www.tiktok.com/@abb0_4/video/7656027019217603854
7683648670188784916,https://www.tiktok.com/@sashkassss2010/video/7683648670188784916
7633161040678653216,https://www.tiktok.com/@user1275794039815/video/7633161040678653216
7669738457559862548,https://www.tiktok.com/@amb_100b/video/7669738457559862548
7613116945432431894,https://www.tiktok.com/@user1275794039815/video/7613116945432431894
7690520081729686816,https://www.tiktok.com/@kirra.fil/video/7690520081729686816
7601564099750743318,https://www.tiktok.com/@lolkiiiillll/video/7601564099750743318
7686550675211193621,https://www.tiktok.com/@sashkassss2010/video/7686550675211193621
7686921586993155348,https://www.tiktok.com/@froshixs/video/7686921586993155348
7619418822646254869,https://www.tiktok.com/@qwelcer7/video/7619418822646254869
7587891649557187862,https://www.tiktok.com/@user1275794039815/video/7587891649557187862
7607550526670081302,https://www.tiktok.com/@user1275794039815/video/7607550526670081302
7685566532704849182,https://www.tiktok.com/@zhertva_vebinarov/video/7685566532704849182
7615361014565063958,https://www.tiktok.com/@user1275794039815/video/7615361014565063958
7609790653685452054,https://www.tiktok.com/@user1275794039815/video/7609790653685452054
7622029657109531935,https://www.tiktok.com/@soniiiks_00/video/7622029657109531935
7678329798405491982,https://www.tiktok.com/@nik_vikaaaaa/video/7678329798405491982
7653019148653628679,https://www.tiktok.com/@listovskayya/video/7653019148653628679
7614586597899734294,https://www.tiktok.com/@user1275794039815/video/7614586597899734294
7608646293031800078,https://www.tiktok.com/@abb0_4/video/7608646293031800078
7607935703430827286,https://www.tiktok.com/@user1275794039815/video/7607935703430827286
7617569861794827553,https://www.tiktok.com/@user1275794039815/video/7617569861794827553
7618319618003848481,https://www.tiktok.com/@user1275794039815/video/7618319618003848481
7636067762879728917,https://www.tiktok.com/@mariaaraban16/video/7636067762879728917
7617203632676654369,https://www.tiktok.com/@user1275794039815/video/7617203632676654369
7615357952328764694,https://www.tiktok.com/@user1275794039815/video/7615357952328764694
7619051666855316768,https://www.tiktok.com/@user1275794039815/video/7619051666855316768
7630463338505456917,https://www.tiktok.com/@lppd100/video/7630463338505456917
7622765927720946976,https://www.tiktok.com/@user1275794039815/video/7622765927720946976
7610888703908629782,https://www.tiktok.com/@user1275794039815/video/7610888703908629782
7610517378316766487,https://www.tiktok.com/@user1275794039815/video/7610517378316766487
7616468565125844257,https://www.tiktok.com/@user1275794039815/video/7616468565125844257
7620925311189781792,https://www.tiktok.com/@user1275794039815/video/7620925311189781792
7606044184126033174,https://www.tiktok.com/@user1275794039815/video/7606044184126033174
7609830371336736014,https://www.tiktok.com/@abb0_4/video/7609830371336736014
7608637255275531542,https://www.tiktok.com/@user1275794039815/video/7608637255275531542
7617176868311076109,https://www.tiktok.com/@boss_phyz/video/7617176868311076109
7579647080625392904,https://www.tiktok.com/@boss_fiz/video/7579647080625392904
7639033502658202912,https://www.tiktok.com/@english_niko_lomidze/video/7639033502658202912
7638923175962676500,https://www.tiktok.com/@ilcheg_cool/video/7638923175962676500
7686009716153011476,https://www.tiktok.com/@100bambassador/video/7686009716153011476
7690629790235118880,https://www.tiktok.com/@100brep_as/video/7690629790235118880
7626116182873001249,https://www.tiktok.com/@user1275794039815/video/7626116182873001249
7637389430424177953,https://www.tiktok.com/@ambassador_039/video/7637389430424177953
7688233596720516373,https://www.tiktok.com/@.olimpright/video/7688233596720516373
7616064610726202646,https://www.tiktok.com/@matem_amin/video/7616064610726202646
7691309328846097685,https://www.tiktok.com/@valentinitch/video/7691309328846097685
7646497197311134984,https://www.tiktok.com/@flirt_with_ege/video/7646497197311134984
7689372099722431777,https://www.tiktok.com/@100brep_as/video/7689372099722431777
7690654472179027221,https://www.tiktok.com/@flexhistory/video/7690654472179027221
7622768548867345697,https://www.tiktok.com/@user1275794039815/video/7622768548867345697
7688023573914586398,https://www.tiktok.com/@montag230/video/7688023573914586398
7691113296728034580,https://www.tiktok.com/@varvarvarvar18/video/7691113296728034580
7607015157356694806,https://www.tiktok.com/@mark_lamark/video/7607015157356694806
7601855601618062614,https://www.tiktok.com/@sdan_ege100b/video/7601855601618062614
7689935376772861204,https://www.tiktok.com/@ktoriisme/video/7689935376772861204
7644848454774033682,https://www.tiktok.com/@elite_ege/video/7644848454774033682
7612012404569918723,https://www.tiktok.com/@user1275794039815/video/7612012404569918723
7677968382192553224,https://www.tiktok.com/@egeflex/video/7677968382192553224
7656461739004874004,https://www.tiktok.com/@meibrry/video/7656461739004874004
7608544471504014610,https://www.tiktok.com/@malova_obsh/video/7608544471504014610
7614965039723744534,https://www.tiktok.com/@user1275794039815/video/7614965039723744534
7609043237042425111,https://www.tiktok.com/@user1275794039815/video/7609043237042425111
7612387516917796099,https://www.tiktok.com/@user1275794039815/video/7612387516917796099
7652389496188669192,https://www.tiktok.com/@yanpravo/video/7652389496188669192
7613497001833008406,https://www.tiktok.com/@user1275794039815/video/7613497001833008406
7647099310705872149,https://www.tiktok.com/@alaska.vgorax/video/7647099310705872149
7603583117542051085,https://www.tiktok.com/@rosealkamian/video/7603583117542051085
7620781580432215319,https://www.tiktok.com/@valttty/video/7620781580432215319
7567695890945805590,https://www.tiktok.com/@neofamily_club/video/7567695890945805590
7599570272831802631,https://www.tiktok.com/@tilu_kz/video/7599570272831802631
7690249584311815454,https://www.tiktok.com/@ambchriss/video/7690249584311815454
7608824918268038431,https://www.tiktok.com/@alkogoliatka/video/7608824918268038431
7650495087956561159,https://www.tiktok.com/@ruslan_gabbasov/video/7650495087956561159
7690144422503206165,https://www.tiktok.com/@buy_phones/video/7690144422503206165
7688345500092812565,https://www.tiktok.com/@ao100b/video/7688345500092812565
7685818329566694663,https://www.tiktok.com/@draserg2/video/7685818329566694663
7601789983950687495,https://www.tiktok.com/@fluentfloww/video/7601789983950687495
7687158598429953300,https://www.tiktok.com/@ollywolli/video/7687158598429953300
7684341862060150038,https://www.tiktok.com/@komrakova5/video/7684341862060150038
7574534154629467399,https://www.tiktok.com/@lanova_lanova1/video/7574534154629467399
7690089224317668628,https://www.tiktok.com/@startifyan/video/7690089224317668628
7683586951835847966,https://www.tiktok.com/@safarkrytoy23/video/7683586951835847966
7691367767190031646,https://www.tiktok.com/@ambchriss/video/7691367767190031646
7611431091374689567,https://www.tiktok.com/@alkogoliatka/video/7611431091374689567
7690250744921902366,https://www.tiktok.com/@ambchriss/video/7690250744921902366
7688579396231351582,https://www.tiktok.com/@ambchriss/video/7688579396231351582
7689379712094801173,https://www.tiktok.com/@klevtsova_arab/video/7689379712094801173
7663472641717685526,https://www.tiktok.com/@obschdelo/video/7663472641717685526
7688976566587575572,https://www.tiktok.com/@klevtsova_arab/video/7688976566587575572
7690099686039948564,https://www.tiktok.com/@klevtsova_arab/video/7690099686039948564
7653101357137792277,https://www.tiktok.com/@arna.online.school/video/7653101357137792277
7688354351215103253,https://www.tiktok.com/@klevtsova_arab/video/7688354351215103253
7677197874328866069,https://www.tiktok.com/@klevtsova_arab/video/7677197874328866069
7691209122368228629,https://www.tiktok.com/@klevtsova_arab/video/7691209122368228629
7660798156468178197,https://www.tiktok.com/@ryumuor/video/7660798156468178197
7687868371869732117,https://www.tiktok.com/@moons1493/video/7687868371869732117
7689314624755354901,https://www.tiktok.com/@ss0niks1/video/7689314624755354901
7682153405560704274,https://www.tiktok.com/@study_with_me_ege/video/7682153405560704274
7677293424692841748,https://www.tiktok.com/@sju_lia_na/video/7677293424692841748
7684499093741128992,https://www.tiktok.com/@w3445480/video/7684499093741128992
7571050835648548108,https://www.tiktok.com/@olena_adel/video/7571050835648548108
7595294465112182034,https://www.tiktok.com/@yfe.school/video/7595294465112182034
7665759363558083858,https://www.tiktok.com/@katu_sssha/video/7665759363558083858
7670473129352858900,https://www.tiktok.com/@itiskroshik/video/7670473129352858900
7578102617730010375,https://www.tiktok.com/@focus_onlineschool/video/7578102617730010375
7680104184359767317,https://www.tiktok.com/@twinkle_bowller/video/7680104184359767317
7594017317357440268,https://www.tiktok.com/@richlpfdf1k/video/7594017317357440268
7687562562241662216,https://www.tiktok.com/@enigma100b/video/7687562562241662216
7638323410195467553,https://www.tiktok.com/@vikaobjasnit/video/7638323410195467553
7675424557645286664,https://www.tiktok.com/@math_tutor8/video/7675424557645286664
7680302177696386322,https://www.tiktok.com/@maya_miam1/video/7680302177696386322
7639775330269449479,https://www.tiktok.com/@ispovednick/video/7639775330269449479
7556896267855465735,https://www.tiktok.com/@kuuurto/video/7556896267855465735
7689308937878801682,https://www.tiktok.com/@ulyanabalashova1/video/7689308937878801682
7660512172438555924,https://www.tiktok.com/@smartcodeacademy/video/7660512172438555924
7682473880434298133,https://www.tiktok.com/@egenalegke/video/7682473880434298133
7666035912450755861,https://www.tiktok.com/@tyt__anka/video/7666035912450755861
7638214116531784968,https://www.tiktok.com/@lena.cmm/video/7638214116531784968
7686875260687355158,https://www.tiktok.com/@otec.viktor2/video/7686875260687355158
7672748989145435400,https://www.tiktok.com/@dashuliiiiik1/video/7672748989145435400
7659846092871240980,https://www.tiktok.com/@smartcodeacademy/video/7659846092871240980
7604941464602250518,https://www.tiktok.com/@user6621405932704/video/7604941464602250518
7678324255532125463,https://www.tiktok.com/@gardawuamkc/video/7678324255532125463
7591187644269301012,https://www.tiktok.com/@yourpartnerships/video/7591187644269301012
7596654038196817159,https://www.tiktok.com/@superv1ctor/video/7596654038196817159
7665213255022906644,https://www.tiktok.com/@demand_english.online/video/7665213255022906644
7602584509267201300,https://www.tiktok.com/@lifeandworkonline/video/7602584509267201300
7607807103436147975,https://www.tiktok.com/@onovosiadlyi/video/7607807103436147975
7681725485792890132,https://www.tiktok.com/@pochtibank/video/7681725485792890132
7690510922359590165,https://www.tiktok.com/@elena_abgash/video/7690510922359590165
7662716669491498257,https://www.tiktok.com/@derkeey1/video/7662716669491498257
7685068798415637768,https://www.tiktok.com/@karolina_kft/video/7685068798415637768
7681749314011467030,https://www.tiktok.com/@vasilisa51096/video/7681749314011467030
7690843607913254152,https://www.tiktok.com/@onlineschool_harmony/video/7690843607913254152
7679909085277359368,https://www.tiktok.com/@rabota_online311/video/7679909085277359368
7685357129380793633,https://www.tiktok.com/@repka.study/video/7685357129380793633
7561106582826732856,https://www.tiktok.com/@artem.smartcode/video/7561106582826732856
7629095088034991381,https://www.tiktok.com/@klevtsova_arab/video/7629095088034991381
7666879589129538834,https://www.tiktok.com/@varvara.ch4/video/7666879589129538834
7581170968282844427,https://www.tiktok.com/@mariisha.soseliia/video/7581170968282844427
7671382004952206624,https://www.tiktok.com/@dasha.ege2/video/7671382004952206624
7648992724875496724,https://www.tiktok.com/@yukivlis6/video/7648992724875496724
7683542585440275732,https://www.tiktok.com/@krbvan_/video/7683542585440275732
7621878336108711190,https://www.tiktok.com/@egehub_vibe/video/7621878336108711190
7672877768618659104,https://www.tiktok.com/@dasha.ege2/video/7672877768618659104
7585865206476115222,https://www.tiktok.com/@kyujin.03/video/7585865206476115222
7615538193558998304,https://www.tiktok.com/@ivanvaletich68/video/7615538193558998304
7671920883254037792,https://www.tiktok.com/@sonka_monina/video/7671920883254037792
7632018401153535254,https://www.tiktok.com/@kto.too067/video/7632018401153535254
7678715250740366610,https://www.tiktok.com/@vamihka/video/7678715250740366610
7654633240380165398,https://www.tiktok.com/@mppgrl_/video/7654633240380165398
7629731266967112967,https://www.tiktok.com/@marsiiiokkk/video/7629731266967112967
7677897135651704097,https://www.tiktok.com/@with_love_varya/video/7677897135651704097
7646757773459361044,https://www.tiktok.com/@marsiiiokkk/video/7646757773459361044
7648607552049286407,https://www.tiktok.com/@stasechka995/video/7648607552049286407
7688736908083498260,https://www.tiktok.com/@linochkaaai/video/7688736908083498260
7682398176149523732,https://www.tiktok.com/@ennzayy/video/7682398176149523732
7675358307766324501,https://www.tiktok.com/@sanukyl/video/7675358307766324501
7642292933126819092,https://www.tiktok.com/@marsiiiokkk/video/7642292933126819092
7609792084643466526,https://www.tiktok.com/@kris_sss33/video/7609792084643466526
7646385992756153621,https://www.tiktok.com/@marsiiiokkk/video/7646385992756153621
7680179452973763873,https://www.tiktok.com/@emixmilaa/video/7680179452973763873
7633424163885223188,https://www.tiktok.com/@marsiiiokkk/video/7633424163885223188
7637897997229067541,https://www.tiktok.com/@marsiiiokkk/video/7637897997229067541
7647913557257899282,https://www.tiktok.com/@stasechka995/video/7647913557257899282
7628583846350523656,https://www.tiktok.com/@marsiiiokkk/video/7628583846350523656
7633394434897415456,https://www.tiktok.com/@nasvaii44/video/7633394434897415456
7646887669695253768,https://www.tiktok.com/@stasechka995/video/7646887669695253768
7634503658733882645,https://www.tiktok.com/@marsiiiokkk/video/7634503658733882645
7657157804599397640,https://www.tiktok.com/@lizok.rudik/video/7657157804599397640
7635634343808978184,https://www.tiktok.com/@lirikisss/video/7635634343808978184
7679108436528778528,https://www.tiktok.com/@cleangirl_rus/video/7679108436528778528
7595200829716630792,https://www.tiktok.com/@egeflex/video/7595200829716630792
7653124147140168980,https://www.tiktok.com/@anglichankael0/video/7653124147140168980
7655983963625917717,https://www.tiktok.com/@anglichankael0/video/7655983963625917717
7675804059579714834,https://www.tiktok.com/@_mashkinsz_/video/7675804059579714834
7632778876355120402,https://www.tiktok.com/@saltories/video/7632778876355120402
7690268245340835104,https://www.tiktok.com/@mery.rechh_/video/7690268245340835104
7689806220089396487,https://www.tiktok.com/@nyylizzzaa/video/7689806220089396487
7668023984390180116,https://www.tiktok.com/@anglichankael0/video/7668023984390180116
7675708963878587666,https://www.tiktok.com/@yasno_ege/video/7675708963878587666
7637091640858987797,https://www.tiktok.com/@marsiiiokkk/video/7637091640858987797
7625012065161235743,https://www.tiktok.com/@slesha322/video/7625012065161235743
7666107584356617505,https://www.tiktok.com/@dasha.ege2/video/7666107584356617505
7636139077183507714,https://www.tiktok.com/@sonka_monina/video/7636139077183507714
7672371477467041044,https://www.tiktok.com/@qqqqww55/video/7672371477467041044
7627584952288234785,https://www.tiktok.com/@naviege/video/7627584952288234785
7627536993680919830,https://www.tiktok.com/@sonka_monina/video/7627536993680919830
7619404768263326998,https://www.tiktok.com/@sonka_monina/video/7619404768263326998
7620527879633308936,https://www.tiktok.com/@nikis9303/video/7620527879633308936
7621254236948466966,https://www.tiktok.com/@sonka_monina/video/7621254236948466966
7622316088797318422,https://www.tiktok.com/@egehub_vibe/video/7622316088797318422
7572455367993609528,https://www.tiktok.com/@mariisha.soseliia/video/7572455367993609528
7633086258058661143,https://www.tiktok.com/@kto.too067/video/7633086258058661143
7627798310358633750,https://www.tiktok.com/@sonka_monina/video/7627798310358633750
7599720283808828680,https://www.tiktok.com/@kristinochka0806/video/7599720283808828680
7630732925335522582,https://www.tiktok.com/@kto.too067/video/7630732925335522582
7633902569047264534,https://www.tiktok.com/@kissmif/video/7633902569047264534
7628302528886836482,https://www.tiktok.com/@sonka_monina/video/7628302528886836482
7630213514233154836,https://www.tiktok.com/@11ege1/video/7630213514233154836
7625731027251825940,https://www.tiktok.com/@11ege1/video/7625731027251825940
7637287978766716181,https://www.tiktok.com/@11ege1/video/7637287978766716181
7631173854664215822,https://www.tiktok.com/@hubchic6/video/7631173854664215822
7684239646787767584,https://www.tiktok.com/@vremya_uchitelya/video/7684239646787767584
7621843395161509123,https://www.tiktok.com/@egehub_vibe/video/7621843395161509123
7689440572754431252,https://www.tiktok.com/@tanyaste555/video/7689440572754431252
7625746557496741140,https://www.tiktok.com/@11ege1/video/7625746557496741140
7627778400203115798,https://www.tiktok.com/@sonka_monina/video/7627778400203115798
7627829998996442388,https://www.tiktok.com/@11ege1/video/7627829998996442388
7625741443365080340,https://www.tiktok.com/@11ege1/video/7625741443365080340
7631647337512832278,https://www.tiktok.com/@sonka_monina/video/7631647337512832278
7629298396175617300,https://www.tiktok.com/@makarrovaa3/video/7629298396175617300
7627188632306142486,https://www.tiktok.com/@kto.too067/video/7627188632306142486
7609640106483256594,https://www.tiktok.com/@ya_procto_lox/video/7609640106483256594
7606203777166642454,https://www.tiktok.com/@kyujin.03/video/7606203777166642454
7620533536667471112,https://www.tiktok.com/@nikis9303/video/7620533536667471112
7648657158283808007,https://www.tiktok.com/@novichikhina_y/video/7648657158283808007
7626422428515781910,https://www.tiktok.com/@kto.too067/video/7626422428515781910
7623010429496724744,https://www.tiktok.com/@thefirstone111111/video/7623010429496724744
7662813131361619220,https://www.tiktok.com/@compotteam/video/7662813131361619220
7621950371195309319,https://www.tiktok.com/@thefirstone111111/video/7621950371195309319
7626779146030517524,https://www.tiktok.com/@11ege1/video/7626779146030517524
7635585629488696598,https://www.tiktok.com/@egehub_vibe/video/7635585629488696598
7633051307653336343,https://www.tiktok.com/@kto.too067/video/7633051307653336343
7598935492255665415,https://www.tiktok.com/@kristinochka0806/video/7598935492255665415
7625689542808358151,https://www.tiktok.com/@soniksss_277/video/7625689542808358151
7626785344024775944,https://www.tiktok.com/@soniksss_277/video/7626785344024775944
7626349447487720722,https://www.tiktok.com/@soniksss_277/video/7626349447487720722
7627815252536642838,https://www.tiktok.com/@egehub_vibe/video/7627815252536642838
7625709608266485014,https://www.tiktok.com/@kissmif/video/7625709608266485014
7623903029690912008,https://www.tiktok.com/@ponchiklev/video/7623903029690912008
7634664439500803350,https://www.tiktok.com/@sonka_monina/video/7634664439500803350
7632281694783016214,https://www.tiktok.com/@egehub_vibe/video/7632281694783016214
7634496915631000854,https://www.tiktok.com/@egehub_vibe/video/7634496915631000854
7631641461141851414,https://www.tiktok.com/@kissmif/video/7631641461141851414
7631680168637091094,https://www.tiktok.com/@sonka_monina/video/7631680168637091094
7634992727557541142,https://www.tiktok.com/@sonka_monina/video/7634992727557541142
7624247149726878998,https://www.tiktok.com/@sonka_monina/video/7624247149726878998
7622704317371321621,https://www.tiktok.com/@varvara.ch4/video/7622704317371321621
7632240176487468311,https://www.tiktok.com/@sonka_monina/video/7632240176487468311
7635265108859473174,https://www.tiktok.com/@sonka_monina/video/7635265108859473174
7632981535477484822,https://www.tiktok.com/@kissmif/video/7632981535477484822
7623053741746408726,https://www.tiktok.com/@sonka_monina/video/7623053741746408726
7624147156881984790,https://www.tiktok.com/@egehub_vibe/video/7624147156881984790
7632213516912495894,https://www.tiktok.com/@sonka_monina/video/7632213516912495894
7633412146272996630,https://www.tiktok.com/@sonka_monina/video/7633412146272996630
7632040737366052098,https://www.tiktok.com/@kissmif/video/7632040737366052098
7630399355744161046,https://www.tiktok.com/@sonka_monina/video/7630399355744161046
7622402760083918102,https://www.tiktok.com/@egehub_vibe/video/7622402760083918102
7636095599636516118,https://www.tiktok.com/@sonka_monina/video/7636095599636516118
7626737335388114196,https://www.tiktok.com/@varvara.ch4/video/7626737335388114196
7635264948486032662,https://www.tiktok.com/@egehub_vibe/video/7635264948486032662
7625884213878738198,https://www.tiktok.com/@egehub_vibe/video/7625884213878738198
7620646351650540820,https://www.tiktok.com/@varvara.ch4/video/7620646351650540820
7689396941020564788,https://www.tiktok.com/@annagrosh/video/7689396941020564788
7622570319265500438,https://www.tiktok.com/@egehub_vibe/video/7622570319265500438
7634618772036357398,https://www.tiktok.com/@sonka_monina/video/7634618772036357398
7634121049415830787,https://www.tiktok.com/@egehub_vibe/video/7634121049415830787
7635222283744726294,https://www.tiktok.com/@egehub_vibe/video/7635222283744726294
7633409830295719190,https://www.tiktok.com/@egehub_vibe/video/7633409830295719190
7601265855766334727,https://www.tiktok.com/@stolyrchik1/video/7601265855766334727
7627052612742843662,https://www.tiktok.com/@hubchic6/video/7627052612742843662
7630400019916524822,https://www.tiktok.com/@egehub_vibe/video/7630400019916524822
7628553653749599510,https://www.tiktok.com/@egehub_vibe/video/7628553653749599510
7611207568718892295,https://www.tiktok.com/@arizziiii/video/7611207568718892295
7625913298977901827,https://www.tiktok.com/@egehub_vibe/video/7625913298977901827
7633149406698654998,https://www.tiktok.com/@egehub_vibe/video/7633149406698654998
7630414383839055126,https://www.tiktok.com/@egehub_vibe/video/7630414383839055126
7686612899078343954,https://www.tiktok.com/@m_a_linkaa/video/7686612899078343954
7627939694013189398,https://www.tiktok.com/@egehub_vibe/video/7627939694013189398
7600897925098589473,https://www.tiktok.com/@marishkege/video/7600897925098589473
7627239629795724564,https://www.tiktok.com/@11ege1/video/7627239629795724564
7627780806899027222,https://www.tiktok.com/@egehub_vibe/video/7627780806899027222
7638741117969730817,https://www.tiktok.com/@habix.nagi3000bat/video/7638741117969730817
7625792657025010974,https://www.tiktok.com/@habix.3000/video/7625792657025010974
7636397504145263893,https://www.tiktok.com/@nekorolevskiy/video/7636397504145263893
7562180103141149974,https://www.tiktok.com/@kirakosian1/video/7562180103141149974
7650091298443283732,https://www.tiktok.com/@your_master.niks_/video/7650091298443283732
7620297704647773462,https://www.tiktok.com/@kto.too067/video/7620297704647773462
7622547133819800852,https://www.tiktok.com/@qqqqww55/video/7622547133819800852
7622222576286272776,https://www.tiktok.com/@qqqqww55/video/7622222576286272776
7634626987130096918,https://www.tiktok.com/@kissmif/video/7634626987130096918
7624220931182873863,https://www.tiktok.com/@thefirstone111111/video/7624220931182873863
7638173244545092871,https://www.tiktok.com/@varvara.ch4/video/7638173244545092871
7631788700531248402,https://www.tiktok.com/@soniksss_277/video/7631788700531248402
7630031283577507094,https://www.tiktok.com/@kissmif/video/7630031283577507094
7625699911945833736,https://www.tiktok.com/@soniksss_277/video/7625699911945833736
7630470671579041046,https://www.tiktok.com/@kissmif/video/7630470671579041046
7626341162391031047,https://www.tiktok.com/@soniksss_277/video/7626341162391031047
7620483525761912085,https://www.tiktok.com/@varvara.ch4/video/7620483525761912085
7626355638821489927,https://www.tiktok.com/@soniksss_277/video/7626355638821489927
7644856486987861266,https://www.tiktok.com/@malova_obsh/video/7644856486987861266
7687714088071318798,https://www.tiktok.com/@farforovy/video/7687714088071318798
7616065433409424660,https://www.tiktok.com/@ivan_shoping/video/7616065433409424660
7646826907060768032,https://www.tiktok.com/@belalechka/video/7646826907060768032
7689465990215650568,https://www.tiktok.com/@gaini.otegen87/video/7689465990215650568
7637896270794738965,https://www.tiktok.com/@story.ai.series/video/7637896270794738965
7641150403974794528,https://www.tiktok.com/@apalon3/video/7641150403974794528
7679466684310195478,https://www.tiktok.com/@ballistic_sport_shop/video/7679466684310195478
7658266398288006403,https://www.tiktok.com/@alya.le.tresor/video/7658266398288006403
7678745779065851157,https://www.tiktok.com/@ssaddd163/video/7678745779065851157
7691718003066522893,https://www.tiktok.com/@tonyy1337/video/7691718003066522893
7667211524070591765,https://www.tiktok.com/@sushiiyama/video/7667211524070591765
7669336514538556693,https://www.tiktok.com/@katyasmood/video/7669336514538556693
7611420288315641120,https://www.tiktok.com/@grekovsambo_official/video/7611420288315641120
7686128515229535509,https://www.tiktok.com/@uliana.trosheva/video/7686128515229535509
7678442314817146133,https://www.tiktok.com/@yana.ayshan/video/7678442314817146133
7690544641006996744,https://www.tiktok.com/@skidkalov/video/7690544641006996744
7689090956397808902,https://www.tiktok.com/@armenia_promocodes/video/7689090956397808902
7688990426451299604,https://www.tiktok.com/@pokushat5/video/7688990426451299604
7691195216237268242,https://www.tiktok.com/@evo_visuals/video/7691195216237268242
7686131858819665160,https://www.tiktok.com/@ninalove156/video/7686131858819665160
7683531072021269792,https://www.tiktok.com/@skidkatochka/video/7683531072021269792
7690933775538195713,https://www.tiktok.com/@momdochek/video/7690933775538195713
7689020186950634770,https://www.tiktok.com/@ssaddd163/video/7689020186950634770
7690899178037333268,https://www.tiktok.com/@your_deadsoul/video/7690899178037333268
7641187776955698452,https://www.tiktok.com/@ryazantsew1/video/7641187776955698452
7690555984485403926,https://www.tiktok.com/@rubba_bubba/video/7690555984485403926
7691380968736705813,https://www.tiktok.com/@rinqwwo/video/7691380968736705813
7676821916170095904,https://www.tiktok.com/@pylesos_chistota/video/7676821916170095904
7691775576532651297,https://www.tiktok.com/@arpismile__/video/7691775576532651297
7674227021781699860,https://www.tiktok.com/@naydansan/video/7674227021781699860
7689529139195301141,https://www.tiktok.com/@fregyti/video/7689529139195301141
7691274681210408199,https://www.tiktok.com/@vasilinayuskovets/video/7691274681210408199
7689149111836347655,https://www.tiktok.com/@ilya_veseliy/video/7689149111836347655
7644154288851160328,https://www.tiktok.com/@likebook_official/video/7644154288851160328
7689502896198536468,https://www.tiktok.com/@kazantsevaaaa__/video/7689502896198536468
7642731862560967943,https://www.tiktok.com/@user9373529980804/video/7642731862560967943
7690813431091432711,https://www.tiktok.com/@evo_visuals/video/7690813431091432711
7685290549607156999,https://www.tiktok.com/@zubzubenko/video/7685290549607156999
7691437691287751949,https://www.tiktok.com/@tonyy1337/video/7691437691287751949
7668296204287053074,https://www.tiktok.com/@diavabrand/video/7668296204287053074
7655237464717577493,https://www.tiktok.com/@pokushat5/video/7655237464717577493
7688705104098233652,https://www.tiktok.com/@vyigodka/video/7688705104098233652
7689822341613882630,https://www.tiktok.com/@julie.ttttt/video/7689822341613882630
7667935521678658834,https://www.tiktok.com/@katya_smile/video/7667935521678658834
7603432643006352647,https://www.tiktok.com/@k_olshanskaia/video/7603432643006352647
7688724130623016224,https://www.tiktok.com/@vshumilovv2/video/7688724130623016224
7659516432442592532,https://www.tiktok.com/@plohi.sh/video/7659516432442592532
7682438204724743445,https://www.tiktok.com/@omegazubik/video/7682438204724743445
7652027122399087892,https://www.tiktok.com/@rinqwwo/video/7652027122399087892
7677984345998593313,https://www.tiktok.com/@stisha_fak_official/video/7677984345998593313
7690268322897710337,https://www.tiktok.com/@prettyroomju/video/7690268322897710337
7673829615877606674,https://www.tiktok.com/@tatyanaduka/video/7673829615877606674
7643761868414242066,https://www.tiktok.com/@tipalolka/video/7643761868414242066
7670167758423821589,https://www.tiktok.com/@yana.kerry/video/7670167758423821589
7678027200448253206,https://www.tiktok.com/@autoskola_gross/video/7678027200448253206
7664234834193042720,https://www.tiktok.com/@stisha_fak_official/video/7664234834193042720
7676067753542929672,https://www.tiktok.com/@user5095146688823/video/7676067753542929672
7690588841425620231,https://www.tiktok.com/@blazberi/video/7690588841425620231
7690265023800806664,https://www.tiktok.com/@istirii.o.jizni/video/7690265023800806664
7581953576268827926,https://www.tiktok.com/@viktory_goo/video/7581953576268827926
7662879762431380757,https://www.tiktok.com/@snwkyass/video/7662879762431380757
7668691283514330389,https://www.tiktok.com/@romanova_roma/video/7668691283514330389
7676781534010936584,https://www.tiktok.com/@instasamka/video/7676781534010936584
7690685746591583508,https://www.tiktok.com/@masshenkaa/video/7690685746591583508
7625378198905163028,https://www.tiktok.com/@eva.withoutadam/video/7625378198905163028
7648984152661822728,https://www.tiktok.com/@sensulu.team/video/7648984152661822728
7638678342497013014,https://www.tiktok.com/@qwssaq64/video/7638678342497013014
7690129484028071189,https://www.tiktok.com/@ambassadormajorov/video/7690129484028071189
7681698970506284309,https://www.tiktok.com/@ambassadormajorov/video/7681698970506284309
7677280564201786657,https://www.tiktok.com/@elkollege_prof/video/7677280564201786657
7656070004747570450,https://www.tiktok.com/@pdumbfck/video/7656070004747570450
7589319729160998165,https://www.tiktok.com/@yumaevagelya/video/7589319729160998165
7634492617224523028,https://www.tiktok.com/@dominika_hairmama/video/7634492617224523028
7674206962401283341,https://www.tiktok.com/@tumbl_cookies/video/7674206962401283341
7643402920859274504,https://www.tiktok.com/@alinchikee02/video/7643402920859274504
7667973451830889748,https://www.tiktok.com/@romanova_roma/video/7667973451830889748
7691702749372632327,https://www.tiktok.com/@gyroclub_rnd/video/7691702749372632327
7689555572819037447,https://www.tiktok.com/@free.sale.promo/video/7689555572819037447
7655668306866638093,https://www.tiktok.com/@idkidksc/video/7655668306866638093
7686198041472224533,https://www.tiktok.com/@ski_dos/video/7686198041472224533
7688776616520027413,https://www.tiktok.com/@magnatskidok/video/7688776616520027413
7680457337064131860,https://www.tiktok.com/@vigoda_everyday/video/7680457337064131860
7687237850974129415,https://www.tiktok.com/@ekonom_skidochki/video/7687237850974129415
7673557354549447943,https://www.tiktok.com/@malova_obsh/video/7673557354549447943
7690883948133518606,https://www.tiktok.com/@promokods_1/video/7690883948133518606
7690190006572322062,https://www.tiktok.com/@vkyseds/video/7690190006572322062
7689363005552823570,https://www.tiktok.com/@ekonom_skidochki/video/7689363005552823570
7565452469094993159,https://www.tiktok.com/@user8cpw523h4m/video/7565452469094993159
7675440619887594772,https://www.tiktok.com/@evlamiya/video/7675440619887594772
7690843489998884117,https://www.tiktok.com/@promofilips/video/7690843489998884117
7657521737629814023,https://www.tiktok.com/@yandex_go_eda_pro/video/7657521737629814023
7689786685030305031,https://www.tiktok.com/@vigodnaya_lavka/video/7689786685030305031
7679107329295387936,https://www.tiktok.com/@victoria_ria555/video/7679107329295387936
7648628840507493653,https://www.tiktok.com/@ylashkt9/video/7648628840507493653
7677719629925469447,https://www.tiktok.com/@ivan_shoping/video/7677719629925469447
7690853615052868885,https://www.tiktok.com/@princzmania/video/7690853615052868885
7598216356399566136,https://www.tiktok.com/@kseniya.ivanovskaya/video/7598216356399566136
7679891801951587606,https://www.tiktok.com/@evg.severin2411/video/7679891801951587606
7690178716823047445,https://www.tiktok.com/@fndboss/video/7690178716823047445
7690645229514329352,https://www.tiktok.com/@solovey_222/video/7690645229514329352
7689329534151298311,https://www.tiktok.com/@havchik_skidka/video/7689329534151298311
7595174554847218961,https://www.tiktok.com/@padberu/video/7595174554847218961
7626761026062568726,https://www.tiktok.com/@twitch.brat1shka6/video/7626761026062568726
7600419405989809428,https://www.tiktok.com/@gulim0.1s/video/7600419405989809428
7577673957084515640,https://www.tiktok.com/@vesla_kz/video/7577673957084515640
7682050109076557076,https://www.tiktok.com/@promokod_kaz_yandex_go/video/7682050109076557076
7646002131828346130,https://www.tiktok.com/@elenaleva_/video/7646002131828346130
7591786409648737547,https://www.tiktok.com/@theronami/video/7591786409648737547
7638538886431493396,https://www.tiktok.com/@amishkiiinn/video/7638538886431493396
7656358082817117460,https://www.tiktok.com/@anglichankael0/video/7656358082817117460
7690331284203261198,https://www.tiktok.com/@superpupermjdianchik/video/7690331284203261198
7688250797947407637,https://www.tiktok.com/@promofilips/video/7688250797947407637
7681682253662932257,https://www.tiktok.com/@emixmilaa/video/7681682253662932257
7652737890115472660,https://www.tiktok.com/@rinqwwo/video/7652737890115472660
7633851269915921684,https://www.tiktok.com/@wixxb/video/7633851269915921684
7612411432814054663,https://www.tiktok.com/@lamarkovich/video/7612411432814054663
7628255615403429127,https://www.tiktok.com/@ponchiklev/video/7628255615403429127
7612411616990186759,https://www.tiktok.com/@lamarkovich/video/7612411616990186759
7688001364168838421,https://www.tiktok.com/@amnam119/video/7688001364168838421
7691047017505754388,https://www.tiktok.com/@crombyy7/video/7691047017505754388
7690581690971868448,https://www.tiktok.com/@katr.sch/video/7690581690971868448
7625304795812760852,https://www.tiktok.com/@ponchiklev/video/7625304795812760852
7690390290875550997,https://www.tiktok.com/@nsttttty/video/7690390290875550997
7690194524362132743,https://www.tiktok.com/@dotr0x/video/7690194524362132743
7687153046496873749,https://www.tiktok.com/@ad1sey/video/7687153046496873749
7676083156318997792,https://www.tiktok.com/@100b.ambassador.f/video/7676083156318997792
7675309670763859218,https://www.tiktok.com/@dohioooo/video/7675309670763859218
7690501323611049237,https://www.tiktok.com/@nsttttty/video/7690501323611049237
7690674824867368212,https://www.tiktok.com/@gurudar1a/video/7690674824867368212
7691342876965440790,https://www.tiktok.com/@flash_ege/video/7691342876965440790
7671045807054933268,https://www.tiktok.com/@mil_6780/video/7671045807054933268
7690268073273658644,https://www.tiktok.com/@spdmek/video/7690268073273658644
7690130852386295060,https://www.tiktok.com/@thelittlechemist/video/7690130852386295060
7622636178184899848,https://www.tiktok.com/@ponchiklev/video/7622636178184899848
7651267462767414549,https://www.tiktok.com/@soniiiiiiiic8/video/7651267462767414549
7691263346229693716,https://www.tiktok.com/@mopergmgpbb/video/7691263346229693716
7685441689061788961,https://www.tiktok.com/@nikitarrr469/video/7685441689061788961
7627864403286805781,https://www.tiktok.com/@ponchiklev/video/7627864403286805781
7690810838759902471,https://www.tiktok.com/@ayerferr/video/7690810838759902471
7629353873873866005,https://www.tiktok.com/@lerwith100points/video/7629353873873866005
7690190881097338120,https://www.tiktok.com/@s11shhhhh/video/7690190881097338120
7690198395041975572,https://www.tiktok.com/@ege.true/video/7690198395041975572
7690601788600225042,https://www.tiktok.com/@ffrfbjj/video/7690601788600225042
7683899318801059092,https://www.tiktok.com/@100bambassador/video/7683899318801059092
7690982744024812832,https://www.tiktok.com/@chefir65/video/7690982744024812832
7690665482914909461,https://www.tiktok.com/@ege.true/video/7690665482914909461
7688750606508379412,https://www.tiktok.com/@day.yuki6/video/7688750606508379412
7681650680339139858,https://www.tiktok.com/@fedos_kokos_100b/video/7681650680339139858
7691382628116696342,https://www.tiktok.com/@chefir65/video/7691382628116696342
7689456704064458004,https://www.tiktok.com/@biowithbear/video/7689456704064458004
7690305962887892246,https://www.tiktok.com/@notreallyme920/video/7690305962887892246
7690227341527698710,https://www.tiktok.com/@beliska_iriska/video/7690227341527698710
7690979874344914197,https://www.tiktok.com/@ad1sey/video/7690979874344914197
7643401750447197461,https://www.tiktok.com/@lppd100/video/7643401750447197461
7686897682736155924,https://www.tiktok.com/@100bambassador/video/7686897682736155924
7676085672834305312,https://www.tiktok.com/@100b.ambassador.f/video/7676085672834305312
7681976032445893908,https://www.tiktok.com/@lppd100/video/7681976032445893908
7689864391180799265,https://www.tiktok.com/@mif100b/video/7689864391180799265
7675028351697964310,https://www.tiktok.com/@flash_ege/video/7675028351697964310
7642776832143609096,https://www.tiktok.com/@himbiobro/video/7642776832143609096
7678728043703176468,https://www.tiktok.com/@biowithbear/video/7678728043703176468
7667208146104061205,https://www.tiktok.com/@hdhdhdjdjdhdjvcc/video/7667208146104061205
7579725618997218568,https://www.tiktok.com/@ddartem_fan/video/7579725618997218568
7602567968395922695,https://www.tiktok.com/@lppd100/video/7602567968395922695
7647629371695566100,https://www.tiktok.com/@_mgnvss/video/7647629371695566100
7689723693865487648,https://www.tiktok.com/@mif100b/video/7689723693865487648
7601555483303890194,https://www.tiktok.com/@cosmisvits/video/7601555483303890194
7571526356404686110,https://www.tiktok.com/@ege_struggles_202/video/7571526356404686110
7691153615263649044,https://www.tiktok.com/@thelittlechemist/video/7691153615263649044
7623826629843815700,https://www.tiktok.com/@katja_stroganova/video/7623826629843815700
7685385576886865159,https://www.tiktok.com/@nnani_1402/video/7685385576886865159
7670135596236459285,https://www.tiktok.com/@nsttttty/video/7670135596236459285
7659472654641925396,https://www.tiktok.com/@sanyaebonit/video/7659472654641925396
7598889536680185089,https://www.tiktok.com/@romanovna_vika/video/7598889536680185089
7612198528529501458,https://www.tiktok.com/@valentinitch/video/7612198528529501458
7675786960111258902,https://www.tiktok.com/@flash_ege/video/7675786960111258902
7690613204849823009,https://www.tiktok.com/@chefir65/video/7690613204849823009
7604157443681127681,https://www.tiktok.com/@romanovna_vika/video/7604157443681127681
7586185518568836370,https://www.tiktok.com/@littlebodybigheart.1l/video/7586185518568836370
7688803236429434142,https://www.tiktok.com/@misipisi42/video/7688803236429434142
7575146237520039186,https://www.tiktok.com/@slow_flower_/video/7575146237520039186
7617611268744023304,https://www.tiktok.com/@lume832/video/7617611268744023304
7609563187725323527,https://www.tiktok.com/@kristya_0_0/video/7609563187725323527
7611992964172172564,https://www.tiktok.com/@ege_na111/video/7611992964172172564
7674684658679958802,https://www.tiktok.com/@xwiux1003/video/7674684658679958802
7636382651582057749,https://www.tiktok.com/@nsttttty/video/7636382651582057749
7682770777061657876,https://www.tiktok.com/@biowithbear/video/7682770777061657876
7685010852239379733,https://www.tiktok.com/@kurerdostavista/video/7685010852239379733
7688943965453782304,https://www.tiktok.com/@kirra.fil/video/7688943965453782304
7670928620638063894,https://www.tiktok.com/@kkkkwenx/video/7670928620638063894
7689933880647798038,https://www.tiktok.com/@annnz_z/video/7689933880647798038
7675439328331451666,https://www.tiktok.com/@fiiss_08/video/7675439328331451666
7675300881813884168,https://www.tiktok.com/@victorovn/video/7675300881813884168
7690924531250154772,https://www.tiktok.com/@crombyy7/video/7690924531250154772
7682395296323669262,https://www.tiktok.com/@kataruu0/video/7682395296323669262
7685361537321667872,https://www.tiktok.com/@dr_swag47/video/7685361537321667872
7690325037299010834,https://www.tiktok.com/@s11shhhhh/video/7690325037299010834
7691334285416090902,https://www.tiktok.com/@dkisalv/video/7691334285416090902
7691257321376337170,https://www.tiktok.com/@ilcheg/video/7691257321376337170
7691330016784911637,https://www.tiktok.com/@gurudar1a/video/7691330016784911637
7690223847605357831,https://www.tiktok.com/@anya.matem.anya/video/7690223847605357831
7690464467900976416,https://www.tiktok.com/@mif100b/video/7690464467900976416
7675734180034120978,https://www.tiktok.com/@aibiefi/video/7675734180034120978
7690322567378308366,https://www.tiktok.com/@v_v_ver/video/7690322567378308366
7688805196113202453,https://www.tiktok.com/@nsttttty/video/7688805196113202453
7691279903697751303,https://www.tiktok.com/@anya.matem.anya/video/7691279903697751303
7688948166531566868,https://www.tiktok.com/@orlova177/video/7688948166531566868
7690912875707125005,https://www.tiktok.com/@_imamilly_/video/7690912875707125005
7690673448703593729,https://www.tiktok.com/@100pointsambassador/video/7690673448703593729
7690195557561732384,https://www.tiktok.com/@ambassadorka100b/video/7690195557561732384
7689532515949841685,https://www.tiktok.com/@rmskiper/video/7689532515949841685
7691717368640310580,https://www.tiktok.com/@100points_repetit/video/7691717368640310580
7691708905994407176,https://www.tiktok.com/@anya.matem.anya/video/7691708905994407176
7691297567564516628,https://www.tiktok.com/@_brrunette_/video/7691297567564516628
7689501599839833366,https://www.tiktok.com/@100brulit/video/7689501599839833366
7690315182865698081,https://www.tiktok.com/@mako100b/video/7690315182865698081
7688734318654393621,https://www.tiktok.com/@tahtaroff/video/7688734318654393621
7691404027657080085,https://www.tiktok.com/@nsttttty/video/7691404027657080085
7690120645337681173,https://www.tiktok.com/@abinarezki/video/7690120645337681173
7688749793035799828,https://www.tiktok.com/@vwwlr/video/7688749793035799828
7690172301035293972,https://www.tiktok.com/@ptiptsa/video/7690172301035293972
7689159560891862292,https://www.tiktok.com/@rmskiper/video/7689159560891862292
7684494604640603423,https://www.tiktok.com/@fandanyavasilyev/video/7684494604640603423
7686921481808334098,https://www.tiktok.com/@ver0ni4ka492/video/7686921481808334098
7690221741326585121,https://www.tiktok.com/@nikitarrr469/video/7690221741326585121
7691426292167740704,https://www.tiktok.com/@lukicevv/video/7691426292167740704
7691257492495518983,https://www.tiktok.com/@ilcheg/video/7691257492495518983
7690905316590112007,https://www.tiktok.com/@ilcheg/video/7690905316590112007
7691751434840280328,https://www.tiktok.com/@aibiefi/video/7691751434840280328
7690636153984240929,https://www.tiktok.com/@marmmelada/video/7690636153984240929
7690834402762329366,https://www.tiktok.com/@100brulit/video/7690834402762329366
7690185163623501108,https://www.tiktok.com/@maria_100b/video/7690185163623501108
7667168772549102869,https://www.tiktok.com/@kirill_tetyv/video/7667168772549102869
7645268419507408160,https://www.tiktok.com/@sed0v_art/video/7645268419507408160
7689080774888394006,https://www.tiktok.com/@linux16_18/video/7689080774888394006
7680117192687652116,https://www.tiktok.com/@mikeeva.evaa/video/7680117192687652116
7677302371663252758,https://www.tiktok.com/@100ballsway/video/7677302371663252758
7690664844705484064,https://www.tiktok.com/@marmmelada/video/7690664844705484064
7689783951090634005,https://www.tiktok.com/@bijouroux/video/7689783951090634005
7687563977559198984,https://www.tiktok.com/@amdassador100/video/7687563977559198984
7690945930614377736,https://www.tiktok.com/@amdassador100/video/7690945930614377736
7685469799429754132,https://www.tiktok.com/@ao100b/video/7685469799429754132
7678301424278572308,https://www.tiktok.com/@vadimodoure/video/7678301424278572308
7689129911159655712,https://www.tiktok.com/@arinolik6/video/7689129911159655712
7689927191710207252,https://www.tiktok.com/@wikkka.aa/video/7689927191710207252
7689476729882135860,https://www.tiktok.com/@kiwernik/video/7689476729882135860
7689125668621192466,https://www.tiktok.com/@aibiefi/video/7689125668621192466
7684328088515267858,https://www.tiktok.com/@qwinssys/video/7684328088515267858
7653906476641111328,https://www.tiktok.com/@ambassadorka100b/video/7653906476641111328
7611929426514808066,https://www.tiktok.com/@charismagirl31/video/7611929426514808066
7690195338807954696,https://www.tiktok.com/@alenocxsiiis/video/7690195338807954696
7683216209311010069,https://www.tiktok.com/@froshixs/video/7683216209311010069
7690805552196128020,https://www.tiktok.com/@100pointsambassador/video/7690805552196128020
7688814755527642389,https://www.tiktok.com/@100bambassador/video/7688814755527642389
7690636175458995486,https://www.tiktok.com/@ambchriss/video/7690636175458995486
7646367015313181966,https://www.tiktok.com/@ambassdor100/video/7646367015313181966
7582293217039633671,https://www.tiktok.com/@wrfix02/video/7582293217039633671
7617877999592967456,https://www.tiktok.com/@ambassadorka100b/video/7617877999592967456
7689168197274111264,https://www.tiktok.com/@100b.ambassador.f/video/7689168197274111264
7689520134993513749,https://www.tiktok.com/@100bambassador/video/7689520134993513749
7615672875017637153,https://www.tiktok.com/@ambassadorka100b/video/7615672875017637153
7645052586516679956,https://www.tiktok.com/@ffqwany/video/7645052586516679956
7619091044579167519,https://www.tiktok.com/@gasunjk/video/7619091044579167519
7685809767297715477,https://www.tiktok.com/@1laxis_/video/7685809767297715477
7686586532777577748,https://www.tiktok.com/@100bambassador/video/7686586532777577748
7605690596598009108,https://www.tiktok.com/@comebect69/video/7605690596598009108
7646517756099153166,https://www.tiktok.com/@ambassdor100/video/7646517756099153166
7633170208215043360,https://www.tiktok.com/@ambassadorka100b/video/7633170208215043360
7601440385503694102,https://www.tiktok.com/@ambassador_100b/video/7601440385503694102
7642387695271955725,https://www.tiktok.com/@ambassdor100/video/7642387695271955725
7624974362684181792,https://www.tiktok.com/@ambassadorka100b/video/7624974362684181792
7688656376133848341,https://www.tiktok.com/@100bambassador/video/7688656376133848341
7690697646742195489,https://www.tiktok.com/@ambasador604/video/7690697646742195489
7690534812112653601,https://www.tiktok.com/@ambasador604/video/7690534812112653601
7684006331128352021,https://www.tiktok.com/@1laxis_/video/7684006331128352021
7636628061290499349,https://www.tiktok.com/@violetta_erofeeva/video/7636628061290499349
7617884745325710606,https://www.tiktok.com/@ambassdor100/video/7617884745325710606
7646100641718340878,https://www.tiktok.com/@ambassdor100/video/7646100641718340878
7691049079136161044,https://www.tiktok.com/@100bambassador/video/7691049079136161044
7686220143575289109,https://www.tiktok.com/@100bambassador/video/7686220143575289109
7688579946402450708,https://www.tiktok.com/@ambassador404/video/7688579946402450708
7686896002283900180,https://www.tiktok.com/@100bambassador/video/7686896002283900180
7690637607633472800,https://www.tiktok.com/@ambasador604/video/7690637607633472800
7609397055768907022,https://www.tiktok.com/@ambassdor100/video/7609397055768907022
7690119560174882069,https://www.tiktok.com/@ambassador404/video/7690119560174882069
7686757188727033109,https://www.tiktok.com/@1laxis_/video/7686757188727033109
7599605220934421782,https://www.tiktok.com/@ambassador_100b/video/7599605220934421782
7615306281821195552,https://www.tiktok.com/@ambassadorka100b/video/7615306281821195552
7688752707963866388,https://www.tiktok.com/@100bambassador/video/7688752707963866388
7570381775155825928,https://www.tiktok.com/@biodasha2.0/video/7570381775155825928
7685413239953378580,https://www.tiktok.com/@1laxis_/video/7685413239953378580
7687902318599212308,https://www.tiktok.com/@100bambassador/video/7687902318599212308
7609039094408105230,https://www.tiktok.com/@ambassdor100/video/7609039094408105230
7690357539124399367,https://www.tiktok.com/@s11shhhhh/video/7690357539124399367
7579220068236627231,https://www.tiktok.com/@ege100points/video/7579220068236627231
7690198098559126817,https://www.tiktok.com/@ambassadorka100b/video/7690198098559126817
7690217189042949409,https://www.tiktok.com/@tenjin810/video/7690217189042949409
7689563612628765972,https://www.tiktok.com/@100bambassador/video/7689563612628765972
7638170696476052757,https://www.tiktok.com/@violetta_erofeeva/video/7638170696476052757
7630884492013554977,https://www.tiktok.com/@ambassadorka100b/video/7630884492013554977
7609045292633050401,https://www.tiktok.com/@ambassadorka100b/video/7609045292633050401
7644248229743267104,https://www.tiktok.com/@ambassadorka100b/video/7644248229743267104
7655645096754433313,https://www.tiktok.com/@ambassadorka100b/video/7655645096754433313
7690326076010073362,https://www.tiktok.com/@qverns_/video/7690326076010073362
7684234132699811093,https://www.tiktok.com/@1laxis_/video/7684234132699811093
7691078959584267541,https://www.tiktok.com/@100bambassador/video/7691078959584267541
7636761961996373262,https://www.tiktok.com/@ambassdor100/video/7636761961996373262
7686312001999605024,https://www.tiktok.com/@qnavib/video/7686312001999605024
7592304045700713761,https://www.tiktok.com/@100b_amb/video/7592304045700713761
7691708534437711126,https://www.tiktok.com/@snwkks4/video/7691708534437711126
7574151664324726048,https://www.tiktok.com/@100b_amb/video/7574151664324726048
7671374286774390034,https://www.tiktok.com/@poppovyp5df/video/7671374286774390034
7690660388488187157,https://www.tiktok.com/@nsttttty/video/7690660388488187157
7576745157861641504,https://www.tiktok.com/@100b_amb/video/7576745157861641504
7647848050592894225,https://www.tiktok.com/@apple_105l/video/7647848050592894225
7619811839089609985,https://www.tiktok.com/@apple_105l/video/7619811839089609985
7619809251548007694,https://www.tiktok.com/@ambassdor100/video/7619809251548007694
7690250874383322375,https://www.tiktok.com/@katyshaaaa58/video/7690250874383322375
7688784615456263456,https://www.tiktok.com/@chefir65/video/7688784615456263456
7691768526004112660,https://www.tiktok.com/@nsttttty/video/7691768526004112660
7690228446781394207,https://www.tiktok.com/@bountyyy/video/7690228446781394207
7690224745035369735,https://www.tiktok.com/@ayn0ste/video/7690224745035369735
7682390857902902549,https://www.tiktok.com/@k_f_t_k/video/7682390857902902549
7691796828131446023,https://www.tiktok.com/@pero.vpn/video/7691796828131446023
7584541428685032726,https://www.tiktok.com/@viktory_goo/video/7584541428685032726
7636102196395855111,https://www.tiktok.com/@arhvpn/video/7636102196395855111
7645089765557046560,https://www.tiktok.com/@privata_vpn/video/7645089765557046560
7679224101680074004,https://www.tiktok.com/@kirikirik_top/video/7679224101680074004
7689034175546002710,https://www.tiktok.com/@evgesha_ldlatte/video/7689034175546002710
7640974470525603094,https://www.tiktok.com/@slarkvpn77/video/7640974470525603094
7647745521637018881,https://www.tiktok.com/@padberu/video/7647745521637018881
7680346064246852885,https://www.tiktok.com/@kirikirik_top/video/7680346064246852885
7683541745010789653,https://www.tiktok.com/@kirikirik_top/video/7683541745010789653
7679548612111633682,https://www.tiktok.com/@mik_vpn/video/7679548612111633682
7661338153986329878,https://www.tiktok.com/@grishan_tulpan/video/7661338153986329878
7683203007021944078,https://www.tiktok.com/@vofloride/video/7683203007021944078
7690660605094563079,https://www.tiktok.com/@mogger4901/video/7690660605094563079
7689487721240218902,https://www.tiktok.com/@evg.severin2411/video/7689487721240218902
7691220713247755526,https://www.tiktok.com/@davprobeauty/video/7691220713247755526
7690134535593348373,https://www.tiktok.com/@novavisuals_off/video/7690134535593348373
7691414783890902324,https://www.tiktok.com/@absurdviktora/video/7691414783890902324
7669679416716299541,https://www.tiktok.com/@dashaberivkari/video/7669679416716299541
7689445876506430741,https://www.tiktok.com/@alenaos_/video/7689445876506430741
7690640146521263392,https://www.tiktok.com/@arpismile__/video/7690640146521263392
7679866772220153109,https://www.tiktok.com/@teethwow/video/7679866772220153109
7687670844197195040,https://www.tiktok.com/@byvihrom/video/7687670844197195040
7683914532015721736,https://www.tiktok.com/@kirikirik_top/video/7683914532015721736
7663406456300899592,https://www.tiktok.com/@chicks_killa/video/7663406456300899592
7689068230517935381,https://www.tiktok.com/@kazantsevaaaa__/video/7689068230517935381
7680113498541542677,https://www.tiktok.com/@vigoda_everyday/video/7680113498541542677
7687652431689207061,https://www.tiktok.com/@revizorro.ckidok/video/7687652431689207061
7688828139841047829,https://www.tiktok.com/@alya_gryn/video/7688828139841047829
7685356080838216980,https://www.tiktok.com/@vigoda_everyday/video/7685356080838216980
7690957392145599777,https://www.tiktok.com/@gotovim_s_guru/video/7690957392145599777
7685423613234695456,https://www.tiktok.com/@yahzchopridymat/video/7685423613234695456
7618097776882093333,https://www.tiktok.com/@albina_kukolkina/video/7618097776882093333
7649646684082818325,https://www.tiktok.com/@aruqai.official/video/7649646684082818325
7668747190478720264,https://www.tiktok.com/@ivan_shoping/video/7668747190478720264
7660590274439089421,https://www.tiktok.com/@vetonit_rus/video/7660590274439089421
7686206990841924872,https://www.tiktok.com/@elen_clean_home/video/7686206990841924872
7665210307614215431,https://www.tiktok.com/@neuralnetbruh/video/7665210307614215431
7673435206069800212,https://www.tiktok.com/@sovushkeen/video/7673435206069800212
7679365837836340501,https://www.tiktok.com/@vadimodoure/video/7679365837836340501
7691276285724691719,https://www.tiktok.com/@the_boyz_brazzers/video/7691276285724691719
7689149419442261269,https://www.tiktok.com/@shihwan/video/7689149419442261269
7655734223533313312,https://www.tiktok.com/@vshumilovv2/video/7655734223533313312
7687942699583999250,https://www.tiktok.com/@cokacolavpn/video/7687942699583999250
7686888893932735764,https://www.tiktok.com/@lil_qwolen/video/7686888893932735764
7675410849208487175,https://www.tiktok.com/@cult2040/video/7675410849208487175
7680538184370916628,https://www.tiktok.com/@ksena.rc/video/7680538184370916628
7691104883906186516,https://www.tiktok.com/@coupons.codes80/video/7691104883906186516
7626006211762179336,https://www.tiktok.com/@nodavpn_bot/video/7626006211762179336
7638958834660298000,https://www.tiktok.com/@padberu/video/7638958834660298000
7648310786154056968,https://www.tiktok.com/@jul.skin.mono/video/7648310786154056968
7622726743803153684,https://www.tiktok.com/@c0rvee/video/7622726743803153684
7691302246201429278,https://www.tiktok.com/@daria.tut/video/7691302246201429278
7688059226261884192,https://www.tiktok.com/@wondermax_/video/7688059226261884192
7679495989727694102,https://www.tiktok.com/@labobarezka/video/7679495989727694102
7680567740037369120,https://www.tiktok.com/@apalon3/video/7680567740037369120
7671231992674913568,https://www.tiktok.com/@kapibaza1/video/7671231992674913568
7691310858999221524,https://www.tiktok.com/@dashulya_beautyy/video/7691310858999221524
7689830925324094728,https://www.tiktok.com/@solovey_222/video/7689830925324094728
7631989710956629269,https://www.tiktok.com/@xortq2/video/7631989710956629269
7661612145112665362,https://www.tiktok.com/@risky_63838293/video/7661612145112665362
7681592936169049377,https://www.tiktok.com/@zolteks_/video/7681592936169049377
7689832215429123335,https://www.tiktok.com/@solovey_222/video/7689832215429123335
7621266426652839189,https://www.tiktok.com/@leratrue/video/7621266426652839189
7634629733560487188,https://www.tiktok.com/@yumaevagelya/video/7634629733560487188
7570003861969177876,https://www.tiktok.com/@sosiskinaa/video/7570003861969177876
7681384172656643360,https://www.tiktok.com/@ambassador_039/video/7681384172656643360
7683177982042672391,https://www.tiktok.com/@pav.smart24/video/7683177982042672391
7690876173613632788,https://www.tiktok.com/@.corner_club/video/7690876173613632788
7650125787856686369,https://www.tiktok.com/@yuliia_rom/video/7650125787856686369
7683204416584961313,https://www.tiktok.com/@bestblogersnews/video/7683204416584961313
7677987214873169184,https://www.tiktok.com/@user667046145/video/7677987214873169184
7572582279730515256,https://www.tiktok.com/@vanillla.beauty/video/7572582279730515256
7662403090087283969,https://www.tiktok.com/@psinasik/video/7662403090087283969
7607407734496988437,https://www.tiktok.com/@niko_pancakes_33/video/7607407734496988437
7643236063464541447,https://www.tiktok.com/@_evgenia_2303/video/7643236063464541447
7665423815735921927,https://www.tiktok.com/@lady_darringart/video/7665423815735921927
7690943991973481735,https://www.tiktok.com/@miumiu__bunny__/video/7690943991973481735
7686424711022071061,https://www.tiktok.com/@bainur_beauty/video/7686424711022071061
7674679191048162567,https://www.tiktok.com/@smolin.222/video/7674679191048162567
7559074572796955960,https://www.tiktok.com/@sonich_lega/video/7559074572796955960
7602694065762749717,https://www.tiktok.com/@bryanya_koresha/video/7602694065762749717
7681035616070421761,https://www.tiktok.com/@alicia.losh/video/7681035616070421761
7668664466673765639,https://www.tiktok.com/@eldar.292/video/7668664466673765639
7685813654977088788,https://www.tiktok.com/@_persony_/video/7685813654977088788
7682100515802516756,https://www.tiktok.com/@qazakh_edits/video/7682100515802516756
7560782041256676615,https://www.tiktok.com/@yasoma.cosmetics/video/7560782041256676615
7643906426645007623,https://www.tiktok.com/@smeshceo/video/7643906426645007623
7688020769795755281,https://www.tiktok.com/@marichielle/video/7688020769795755281
7687951756503993620,https://www.tiktok.com/@youseeyalibrary/video/7687951756503993620
7633813924516842773,https://www.tiktok.com/@acheewsm/video/7633813924516842773
7665068126475685142,https://www.tiktok.com/@mm77hhsj/video/7665068126475685142
7682554458412272904,https://www.tiktok.com/@yra.7773/video/7682554458412272904
7632256314365742350,https://www.tiktok.com/@direcb780/video/7632256314365742350
7679329573858839828,https://www.tiktok.com/@harchad777/video/7679329573858839828
7691377165195152658,https://www.tiktok.com/@qazaq_lenta/video/7691377165195152658
7669710187330309394,https://www.tiktok.com/@instasamka/video/7669710187330309394
7643830156854971656,https://www.tiktok.com/@swertiis/video/7643830156854971656
7655225164690459917,https://www.tiktok.com/@igor_zaitsev/video/7655225164690459917
7677287496429882646,https://www.tiktok.com/@thefdrvv/video/7677287496429882646
7673228975107214624,https://www.tiktok.com/@apollinariya_smirnova_/video/7673228975107214624
7585124778642541857,https://www.tiktok.com/@mixit_ru/video/7585124778642541857
7681525319412485397,https://www.tiktok.com/@omendevice/video/7681525319412485397
7627180104812121361,https://www.tiktok.com/@fightclub19999/video/7627180104812121361
7667973927284575509,https://www.tiktok.com/@ballet_and_beautyblog/video/7667973927284575509
7652312837129325856,https://www.tiktok.com/@potok__news/video/7652312837129325856
7565807847083101458,https://www.tiktok.com/@boss_profmata/video/7565807847083101458
7676003610060229895,https://www.tiktok.com/@chsnvd/video/7676003610060229895
7633139091642617102,https://www.tiktok.com/@hmp541/video/7633139091642617102
7690260934316576033,https://www.tiktok.com/@sasha_sledi/video/7690260934316576033
7690436056755277064,https://www.tiktok.com/@havchik_skidka/video/7690436056755277064
7631890016716754198,https://www.tiktok.com/@castochka/video/7631890016716754198
7686438152302644498,https://www.tiktok.com/@nat.reznikova/video/7686438152302644498
7689049290219490578,https://www.tiktok.com/@nat.reznikova/video/7689049290219490578
7612757255062179080,https://www.tiktok.com/@gojypp/video/7612757255062179080
7686866276547005717,https://www.tiktok.com/@gosfordnv/video/7686866276547005717
7688818907162922247,https://www.tiktok.com/@fancyxd923/video/7688818907162922247
7623432717861915927,https://www.tiktok.com/@prohorheal/video/7623432717861915927
7688284509518761229,https://www.tiktok.com/@promokodnya/video/7688284509518761229
7689686838449114400,https://www.tiktok.com/@kodiksave/video/7689686838449114400
7660902309064412446,https://www.tiktok.com/@tabuar/video/7660902309064412446
7658343436235394322,https://www.tiktok.com/@colizeumarena/video/7658343436235394322
7690660920669834517,https://www.tiktok.com/@ksesha.beauty6/video/7690660920669834517
7688399354377407777,https://www.tiktok.com/@hannevbeauty/video/7688399354377407777
7687940534815460621,https://www.tiktok.com/@moscow_post/video/7687940534815460621
7690150450305305888,https://www.tiktok.com/@kodiksave/video/7690150450305305888
7666749001374469394,https://www.tiktok.com/@akerov/video/7666749001374469394
7689349131860561185,https://www.tiktok.com/@tati_fix/video/7689349131860561185
7690872994025049377,https://www.tiktok.com/@cosmo_mxmnl/video/7690872994025049377
7690521985197133108,https://www.tiktok.com/@denyamur/video/7690521985197133108
7690303379133795604,https://www.tiktok.com/@promokod700/video/7690303379133795604
7688749570507115789,https://www.tiktok.com/@ssilensio_blog/video/7688749570507115789
7667953097074871572,https://www.tiktok.com/@pokushat5/video/7667953097074871572
7690836930786905377,https://www.tiktok.com/@armanqus/video/7690836930786905377
7690297753909447949,https://www.tiktok.com/@elsgear_doggear/video/7690297753909447949
7683537583099628821,https://www.tiktok.com/@richsensov/video/7683537583099628821
7632427381751368981,https://www.tiktok.com/@phosphold/video/7632427381751368981
7685826609907092750,https://www.tiktok.com/@ambassad0r_plug/video/7685826609907092750
7633873544778157332,https://www.tiktok.com/@phosphold/video/7633873544778157332
7687178006711831829,https://www.tiktok.com/@bez_obrabotky/video/7687178006711831829
7681192227313356039,https://www.tiktok.com/@psychointegral/video/7681192227313356039
7687720324976200980,https://www.tiktok.com/@racksambassador/video/7687720324976200980
7677662146687241492,https://www.tiktok.com/@paulolarlife/video/7677662146687241492
7659438320409251080,https://www.tiktok.com/@user6216057039618/video/7659438320409251080
7559551058490494222,https://www.tiktok.com/@chaoooof/video/7559551058490494222
7560032217481628942,https://www.tiktok.com/@chaoooof/video/7560032217481628942
7568864749048352030,https://www.tiktok.com/@cautelafamily/video/7568864749048352030
7673582606402784544,https://www.tiktok.com/@bio_neofamily_ege/video/7673582606402784544
7558825800766655767,https://www.tiktok.com/@bio_neofamily_ege/video/7558825800766655767
7607198130404117778,https://www.tiktok.com/@chem.family/video/7607198130404117778
7600875210795011350,https://www.tiktok.com/@bio_neofamily_ege/video/7600875210795011350
7606025039003061526,https://www.tiktok.com/@bio_neofamily_ege/video/7606025039003061526
7568603943593397535,https://www.tiktok.com/@cautelafamily/video/7568603943593397535
7597784966713429278,https://www.tiktok.com/@cautelafamily/video/7597784966713429278
7566267855965129996,https://www.tiktok.com/@vllgrinn/video/7566267855965129996
7592640307938921750,https://www.tiktok.com/@bio_neofamily_ege/video/7592640307938921750
7588142502692195607,https://www.tiktok.com/@bio_neofamily_ege/video/7588142502692195607
7598523186233281814,https://www.tiktok.com/@bio_neofamily_ege/video/7598523186233281814
7691306857901640967,https://www.tiktok.com/@kamael_aksu/video/7691306857901640967
7665732546554121505,https://www.tiktok.com/@katzentech/video/7665732546554121505
7682860358700158225,https://www.tiktok.com/@osd2plus2/video/7682860358700158225
7688624286000516385,https://www.tiktok.com/@elena.mixit/video/7688624286000516385
7634203887515323679,https://www.tiktok.com/@cautelafamily/video/7634203887515323679
7690675067679739149,https://www.tiktok.com/@tonyy1337/video/7690675067679739149
7683063145769815316,https://www.tiktok.com/@by.smalinovskaya/video/7683063145769815316
7673439086954384660,https://www.tiktok.com/@kiwi_kiwix4/video/7673439086954384660
7691211793749871904,https://www.tiktok.com/@welangl/video/7691211793749871904
7673092545534053652,https://www.tiktok.com/@a.fairytale.art/video/7673092545534053652
7680931843759181063,https://www.tiktok.com/@rare__vi/video/7680931843759181063
7690915707038502177,https://www.tiktok.com/@oksana_probeauty/video/7690915707038502177
7616832808278969621,https://www.tiktok.com/@ifoluiv/video/7616832808278969621
7673628514280557845,https://www.tiktok.com/@solovey_222/video/7673628514280557845
7689742415543962888,https://www.tiktok.com/@tg.matizok.so2/video/7689742415543962888
7662351722009922823,https://www.tiktok.com/@family_skidki/video/7662351722009922823
7681272608653970709,https://www.tiktok.com/@lisapavlovna_/video/7681272608653970709
7690571877303029012,https://www.tiktok.com/@nmakhgkkuov/video/7690571877303029012
7674113499454278945,https://www.tiktok.com/@marinasaliutlife/video/7674113499454278945
7658359058889461012,https://www.tiktok.com/@m1vaoo/video/7658359058889461012
7608574599852313870,https://www.tiktok.com/@covaxuci/video/7608574599852313870
7595930924995415304,https://www.tiktok.com/@tabibitozero/video/7595930924995415304
7688661791039114516,https://www.tiktok.com/@norm_sasha/video/7688661791039114516
7689465800738032914,https://www.tiktok.com/@iamolya.ef/video/7689465800738032914
7588221735187565880,https://www.tiktok.com/@my_ukrainian_dream/video/7588221735187565880
7690521240699718933,https://www.tiktok.com/@vyigodka/video/7690521240699718933
7691730331119930657,https://www.tiktok.com/@polinapoii/video/7691730331119930657
7689796052978863381,https://www.tiktok.com/@po.deshaky/video/7689796052978863381
7673445222671469842,https://www.tiktok.com/@tatyanaduka/video/7673445222671469842
7641273558127086855,https://www.tiktok.com/@glebrepich/video/7641273558127086855
7690766185821981970,https://www.tiktok.com/@ninalove156/video/7690766185821981970
7652082256705637662,https://www.tiktok.com/@sofiakul7/video/7652082256705637662
7683177426288971030,https://www.tiktok.com/@farishka_me/video/7683177426288971030
7668263935342169362,https://www.tiktok.com/@ninenika/video/7668263935342169362
7688729969459088648,https://www.tiktok.com/@ninalove156/video/7688729969459088648
7687128529904930056,https://www.tiktok.com/@nyylizzzaa/video/7687128529904930056
7690641915103972626,https://www.tiktok.com/@ninalove156/video/7690641915103972626
7682075776866471186,https://www.tiktok.com/@ninalove156/video/7682075776866471186
7682076606097083656,https://www.tiktok.com/@ninalove156/video/7682076606097083656
7659887403334733086,https://www.tiktok.com/@ekaterinalu3/video/7659887403334733086
7673414010682739976,https://www.tiktok.com/@lissfya0/video/7673414010682739976
7663173986632715527,https://www.tiktok.com/@o.aniamind/video/7663173986632715527
7684922805036633365,https://www.tiktok.com/@nooschool.love/video/7684922805036633365
7674261454526156053,https://www.tiktok.com/@evoleff/video/7674261454526156053
7682682471514656021,https://www.tiktok.com/@nooschool.love/video/7682682471514656021
7682075118486555912,https://www.tiktok.com/@ninalove156/video/7682075118486555912
7662268877073616141,https://www.tiktok.com/@elmira_himbio/video/7662268877073616141
7643909780049825056,https://www.tiktok.com/@alina_ege/video/7643909780049825056
7689353233105538322,https://www.tiktok.com/@ninalove156/video/7689353233105538322
7643909228523949344,https://www.tiktok.com/@alina_ege/video/7643909228523949344
7684342433622084884,https://www.tiktok.com/@nooschool.love/video/7684342433622084884
7664654888814546197,https://www.tiktok.com/@evoleff/video/7664654888814546197
7619060363446766855,https://www.tiktok.com/@nooschool8/video/7619060363446766855
7643436457570405640,https://www.tiktok.com/@nat.reznikova/video/7643436457570405640
7683209771104734484,https://www.tiktok.com/@bonbonrusdog/video/7683209771104734484
7622403415699918088,https://www.tiktok.com/@yuliya.mikholap/video/7622403415699918088
7690949612089249055,https://www.tiktok.com/@skidka_joe/video/7690949612089249055
7556262236663057672,https://www.tiktok.com/@tabibitozero/video/7556262236663057672
7685398163305319701,https://www.tiktok.com/@nuanedreevna/video/7685398163305319701
7581799273696775432,https://www.tiktok.com/@tabibitozero/video/7581799273696775432
7623847731747966228,https://www.tiktok.com/@viktoriia_f_/video/7623847731747966228
7689830317930122528,https://www.tiktok.com/@angelicacreator1/video/7689830317930122528
7611084757778091272,https://www.tiktok.com/@tabibitozero/video/7611084757778091272
7676871664319188232,https://www.tiktok.com/@promikvdomik2/video/7676871664319188232
7616723964341030160,https://www.tiktok.com/@padberu/video/7616723964341030160
7565589586487840011,https://www.tiktok.com/@bondarenko_v/video/7565589586487840011
7659920130633125127,https://www.tiktok.com/@p___kartoha___0/video/7659920130633125127
7567733192241712392,https://www.tiktok.com/@kentulya67_/video/7567733192241712392
7690514685900197128,https://www.tiktok.com/@economvdom/video/7690514685900197128
7573994484778781974,https://www.tiktok.com/@froggreg99/video/7573994484778781974
7603675335376375047,https://www.tiktok.com/@like.a.barbie/video/7603675335376375047
7618643833982651669,https://www.tiktok.com/@qperrri/video/7618643833982651669
7691308608646139150,https://www.tiktok.com/@tonyy1337/video/7691308608646139150
7690947122484595990,https://www.tiktok.com/@itz_losiah/video/7690947122484595990
7618252898803272978,https://www.tiktok.com/@mornamor/video/7618252898803272978
7604162944431115527,https://www.tiktok.com/@bohdanelllo/video/7604162944431115527
7646346416872344865,https://www.tiktok.com/@altay__kz/video/7646346416872344865
7683924571082198304,https://www.tiktok.com/@natalka_obzor/video/7683924571082198304
7649370255244004628,https://www.tiktok.com/@anstiso/video/7649370255244004628
7646425816108125460,https://www.tiktok.com/@propavshiydio6/video/7646425816108125460
7676906500035530017,https://www.tiktok.com/@vasilisa_rozhkova1/video/7676906500035530017
7678754216684539156,https://www.tiktok.com/@mashamavlay/video/7678754216684539156
7677548148742475026,https://www.tiktok.com/@shpulkarav/video/7677548148742475026
7675413768112737556,https://www.tiktok.com/@yehxheu/video/7675413768112737556
7580369862359289095,https://www.tiktok.com/@tabibitozero/video/7580369862359289095
7675276686342016278,https://www.tiktok.com/@studywthlisa/video/7675276686342016278
7663141163339140372,https://www.tiktok.com/@sanukyl/video/7663141163339140372
7622361012372638997,https://www.tiktok.com/@sokromahotels/video/7622361012372638997
7685726247879527700,https://www.tiktok.com/@mamka_i_bulka/video/7685726247879527700
7679474351200013575,https://www.tiktok.com/@mirrasar/video/7679474351200013575
7669425159874284833,https://www.tiktok.com/@sonka_monina/video/7669425159874284833
7669394821148118305,https://www.tiktok.com/@sonka_monina/video/7669394821148118305
7651656138383035666,https://www.tiktok.com/@lirikisss/video/7651656138383035666
7668019278200802574,https://www.tiktok.com/@biologia.100/video/7668019278200802574
7668406221317082382,https://www.tiktok.com/@biologia.100/video/7668406221317082382
7613450249993997589,https://www.tiktok.com/@wiwiow_wiw/video/7613450249993997589
7625330631831981319,https://www.tiktok.com/@thefirstone111111/video/7625330631831981319
7639563495788350741,https://www.tiktok.com/@wwwweeeertyy/video/7639563495788350741
7609382657704725791,https://www.tiktok.com/@elllinnai/video/7609382657704725791
7633538971208862989,https://www.tiktok.com/@iluxinss/video/7633538971208862989
7648652231431965973,https://www.tiktok.com/@veyksiik/video/7648652231431965973
7584678474103655702,https://www.tiktok.com/@kto.too067/video/7584678474103655702
7645257915183435016,https://www.tiktok.com/@lirikisss/video/7645257915183435016
7617077607837830421,https://www.tiktok.com/@albina_kukolkina/video/7617077607837830421
7624508920802872596,https://www.tiktok.com/@albina_kukolkina/video/7624508920802872596
7646400596009897234,https://www.tiktok.com/@lirikisss/video/7646400596009897234
7622580636179533088,https://www.tiktok.com/@anutik388/video/7622580636179533088
7641557264607808789,https://www.tiktok.com/@wwwweeeertyy/video/7641557264607808789
7637109455188020488,https://www.tiktok.com/@lirikisss/video/7637109455188020488
7634495646556327190,https://www.tiktok.com/@sonka_monina/video/7634495646556327190
7586111462892997908,https://www.tiktok.com/@albina_kukolkina/video/7586111462892997908
7607037918175153429,https://www.tiktok.com/@eellm999/video/7607037918175153429
7640065962993061128,https://www.tiktok.com/@lirikisss/video/7640065962993061128
7624179075753577741,https://www.tiktok.com/@biologia.100/video/7624179075753577741
7636304883041291528,https://www.tiktok.com/@lirikisss/video/7636304883041291528
7641549877587037447,https://www.tiktok.com/@lirikisss/video/7641549877587037447
7634563189195164935,https://www.tiktok.com/@nikis9303/video/7634563189195164935
7621986144762350866,https://www.tiktok.com/@lzlatk/video/7621986144762350866
7646427514218335506,https://www.tiktok.com/@lirikisss/video/7646427514218335506
7600726194698423559,https://www.tiktok.com/@dashkevvv/video/7600726194698423559
7624668297228995860,https://www.tiktok.com/@11ege1/video/7624668297228995860
7604448351265819924,https://www.tiktok.com/@marsiiiokkk/video/7604448351265819924
7638514771796462856,https://www.tiktok.com/@varvara.ch4/video/7638514771796462856
7631254108640414998,https://www.tiktok.com/@kissmif/video/7631254108640414998
7631615623138872578,https://www.tiktok.com/@kissmif/video/7631615623138872578
7612609319971966229,https://www.tiktok.com/@romanessaa/video/7612609319971966229
7620005933527174421,https://www.tiktok.com/@snezhanasnegg/video/7620005933527174421
7583755914562309398,https://www.tiktok.com/@shishh_09/video/7583755914562309398
7606405640264879380,https://www.tiktok.com/@iiisabaa/video/7606405640264879380
7631644236038819094,https://www.tiktok.com/@egehub_vibe/video/7631644236038819094
7612321465936907538,https://www.tiktok.com/@susick.pusik/video/7612321465936907538
7627954997036190998,https://www.tiktok.com/@kissmif/video/7627954997036190998
7641183509058538770,https://www.tiktok.com/@lirikisss/video/7641183509058538770
7635748699762691348,https://www.tiktok.com/@makarrovaa3/video/7635748699762691348
7631495172521544982,https://www.tiktok.com/@egehub_vibe/video/7631495172521544982
7626415788538203393,https://www.tiktok.com/@habix.nagi3000bat/video/7626415788538203393
7617431681833733397,https://www.tiktok.com/@wikkka.aa/video/7617431681833733397
7627585541051075854,https://www.tiktok.com/@biologia.100/video/7627585541051075854
7615571843310816534,https://www.tiktok.com/@kyujin.03/video/7615571843310816534
7633006275038547208,https://www.tiktok.com/@kxxkrid/video/7633006275038547208
7626725161009548551,https://www.tiktok.com/@arinaoooooo/video/7626725161009548551
7687113633981058312,https://www.tiktok.com/@natahkaaaaar/video/7687113633981058312
7636382112760909077,https://www.tiktok.com/@marsiiiokkk/video/7636382112760909077
7646821939775802637,https://www.tiktok.com/@yyuffeng/video/7646821939775802637
7633901786922798358,https://www.tiktok.com/@kissmif/video/7633901786922798358
7626060503042903318,https://www.tiktok.com/@kissmif/video/7626060503042903318
7641323837086387476,https://www.tiktok.com/@dary_mii/video/7641323837086387476
7588590556998077716,https://www.tiktok.com/@makarrovaa3/video/7588590556998077716
7583351785025211669,https://www.tiktok.com/@romanessaa/video/7583351785025211669
7631614462759423264,https://www.tiktok.com/@anutik388/video/7631614462759423264
7674665104759196935,https://www.tiktok.com/@natahkaaaaar/video/7674665104759196935
7633103775825251606,https://www.tiktok.com/@kissmif/video/7633103775825251606
7634475696869526806,https://www.tiktok.com/@kissmif/video/7634475696869526806
7637253730177518856,https://www.tiktok.com/@lirikisss/video/7637253730177518856
7636835808732990742,https://www.tiktok.com/@kissmif/video/7636835808732990742
7638295115500506376,https://www.tiktok.com/@arinaoooooo/video/7638295115500506376
7581001347277917460,https://www.tiktok.com/@betfllw/video/7581001347277917460
7575980380696644884,https://www.tiktok.com/@kdrshov/video/7575980380696644884
7593095962797640968,https://www.tiktok.com/@fan_dimdall/video/7593095962797640968
7582344527160069407,https://www.tiktok.com/@kris_sss33/video/7582344527160069407
7617043168525045013,https://www.tiktok.com/@snezhanasnegg/video/7617043168525045013
7581101244958149919,https://www.tiktok.com/@kris_sss33/video/7581101244958149919
7649772001522994452,https://www.tiktok.com/@romanessaa/video/7649772001522994452
7630795912217939222,https://www.tiktok.com/@kissmif/video/7630795912217939222
7626111333854940429,https://www.tiktok.com/@biologia.100/video/7626111333854940429
7627132639744478472,https://www.tiktok.com/@kxxkrid/video/7627132639744478472
7586308754128391444,https://www.tiktok.com/@myyy104/video/7586308754128391444
7605327741872819476,https://www.tiktok.com/@egehim_study/video/7605327741872819476
7627904033952369936,https://www.tiktok.com/@habix.nagi3000bat/video/7627904033952369936
7581102453555203358,https://www.tiktok.com/@kris_sss33/video/7581102453555203358
7627182362257820950,https://www.tiktok.com/@kissmif/video/7627182362257820950
7606827539377442056,https://www.tiktok.com/@dashkevvv/video/7606827539377442056
7668134124044963104,https://www.tiktok.com/@kalleriys/video/7668134124044963104
7685046340123905298,https://www.tiktok.com/@natahkaaaaar/video/7685046340123905298
7579264290952170808,https://www.tiktok.com/@mariisha.soseliia/video/7579264290952170808
7593743777030786334,https://www.tiktok.com/@sofiebereg/video/7593743777030786334
7598808272711257362,https://www.tiktok.com/@irishkaa666/video/7598808272711257362
7581423452767210808,https://www.tiktok.com/@mariisha.soseliia/video/7581423452767210808
7633127033802870038,https://www.tiktok.com/@egekill1/video/7633127033802870038
7580372775823609100,https://www.tiktok.com/@mariisha.soseliia/video/7580372775823609100
7606608653604408583,https://www.tiktok.com/@irishkaa666/video/7606608653604408583
7605860178423991559,https://www.tiktok.com/@irishkaa666/video/7605860178423991559
7614393836235787527,https://www.tiktok.com/@irishkaa666/video/7614393836235787527
7613005446319820053,https://www.tiktok.com/@profi_vanya/video/7613005446319820053
7633776908395662600,https://www.tiktok.com/@mathsbotan/video/7633776908395662600
7636748938447441184,https://www.tiktok.com/@nasvaii44/video/7636748938447441184
7643025181589523744,https://www.tiktok.com/@nasvaii44/video/7643025181589523744
7635969025855474961,https://www.tiktok.com/@profimatika/video/7635969025855474961
7563263170542898450,https://www.tiktok.com/@ivanzolo2004/video/7563263170542898450
7610351504859385109,https://www.tiktok.com/@profimatika/video/7610351504859385109
7585864788836633857,https://www.tiktok.com/@profimatika/video/7585864788836633857
7645696070416108801,https://www.tiktok.com/@profimatika/video/7645696070416108801
7623406900763168021,https://www.tiktok.com/@profimatika/video/7623406900763168021
7605905356841110805,https://www.tiktok.com/@profimatika_inf/video/7605905356841110805
7648150309457366290,https://www.tiktok.com/@profimatika/video/7648150309457366290
7602656125019802894,https://www.tiktok.com/@profimatikalove/video/7602656125019802894
7622188771043282196,https://www.tiktok.com/@profimatika/video/7622188771043282196
7556198758233427218,https://www.tiktok.com/@profimatika/video/7556198758233427218
7679108335257259282,https://www.tiktok.com/@profimatika/video/7679108335257259282
7672381001800109332,https://www.tiktok.com/@centr_life/video/7672381001800109332
7670489389901876513,https://www.tiktok.com/@ro.psy/video/7670489389901876513
7670153584067071239,https://www.tiktok.com/@narevae/video/7670153584067071239
7655334676344655112,https://www.tiktok.com/@akimbo_696969/video/7655334676344655112
7620485106653842695,https://www.tiktok.com/@anya.matem.anya/video/7620485106653842695
7679161307781696790,https://www.tiktok.com/@egekill1/video/7679161307781696790
7625683292666219796,https://www.tiktok.com/@centr_life/video/7625683292666219796
7681697966960299271,https://www.tiktok.com/@tabibitozero/video/7681697966960299271
7634580480502942994,https://www.tiktok.com/@akimbo_696969/video/7634580480502942994
7684978876358888726,https://www.tiktok.com/@egekill1/video/7684978876358888726
7640822742060698898,https://www.tiktok.com/@akimbo_696969/video/7640822742060698898
7683374647672311071,https://www.tiktok.com/@dev_aitech/video/7683374647672311071
7670953954376830216,https://www.tiktok.com/@akimbo_696969/video/7670953954376830216
7649455826779819272,https://www.tiktok.com/@akimbo_696969/video/7649455826779819272
7689446611230919943,https://www.tiktok.com/@marseltutor/video/7689446611230919943
7582295583570808067,https://www.tiktok.com/@trydogolic/video/7582295583570808067
7673965835341384978,https://www.tiktok.com/@tabibitozero/video/7673965835341384978
7686100410175819028,https://www.tiktok.com/@akimbo_696969/video/7686100410175819028
7674929622143831314,https://www.tiktok.com/@tabibitozero/video/7674929622143831314
7673208014244941063,https://www.tiktok.com/@tabibitozero/video/7673208014244941063
7672097693690301718,https://www.tiktok.com/@kzzzzzzzzzzzzzzzzz676767/video/7672097693690301718
7673241254041308434,https://www.tiktok.com/@tabibitozero/video/7673241254041308434
7596728447284661535,https://www.tiktok.com/@sofiebereg/video/7596728447284661535
7655672119044394261,https://www.tiktok.com/@centr_life/video/7655672119044394261
7613772223320542484,https://www.tiktok.com/@centr_life/video/7613772223320542484
7684567582610951444,https://www.tiktok.com/@centr_life/video/7684567582610951444
7669849945351965974,https://www.tiktok.com/@egekill1/video/7669849945351965974
7678660526347422997,https://www.tiktok.com/@centr_life/video/7678660526347422997
7668979238036376853,https://www.tiktok.com/@centr_life/video/7668979238036376853
7683134536997260562,https://www.tiktok.com/@user67536032996037/video/7683134536997260562
7629723189320469778,https://www.tiktok.com/@akimbo_696969/video/7629723189320469778
7634827248972909857,https://www.tiktok.com/@life_centr/video/7634827248972909857
7679434397795339538,https://www.tiktok.com/@sasha_07_07_88/video/7679434397795339538
7568389345737018646,https://www.tiktok.com/@bogdan_bill/video/7568389345737018646
7691628928078925076,https://www.tiktok.com/@centr_life/video/7691628928078925076
7624858637093309716,https://www.tiktok.com/@doll_official0/video/7624858637093309716
7677960109242289415,https://www.tiktok.com/@userir2j8txie2/video/7677960109242289415
7667877837088574740,https://www.tiktok.com/@point_authentic/video/7667877837088574740
7687775523916778770,https://www.tiktok.com/@karesan_/video/7687775523916778770
7689534353830874390,https://www.tiktok.com/@darya_11i/video/7689534353830874390
7677504098123500822,https://www.tiktok.com/@x5profit/video/7677504098123500822
7649340583240060168,https://www.tiktok.com/@_influesii/video/7649340583240060168
7593012370969087239,https://www.tiktok.com/@nasta_loi/video/7593012370969087239
7688781564230110497,https://www.tiktok.com/@valya.kanry/video/7688781564230110497
7691212220654570773,https://www.tiktok.com/@mamunasabuna/video/7691212220654570773
7691022882658422037,https://www.tiktok.com/@mamunasabuna/video/7691022882658422037
7691022126295403797,https://www.tiktok.com/@mamunasabuna/video/7691022126295403797
7690733952843271445,https://www.tiktok.com/@poltovka/video/7690733952843271445
7690985131909287189,https://www.tiktok.com/@ggbbj63/video/7690985131909287189
7687495752859356437,https://www.tiktok.com/@ss0niks1/video/7687495752859356437
7679020617626111240,https://www.tiktok.com/@karinochkav/video/7679020617626111240
7688858671547239702,https://www.tiktok.com/@nikki_study7/video/7688858671547239702
7682681596968750368,https://www.tiktok.com/@dirslik0/video/7682681596968750368
7690792198228462866,https://www.tiktok.com/@leonidas8163/video/7690792198228462866
7691022834994384149,https://www.tiktok.com/@mamunasabuna/video/7691022834994384149
7687272479328374048,https://www.tiktok.com/@ariiis.a/video/7687272479328374048
7690932572033109269,https://www.tiktok.com/@ii_stusya/video/7690932572033109269
7690787456966266144,https://www.tiktok.com/@ariiis.a/video/7690787456966266144
7688855309971934486,https://www.tiktok.com/@nikki_study7/video/7688855309971934486
7690442314812001569,https://www.tiktok.com/@ariiis.a/video/7690442314812001569
7678702984884243720,https://www.tiktok.com/@studygraam/video/7678702984884243720
7689227697679125781,https://www.tiktok.com/@ss0niks1/video/7689227697679125781
7690482410642803975,https://www.tiktok.com/@karinochkav/video/7690482410642803975
7687965643265641746,https://www.tiktok.com/@study_with_me_ege/video/7687965643265641746
7689000174059932960,https://www.tiktok.com/@ariiis.a/video/7689000174059932960
7690127917011045654,https://www.tiktok.com/@nimolo66/video/7690127917011045654
7689412435610012948,https://www.tiktok.com/@ss0niks1/video/7689412435610012948
7687716460130553120,https://www.tiktok.com/@sonkapatka/video/7687716460130553120
7687272058027347232,https://www.tiktok.com/@ariiis.a/video/7687272058027347232
7690442355983355169,https://www.tiktok.com/@ariiis.a/video/7690442355983355169
7690505690535824647,https://www.tiktok.com/@leonidas8163/video/7690505690535824647
7689550709317995782,https://www.tiktok.com/@study_with_me_ege/video/7689550709317995782
7679447133866446098,https://www.tiktok.com/@karinochkav/video/7679447133866446098
7690670193483336967,https://www.tiktok.com/@study_with_me_ege/video/7690670193483336967
7687497577960606996,https://www.tiktok.com/@ss0niks1/video/7687497577960606996
7689550525183888658,https://www.tiktok.com/@study_with_me_ege/video/7689550525183888658
7688411148126932231,https://www.tiktok.com/@study_with_me_ege/video/7688411148126932231
7687728469656096033,https://www.tiktok.com/@sonkapatka/video/7687728469656096033
7688655507229265173,https://www.tiktok.com/@lolpiuyr/video/7688655507229265173
7690233763112111378,https://www.tiktok.com/@abtstudy/video/7690233763112111378
7620485066598206738,https://www.tiktok.com/@shar.maths/video/7620485066598206738
7689550307696643336,https://www.tiktok.com/@study_with_me_ege/video/7689550307696643336
7690472723184766241,https://www.tiktok.com/@ariiis.a/video/7690472723184766241
7689315010429881620,https://www.tiktok.com/@ss0niks1/video/7689315010429881620
7687965420078271751,https://www.tiktok.com/@study_with_me_ege/video/7687965420078271751
7689164161883884818,https://www.tiktok.com/@study_with_me_ege/video/7689164161883884818
7688809278517366023,https://www.tiktok.com/@study_with_me_ege/video/7688809278517366023
7688219634536844577,https://www.tiktok.com/@dirslik0/video/7688219634536844577
7690670466587069703,https://www.tiktok.com/@study_with_me_ege/video/7690670466587069703
7689550372049882386,https://www.tiktok.com/@study_with_me_ege/video/7689550372049882386
7690442369803521313,https://www.tiktok.com/@ariiis.a/video/7690442369803521313
7690442443778510112,https://www.tiktok.com/@ariiis.a/video/7690442443778510112
7688839529934916884,https://www.tiktok.com/@lolpiuyr/video/7688839529934916884
7689608154979585313,https://www.tiktok.com/@ziiill30/video/7689608154979585313
7689608224240110880,https://www.tiktok.com/@ziiill30/video/7689608224240110880
7690090412186406164,https://www.tiktok.com/@lolpiuyr/video/7690090412186406164
7689163349153647890,https://www.tiktok.com/@study_with_me_ege/video/7689163349153647890
7689550638040108289,https://www.tiktok.com/@study_with_me_ege/video/7689550638040108289
7687502566900436245,https://www.tiktok.com/@ss0niks1/video/7687502566900436245
7690670320696528136,https://www.tiktok.com/@study_with_me_ege/video/7690670320696528136
7689926945852706066,https://www.tiktok.com/@study_with_me_ege/video/7689926945852706066
7688218526670261536,https://www.tiktok.com/@dirslik0/video/7688218526670261536
7689164041226374408,https://www.tiktok.com/@study_with_me_ege/video/7689164041226374408
7690851642521947410,https://www.tiktok.com/@studygraam/video/7690851642521947410
7686997051460062484,https://www.tiktok.com/@lolpiuyr/video/7686997051460062484
7688410978102299911,https://www.tiktok.com/@study_with_me_ege/video/7688410978102299911
7689972800060230932,https://www.tiktok.com/@lolpiuyr/video/7689972800060230932
7688808878292733191,https://www.tiktok.com/@study_with_me_ege/video/7688808878292733191
7688809235169201415,https://www.tiktok.com/@study_with_me_ege/video/7688809235169201415
7688645121222380820,https://www.tiktok.com/@lolpiuyr/video/7688645121222380820
7687895498337832212,https://www.tiktok.com/@lolpiuyr/video/7687895498337832212
7689000311880469793,https://www.tiktok.com/@ariiis.a/video/7689000311880469793
7688808596053806343,https://www.tiktok.com/@study_with_me_ege/video/7688808596053806343
7688268026059279636,https://www.tiktok.com/@lolpiuyr/video/7688268026059279636
7689163962205703431,https://www.tiktok.com/@study_with_me_ege/video/7689163962205703431
7688718531197685013,https://www.tiktok.com/@lolpiuyr/video/7688718531197685013
7690018366202989844,https://www.tiktok.com/@papadanya2/video/7690018366202989844
7688097127230180628,https://www.tiktok.com/@lolpiuyr/video/7688097127230180628
7689165241610931457,https://www.tiktok.com/@study_with_me_ege/video/7689165241610931457
7688277720710810901,https://www.tiktok.com/@lolpiuyr/video/7688277720710810901
7689163921952967954,https://www.tiktok.com/@study_with_me_ege/video/7689163921952967954
7688315817997372704,https://www.tiktok.com/@ariiis.a/video/7688315817997372704
7680961089563118866,https://www.tiktok.com/@study_with_me_ege/video/7680961089563118866
7681283417157160210,https://www.tiktok.com/@study_with_me_ege/video/7681283417157160210
7677678913803422984,https://www.tiktok.com/@study_with_me_ege/video/7677678913803422984
7689165887340825864,https://www.tiktok.com/@study_with_me_ege/video/7689165887340825864
7666563302692015368,https://www.tiktok.com/@study_with_me_ege/video/7666563302692015368
7676930158837648647,https://www.tiktok.com/@study_with_me_ege/video/7676930158837648647
7683609084150418696,https://www.tiktok.com/@karinochkav/video/7683609084150418696
7619959576695295254,https://www.tiktok.com/@aldeeead0/video/7619959576695295254
7681193745601023252,https://www.tiktok.com/@lolpiuyr/video/7681193745601023252
7679644570816220424,https://www.tiktok.com/@studygraam/video/7679644570816220424
7636624388745481493,https://www.tiktok.com/@an_gelusik/video/7636624388745481493
7664949575584697608,https://www.tiktok.com/@studygraam/video/7664949575584697608
7678408970519743762,https://www.tiktok.com/@vovka_study/video/7678408970519743762
7684354948523379975,https://www.tiktok.com/@study_with_me_ege/video/7684354948523379975
7685079255927016712,https://www.tiktok.com/@study_with_me_ege/video/7685079255927016712
7642437666725793045,https://www.tiktok.com/@baalpl_/video/7642437666725793045
7688038286471859489,https://www.tiktok.com/@lifomi8/video/7688038286471859489
7685842041716083976,https://www.tiktok.com/@study_with_me_ege/video/7685842041716083976
7676170616537435410,https://www.tiktok.com/@study_with_me_ege/video/7676170616537435410
7678414064048966930,https://www.tiktok.com/@study_with_me_ege/video/7678414064048966930
7679413359200013576,https://www.tiktok.com/@karinochkav/video/7679413359200013576
7679741551039237397,https://www.tiktok.com/@lina_educ/video/7679741551039237397
7689090825829076256,https://www.tiktok.com/@yank_study/video/7689090825829076256
7688318842875022599,https://www.tiktok.com/@karinochkav/video/7688318842875022599
7690826489851284743,https://www.tiktok.com/@leonidas8163/video/7690826489851284743
7678908256210717970,https://www.tiktok.com/@studygraam/video/7678908256210717970
7678683748518448392,https://www.tiktok.com/@karinochkav/video/7678683748518448392
7674128087457615136,https://www.tiktok.com/@arianka.kk/video/7674128087457615136
7675446136051715335,https://www.tiktok.com/@study_with_me_ege/video/7675446136051715335
7666914007407676690,https://www.tiktok.com/@study_with_me_ege/video/7666914007407676690
7690982898450681108,https://www.tiktok.com/@lina_educ/video/7690982898450681108
7687101359732067605,https://www.tiktok.com/@profmat_god/video/7687101359732067605
7689022751683726600,https://www.tiktok.com/@learnflow88/video/7689022751683726600
7623853460500319490,https://www.tiktok.com/@notthestudy/video/7623853460500319490
7671728568023403808,https://www.tiktok.com/@viktory_goo/video/7671728568023403808
7686175322894650644,https://www.tiktok.com/@lina_educ/video/7686175322894650644
7688090561479281940,https://www.tiktok.com/@ss0niks1/video/7688090561479281940
7620738597087350038,https://www.tiktok.com/@aldeeead0/video/7620738597087350038
7687683375577959701,https://www.tiktok.com/@lina_educ/video/7687683375577959701
7687871739413417237,https://www.tiktok.com/@lina_educ/video/7687871739413417237
7634146208352603414,https://www.tiktok.com/@egehub_vibe/video/7634146208352603414
7622421024532974870,https://www.tiktok.com/@sonka_monina/video/7622421024532974870
7625702666538093846,https://www.tiktok.com/@sonka_monina/video/7625702666538093846
7626065157885660438,https://www.tiktok.com/@sonka_monina/video/7626065157885660438
7558103221584137479,https://www.tiktok.com/@online_pdd26/video/7558103221584137479
7633047985710009622,https://www.tiktok.com/@egehub_vibe/video/7633047985710009622
7690212718632078600,https://www.tiktok.com/@kari.fanater/video/7690212718632078600
7677657024951356705,https://www.tiktok.com/@repetitor_proect/video/7677657024951356705
7633387338877439254,https://www.tiktok.com/@egehub_vibe/video/7633387338877439254
7594550092045061432,https://www.tiktok.com/@qazstep.ubt/video/7594550092045061432
7561156399372258573,https://www.tiktok.com/@pusha_c0t/video/7561156399372258573
7574502057994915128,https://www.tiktok.com/@berik_adam/video/7574502057994915128
7688275434189933837,https://www.tiktok.com/@wezz_sotka/video/7688275434189933837
7689995169302613281,https://www.tiktok.com/@exforinsiz/video/7689995169302613281
7690413700917792008,https://www.tiktok.com/@ivan_shoping/video/7690413700917792008
7668736935749242144,https://www.tiktok.com/@sonka_monina/video/7668736935749242144
7626344748969741586,https://www.tiktok.com/@qqqqww55/video/7626344748969741586
7688596195408743700,https://www.tiktok.com/@autoinstruction7/video/7688596195408743700
7684347023814036749,https://www.tiktok.com/@amirtreding/video/7684347023814036749
7690807387200163090,https://www.tiktok.com/@matizok6/video/7690807387200163090
7654484769257950471,https://www.tiktok.com/@ivan_shoping/video/7654484769257950471
7689460167544491285,https://www.tiktok.com/@eariari/video/7689460167544491285
7658944080486960402,https://www.tiktok.com/@ivan_shoping/video/7658944080486960402
7635936709976362270,https://www.tiktok.com/@the.best.discount.here/video/7635936709976362270
7659339654117756181,https://www.tiktok.com/@diana.studyhub/video/7659339654117756181
7569586387024956680,https://www.tiktok.com/@rus_ege_easy/video/7569586387024956680
7652820882632510741,https://www.tiktok.com/@molodoy_ponchik/video/7652820882632510741
7617353698829765919,https://www.tiktok.com/@lelele35ty/video/7617353698829765919
7679873673678851360,https://www.tiktok.com/@kriss_udina1/video/7679873673678851360
7665322255789985045,https://www.tiktok.com/@teya_nightshade/video/7665322255789985045
7667578608663153940,https://www.tiktok.com/@linxstozz/video/7667578608663153940
7650939482887310613,https://www.tiktok.com/@vikusik_vsl/video/7650939482887310613
7595486655801298193,https://www.tiktok.com/@xal9va_pridi/video/7595486655801298193
7690255635731991829,https://www.tiktok.com/@dai_skidon/video/7690255635731991829
7619331706377587989,https://www.tiktok.com/@yulia.onlyukrmova/video/7619331706377587989
7614196984957750548,https://www.tiktok.com/@teya_nightshade/video/7614196984957750548
7612192525528337694,https://www.tiktok.com/@alkogoliatka/video/7612192525528337694
7611506329152146719,https://www.tiktok.com/@alkogoliatka/video/7611506329152146719
7608439239923060001,https://www.tiktok.com/@ambassador_039/video/7608439239923060001
7611505544234372383,https://www.tiktok.com/@alkogoliatka/video/7611505544234372383
7608497820714290462,https://www.tiktok.com/@alkogoliatka/video/7608497820714290462
7610392988740570398,https://www.tiktok.com/@alkogoliatka/video/7610392988740570398
7690250278951472415,https://www.tiktok.com/@ambchriss/video/7690250278951472415
7608168419912961310,https://www.tiktok.com/@alkogoliatka/video/7608168419912961310
7611049165547785503,https://www.tiktok.com/@alkogoliatka/video/7611049165547785503
7610700591496514847,https://www.tiktok.com/@alkogoliatka/video/7610700591496514847
7608170453491830046,https://www.tiktok.com/@alkogoliatka/video/7608170453491830046
7630146852268117269,https://www.tiktok.com/@ulyanochkaa.a/video/7630146852268117269
7688801917576809749,https://www.tiktok.com/@malinat0/video/7688801917576809749
7691279822563134752,https://www.tiktok.com/@100brep_as/video/7691279822563134752
7685067497883569429,https://www.tiktok.com/@ya_v_de1e/video/7685067497883569429
7690214262492400948,https://www.tiktok.com/@ivanandreevichcccr/video/7690214262492400948
7691691723403185426,https://www.tiktok.com/@uzuzya/video/7691691723403185426
7691706193986800909,https://www.tiktok.com/@nghixxx69/video/7691706193986800909
7635006242083245332,https://www.tiktok.com/@lybly_wkoly_2031/video/7635006242083245332
7605539154491018517,https://www.tiktok.com/@eng_with_janne/video/7605539154491018517
7563642234223103243,https://www.tiktok.com/@vikitoria.22m/video/7563642234223103243
7638494092929862934,https://www.tiktok.com/@thefdrvv/video/7638494092929862934
7611050095953382686,https://www.tiktok.com/@alkogoliatka/video/7611050095953382686
7615308106737782036,https://www.tiktok.com/@vinogradikk_aa/video/7615308106737782036
7646986026019212576,https://www.tiktok.com/@vikaqrru3zv/video/7646986026019212576
7691002641861725471,https://www.tiktok.com/@ambchriss/video/7691002641861725471
7638137997807848724,https://www.tiktok.com/@moonnassiee/video/7638137997807848724
7642749212685241630,https://www.tiktok.com/@ambchriss/video/7642749212685241630
7642752669416705310,https://www.tiktok.com/@ambchriss/video/7642752669416705310
7670429111868755218,https://www.tiktok.com/@di_chuppina/video/7670429111868755218
7609950411025354014,https://www.tiktok.com/@alkogoliatka/video/7609950411025354014
7609630810773277983,https://www.tiktok.com/@alkogoliatka/video/7609630810773277983
7611427337300675871,https://www.tiktok.com/@alkogoliatka/video/7611427337300675871
7611428259296791839,https://www.tiktok.com/@alkogoliatka/video/7611428259296791839
7608452759960030494,https://www.tiktok.com/@alkogoliatka/video/7608452759960030494
7676639631605026078,https://www.tiktok.com/@kate.shumik/video/7676639631605026078
7587062509056658689,https://www.tiktok.com/@kkeight8/video/7587062509056658689
7611265998498483474,https://www.tiktok.com/@allo.lizushka/video/7611265998498483474
7691719342853082390,https://www.tiktok.com/@vygodny_havchik/video/7691719342853082390
7688691162592431367,https://www.tiktok.com/@skidka_king/video/7688691162592431367
7689528625376480532,https://www.tiktok.com/@davprobeauty/video/7689528625376480532
7691034698591636757,https://www.tiktok.com/@kisusha_blush/video/7691034698591636757
7691697136198651154,https://www.tiktok.com/@liana_vecherinka/video/7691697136198651154
7691224889298128149,https://www.tiktok.com/@oksana.kulikova/video/7691224889298128149
7689577244976631072,https://www.tiktok.com/@marri_si/video/7689577244976631072
7691024182670281992,https://www.tiktok.com/@kriss.musse/video/7691024182670281992
7691439809923009810,https://www.tiktok.com/@elen_clean_home/video/7691439809923009810
7684575371294985493,https://www.tiktok.com/@worst_intellect/video/7684575371294985493
7673205035269934368,https://www.tiktok.com/@askoreal/video/7673205035269934368
7691353685909163296,https://www.tiktok.com/@sveta_pro_beauty1/video/7691353685909163296
7690496039312182548,https://www.tiktok.com/@spletnica_blog/video/7690496039312182548
7689533896978861345,https://www.tiktok.com/@asya_hitrosti/video/7689533896978861345
7647605913846680865,https://www.tiktok.com/@herr_iz_sibiri/video/7647605913846680865
7673853520168094984,https://www.tiktok.com/@_de_lina/video/7673853520168094984
7689525210164235533,https://www.tiktok.com/@tonyy1337/video/7689525210164235533
7683908459376839957,https://www.tiktok.com/@dashemew_/video/7683908459376839957
7685722059019701524,https://www.tiktok.com/@pokushat5/video/7685722059019701524
7638965339711163669,https://www.tiktok.com/@plohi.sh/video/7638965339711163669
7628973473209077013,https://www.tiktok.com/@grigarovichi/video/7628973473209077013
7691605769921334546,https://www.tiktok.com/@adilyatat/video/7691605769921334546
7687287374967000352,https://www.tiktok.com/@matina4946/video/7687287374967000352
7690098467040972046,https://www.tiktok.com/@tonyy1337/video/7690098467040972046
7689346068084985108,https://www.tiktok.com/@promofilips/video/7689346068084985108
7676154697908112656,https://www.tiktok.com/@marichielle/video/7676154697908112656
7675317812369296660,https://www.tiktok.com/@z_a_v_o_z/video/7675317812369296660
7690106354970676494,https://www.tiktok.com/@tonyy1337/video/7690106354970676494
7689324456099024142,https://www.tiktok.com/@tonyy1337/video/7689324456099024142
7654868820510690591,https://www.tiktok.com/@rejuchek/video/7654868820510690591
7650959748698803464,https://www.tiktok.com/@crossfit2006/video/7650959748698803464
7676003125232405781,https://www.tiktok.com/@elena.dasaeva_/video/7676003125232405781
7690268276877806868,https://www.tiktok.com/@sofi_style05/video/7690268276877806868
7689838888981974286,https://www.tiktok.com/@tonyy1337/video/7689838888981974286
7690883616645106964,https://www.tiktok.com/@sashacaree/video/7690883616645106964
7689152709177462024,https://www.tiktok.com/@nd.bs58/video/7689152709177462024
7660432212856278304,https://www.tiktok.com/@anastasia.grishanova/video/7660432212856278304
7623808219600735509,https://www.tiktok.com/@mariyaomg__/video/7623808219600735509
7689141658323078421,https://www.tiktok.com/@bahsha_muz/video/7689141658323078421
7684926357075250453,https://www.tiktok.com/@superspec3/video/7684926357075250453
7689762000750103829,https://www.tiktok.com/@oksana_o_beauty/video/7689762000750103829
7678698529904266514,https://www.tiktok.com/@monyavlog/video/7678698529904266514
7666864670896098578,https://www.tiktok.com/@youvibyt/video/7666864670896098578
7646718703031258388,https://www.tiktok.com/@glebasprofmat/video/7646718703031258388
7629058667446357266,https://www.tiktok.com/@zam.study_egeai.ru/video/7629058667446357266
7645625120555388168,https://www.tiktok.com/@polunnss/video/7645625120555388168
7584059753353989407,https://www.tiktok.com/@elllinnai/video/7584059753353989407
7584456530880122167,https://www.tiktok.com/@ev.kis/video/7584456530880122167
7624141483154705671,https://www.tiktok.com/@qwieex/video/7624141483154705671
7646443150705216788,https://www.tiktok.com/@glebasprofmat/video/7646443150705216788
7631172393729314068,https://www.tiktok.com/@glebasprofmat/video/7631172393729314068
7676882913333382421,https://www.tiktok.com/@selishcheva_kira/video/7676882913333382421
7639062296873962770,https://www.tiktok.com/@zam.study_egeai.ru/video/7639062296873962770
7616310197283245332,https://www.tiktok.com/@alsatkg/video/7616310197283245332
7585178880009391368,https://www.tiktok.com/@alsatkg/video/7585178880009391368
7688658594908163346,https://www.tiktok.com/@promokodbishek/video/7688658594908163346
7651916919334784264,https://www.tiktok.com/@dlya.optovikov/video/7651916919334784264
7683589662748806433,https://www.tiktok.com/@amaya.osh/video/7683589662748806433
7677684790186773768,https://www.tiktok.com/@avie_osh/video/7677684790186773768
7672385868388240660,https://www.tiktok.com/@aziza.kosmetolog.osh/video/7672385868388240660
7686803555407170837,https://www.tiktok.com/@kolyaska.baby.osh/video/7686803555407170837
7627646164455722270,https://www.tiktok.com/@go.go.gosha/video/7627646164455722270
7684203127133719830,https://www.tiktok.com/@juli.light/video/7684203127133719830
7682879668042698006,https://www.tiktok.com/@ha_tiraspol/video/7682879668042698006
7614966065365306645,https://www.tiktok.com/@podroskoviy.osh/video/7614966065365306645
7598174649456790792,https://www.tiktok.com/@promokodbishek/video/7598174649456790792
7691305773988908296,https://www.tiktok.com/@mega_planeta2024/video/7691305773988908296
7676432282030181640,https://www.tiktok.com/@iampollllina/video/7676432282030181640
7685832902654823700,https://www.tiktok.com/@di.probanochki/video/7685832902654823700
7688727339630431494,https://www.tiktok.com/@_soulful_kristi_/video/7688727339630431494
7686880873924496647,https://www.tiktok.com/@skestisteam/video/7686880873924496647
7673106101419658516,https://www.tiktok.com/@mash_vibes/video/7673106101419658516
7622995579928382741,https://www.tiktok.com/@egor_tarnakin/video/7622995579928382741
7681181218603322646,https://www.tiktok.com/@juli.light/video/7681181218603322646
7690276431707901205,https://www.tiktok.com/@plehkagang/video/7690276431707901205
7686530958060686600,https://www.tiktok.com/@ekonom_skidochki/video/7686530958060686600
7683427471739440404,https://www.tiktok.com/@asyok_k/video/7683427471739440404
7634174373175348498,https://www.tiktok.com/@nadya_matem/video/7634174373175348498
7572574330492685580,https://www.tiktok.com/@tynda_q/video/7572574330492685580
7690157372659993876,https://www.tiktok.com/@otdushistore/video/7690157372659993876
7581328120565828884,https://www.tiktok.com/@padberu/video/7581328120565828884
7615594149315677447,https://www.tiktok.com/@promokodbishek/video/7615594149315677447
7684939061110246677,https://www.tiktok.com/@katybloomy/video/7684939061110246677
7689012232159563021,https://www.tiktok.com/@vkyseds/video/7689012232159563021
7683039798159887648,https://www.tiktok.com/@ar.kostrikov/video/7683039798159887648
7651143398908382484,https://www.tiktok.com/@pokushat5/video/7651143398908382484
7687559461224910096,https://www.tiktok.com/@utka_today/video/7687559461224910096
7613426941437365512,https://www.tiktok.com/@colizeumarena/video/7613426941437365512
7677988909242125576,https://www.tiktok.com/@topskidokk/video/7677988909242125576
7657191618134428949,https://www.tiktok.com/@ic3333r/video/7657191618134428949
7663096879768489237,https://www.tiktok.com/@itispolly_/video/7663096879768489237
7637141493521845511,https://www.tiktok.com/@vikishow_vikishow/video/7637141493521845511
7660556969052409095,https://www.tiktok.com/@danila_nevodnik/video/7660556969052409095
7655014666321644820,https://www.tiktok.com/@suu.settsunai/video/7655014666321644820
7616786281124613397,https://www.tiktok.com/@steysaaaa_/video/7616786281124613397
7617866298051153172,https://www.tiktok.com/@steysaaaa_/video/7617866298051153172
7616784544909380884,https://www.tiktok.com/@steysaaaa_/video/7616784544909380884
7616786863315094804,https://www.tiktok.com/@steysaaaa_/video/7616786863315094804
7598540659460443393,https://www.tiktok.com/@lypotanyalife/video/7598540659460443393
7595149561551686930,https://www.tiktok.com/@ambrellla/video/7595149561551686930
7617182710007713038,https://www.tiktok.com/@promokodniy0/video/7617182710007713038
7616788498825088276,https://www.tiktok.com/@steysaaaa_/video/7616788498825088276
7646148260318563591,https://www.tiktok.com/@djounsi_petly/video/7646148260318563591
7681150129608363285,https://www.tiktok.com/@promo_lavka/video/7681150129608363285
7583342624115805447,https://www.tiktok.com/@ambrellla/video/7583342624115805447
7691306964579536149,https://www.tiktok.com/@glebtheromantic/video/7691306964579536149
7688989363178458376,https://www.tiktok.com/@fancyxd923/video/7688989363178458376
7688260349753068830,https://www.tiktok.com/@rejuchek/video/7688260349753068830
7608482835501976853,https://www.tiktok.com/@pokushat5/video/7608482835501976853
7671566585395563783,https://www.tiktok.com/@.soooteee/video/7671566585395563783
7685301825259556114,https://www.tiktok.com/@kentulya67_/video/7685301825259556114
7668144017854565639,https://www.tiktok.com/@ivan_shoping/video/7668144017854565639
7691245734590532886,https://www.tiktok.com/@marika_o_krasote1/video/7691245734590532886
7677170271526194465,https://www.tiktok.com/@vigoniy_ygol/video/7677170271526194465
7641170889718959361,https://www.tiktok.com/@padberu/video/7641170889718959361
7691304081792584993,https://www.tiktok.com/@mxmkkaa/video/7691304081792584993
7689672574678125876,https://www.tiktok.com/@padberu_promokod/video/7689672574678125876
7664568612929244423,https://www.tiktok.com/@.riechka/video/7664568612929244423
7617878140739734802,https://www.tiktok.com/@chicks_killa/video/7617878140739734802
7687601092242279700,https://www.tiktok.com/@teethwow/video/7687601092242279700
7657865630292380941,https://www.tiktok.com/@skidkakisa/video/7657865630292380941
7634835446832303378,https://www.tiktok.com/@stasechkaaaaaa/video/7634835446832303378
7687497597837200648,https://www.tiktok.com/@_de_lina/video/7687497597837200648
7689472467424906517,https://www.tiktok.com/@user9635489585919/video/7689472467424906517
7689154595284651284,https://www.tiktok.com/@ovchinnikova.sia/video/7689154595284651284
7690170502962351380,https://www.tiktok.com/@promik_v_domik/video/7690170502962351380
7686542227157601556,https://www.tiktok.com/@promik_v_domik/video/7686542227157601556
7655946143334927623,https://www.tiktok.com/@kiimvv/video/7655946143334927623
7659782645802339604,https://www.tiktok.com/@w3ndy038/video/7659782645802339604
7690890035758959892,https://www.tiktok.com/@natalivoinova_/video/7690890035758959892
7680856545730546965,https://www.tiktok.com/@superspec3/video/7680856545730546965
7691297866777857301,https://www.tiktok.com/@yasmin_actress/video/7691297866777857301
7669498620038679841,https://www.tiktok.com/@victoria_rehizyan_/video/7669498620038679841
7660467325681831189,https://www.tiktok.com/@beisenova_nazerke/video/7660467325681831189
7646082940845182228,https://www.tiktok.com/@kari15_2.0/video/7646082940845182228
7676824280633576724,https://www.tiktok.com/@evgenstasen/video/7676824280633576724
7685756569597824274,https://www.tiktok.com/@tatyanaduka/video/7685756569597824274
7680884959296408839,https://www.tiktok.com/@promikvdomik2/video/7680884959296408839
7677478707266637077,https://www.tiktok.com/@pleaser_killena/video/7677478707266637077
7682089948673051912,https://www.tiktok.com/@ekonom_skidochki/video/7682089948673051912
7679119657332133152,https://www.tiktok.com/@julia.peterson.fix/video/7679119657332133152
7690988989146238229,https://www.tiktok.com/@cvetda/video/7690988989146238229
7691682749341502727,https://www.tiktok.com/@aibiefi/video/7691682749341502727
7691003355610549524,https://www.tiktok.com/@nastya._.glow/video/7691003355610549524
7688013749915077908,https://www.tiktok.com/@rybalkavova_/video/7688013749915077908
7688726062146030870,https://www.tiktok.com/@labobarezka/video/7688726062146030870
7678231012001762578,https://www.tiktok.com/@steel_saides/video/7678231012001762578
7690997500555103495,https://www.tiktok.com/@narezki_channel0/video/7690997500555103495
7658212170353708309,https://www.tiktok.com/@max_poyasnit/video/7658212170353708309
7688794631634488598,https://www.tiktok.com/@labobarezka/video/7688794631634488598
7608556754145791239,https://www.tiktok.com/@bgthug1/video/7608556754145791239
7683841205955742998,https://www.tiktok.com/@flotskiy_ribak/video/7683841205955742998
7653472267665689876,https://www.tiktok.com/@daxanail/video/7653472267665689876
7673920195655748886,https://www.tiktok.com/@labobarezka/video/7673920195655748886
7674222550217461013,https://www.tiktok.com/@alex_vetlife/video/7674222550217461013
7645342951647776033,https://www.tiktok.com/@manastya.ya/video/7645342951647776033
7674206165546536213,https://www.tiktok.com/@zinochka_mangarova/video/7674206165546536213
7686577156901571862,https://www.tiktok.com/@labobarezka/video/7686577156901571862
7690588246438366477,https://www.tiktok.com/@alen4onka/video/7690588246438366477
7565915708761197832,https://www.tiktok.com/@lukyanov_life/video/7565915708761197832
7681641207042166037,https://www.tiktok.com/@alex_vetlife/video/7681641207042166037
7660155134642638102,https://www.tiktok.com/@labobarezka/video/7660155134642638102
7675387255011298581,https://www.tiktok.com/@alex_vetlife/video/7675387255011298581
7628352644054060289,https://www.tiktok.com/@kamamber_gg/video/7628352644054060289
7689907781905829152,https://www.tiktok.com/@hannevbeauty/video/7689907781905829152
7691319387575307528,https://www.tiktok.com/@privet_eto_misha/video/7691319387575307528
7675681297372630280,https://www.tiktok.com/@promikvdomik2/video/7675681297372630280
7662388927268916500,https://www.tiktok.com/@malysheev_/video/7662388927268916500
7579530624789204231,https://www.tiktok.com/@srlovemr/video/7579530624789204231
7556404575746477329,https://www.tiktok.com/@farfor_dostavka/video/7556404575746477329
7653067107353087250,https://www.tiktok.com/@promokodi_arm/video/7653067107353087250
7681621616010267911,https://www.tiktok.com/@promikvdomik2/video/7681621616010267911
7666458990053838112,https://www.tiktok.com/@barbiefood1/video/7666458990053838112
7568820330043624760,https://www.tiktok.com/@yeldosaytuganov_blog/video/7568820330043624760
7680560058916195592,https://www.tiktok.com/@cuttykroshka/video/7680560058916195592
7689744515963505940,https://www.tiktok.com/@promofilips/video/7689744515963505940
7687327774998170901,https://www.tiktok.com/@milanaaa.probankiii/video/7687327774998170901
7690267404399578386,https://www.tiktok.com/@.nasvai_so2/video/7690267404399578386
7683808202043034902,https://www.tiktok.com/@x5profit/video/7683808202043034902
7691057739669212448,https://www.tiktok.com/@angelicacreator1/video/7691057739669212448
7677671009004162312,https://www.tiktok.com/@beautyelenf/video/7677671009004162312
7690234990327516417,https://www.tiktok.com/@di.probanochki/video/7690234990327516417
7691250297938726157,https://www.tiktok.com/@promokodnya/video/7691250297938726157
7655809684410060050,https://www.tiktok.com/@woltpromokazakhstan1/video/7655809684410060050
7621166782220504343,https://www.tiktok.com/@angelamll/video/7621166782220504343
7604964769413549334,https://www.tiktok.com/@ozone.bg/video/7604964769413549334
7660907707930610962,https://www.tiktok.com/@nnassstasija/video/7660907707930610962
7578964244117392648,https://www.tiktok.com/@ekonom_skidochki/video/7578964244117392648
7673902485093780758,https://www.tiktok.com/@diluza_ilshatovna/video/7673902485093780758
7560392439488449824,https://www.tiktok.com/@ottoboutique8/video/7560392439488449824
7641143009924484372,https://www.tiktok.com/@rozaliopa/video/7641143009924484372
7654230474734226695,https://www.tiktok.com/@its_stan77/video/7654230474734226695
7691011845653679382,https://www.tiktok.com/@komisofa/video/7691011845653679382
7687927178427944200,https://www.tiktok.com/@skidkonos_/video/7687927178427944200
7630045162403646742,https://www.tiktok.com/@barbiefood1/video/7630045162403646742
7683121740494540065,https://www.tiktok.com/@zolteks_/video/7683121740494540065
7625670777076993301,https://www.tiktok.com/@leilamiers0.2/video/7625670777076993301
7689016848016231732,https://www.tiktok.com/@alena_pokupki/video/7689016848016231732
7690475913598864672,https://www.tiktok.com/@elisa90212/video/7690475913598864672
7670854803639225621,https://www.tiktok.com/@annazozulia/video/7670854803639225621
7691579879028018453,https://www.tiktok.com/@promokod_food/video/7691579879028018453
7687728288399232276,https://www.tiktok.com/@azi_omarova/video/7687728288399232276
7639763922165189910,https://www.tiktok.com/@khalid_shop.kg/video/7639763922165189910
7680495768184032532,https://www.tiktok.com/@rahat_mamyrova/video/7680495768184032532
7686407969054969106,https://www.tiktok.com/@indirimholic0/video/7686407969054969106
7668340982542388498,https://www.tiktok.com/@nadiaa_hopee/video/7668340982542388498
7689863307787816213,https://www.tiktok.com/@bexzod_mamajonov/video/7689863307787816213
7691305834038431007,https://www.tiktok.com/@skidka_joe/video/7691305834038431007
7690888116936264980,https://www.tiktok.com/@bbcnewsuzbek/video/7690888116936264980
7690717768005504274,https://www.tiktok.com/@muhammad.m429/video/7690717768005504274
7686471899764821256,https://www.tiktok.com/@promokodi_arm/video/7686471899764821256
7636310412723637535,https://www.tiktok.com/@betyvoperr/video/7636310412723637535
7688368968108608775,https://www.tiktok.com/@promikvdomik2/video/7688368968108608775
7642261726326476050,https://www.tiktok.com/@erbol_fabrik/video/7642261726326476050
7690959395475262751,https://www.tiktok.com/@danilkaso24/video/7690959395475262751
7689630814753049864,https://www.tiktok.com/@bwof4/video/7689630814753049864
7614271743103978774,https://www.tiktok.com/@andrapascal19/video/7614271743103978774
7689131120318844174,https://www.tiktok.com/@raydididays/video/7689131120318844174
7677636138365881608,https://www.tiktok.com/@tery_ami/video/7677636138365881608
7666516002343095583,https://www.tiktok.com/@john_escobaar/video/7666516002343095583
7688820995200781601,https://www.tiktok.com/@dashabeauty67/video/7688820995200781601
7682333534576479509,https://www.tiktok.com/@sashacaree/video/7682333534576479509
7627848900237413653,https://www.tiktok.com/@qlawenty/video/7627848900237413653
7690884882247011605,https://www.tiktok.com/@toria.lem/video/7690884882247011605
7691014922653748481,https://www.tiktok.com/@dasha_smileshine/video/7691014922653748481
7689478039083814176,https://www.tiktok.com/@shatrissa.beauty/video/7689478039083814176
7666458474930277653,https://www.tiktok.com/@lawentyyy/video/7666458474930277653
7689805318720654624,https://www.tiktok.com/@shatrissa.beauty/video/7689805318720654624
7690190208679071006,https://www.tiktok.com/@topolensky52_case/video/7690190208679071006
7634497555623120150,https://www.tiktok.com/@destassy/video/7634497555623120150
7650111062943026453,https://www.tiktok.com/@amirshop_osh/video/7650111062943026453
7598558231417359634,https://www.tiktok.com/@alsatkg/video/7598558231417359634
7691393140715998484,https://www.tiktok.com/@onlydope_team/video/7691393140715998484
7645981344241044757,https://www.tiktok.com/@amirshop_osh/video/7645981344241044757
7675750784536972562,https://www.tiktok.com/@panda.sushi.almaty/video/7675750784536972562
7690529948569849096,https://www.tiktok.com/@orazbekova_ainash/video/7690529948569849096
7689389614603210017,https://www.tiktok.com/@ich.sparee/video/7689389614603210017
7690244675172699400,https://www.tiktok.com/@skestisteam/video/7690244675172699400
7677889228050681102,https://www.tiktok.com/@vasilevkaii/video/7677889228050681102
7669006899840322837,https://www.tiktok.com/@sara.shoestm/video/7669006899840322837
7602283821798657298,https://www.tiktok.com/@zillie.osh/video/7602283821798657298
7611463452435041558,https://www.tiktok.com/@khalid_shop.kg/video/7611463452435041558
7689188513581010184,https://www.tiktok.com/@yanusikxxx/video/7689188513581010184
7689823750262508820,https://www.tiktok.com/@barbie_chemistry1/video/7689823750262508820
7572562244295216405,https://www.tiktok.com/@arciair/video/7572562244295216405
7665439019639082260,https://www.tiktok.com/@evs_bead/video/7665439019639082260
7569704295122111775,https://www.tiktok.com/@ekaterinalu3/video/7569704295122111775
7648013128592035093,https://www.tiktok.com/@hogwarts_892/video/7648013128592035093
7691626094029524244,https://www.tiktok.com/@layna_pro/video/7691626094029524244
7666431684929211656,https://www.tiktok.com/@anny_lexx/video/7666431684929211656
7600024841223195924,https://www.tiktok.com/@blogspof/video/7600024841223195924
7668744673489358113,https://www.tiktok.com/@worland78/video/7668744673489358113
7585088737210584375,https://www.tiktok.com/@nihil.clothing/video/7585088737210584375
7602974563332361492,https://www.tiktok.com/@kitya_kim/video/7602974563332361492
7569162794369813767,https://www.tiktok.com/@bitvidd/video/7569162794369813767
7677193921402850567,https://www.tiktok.com/@user78481631501271/video/7677193921402850567
7625866672183790880,https://www.tiktok.com/@masha_lazarevaa/video/7625866672183790880
7681806906985401620,https://www.tiktok.com/@vlyubish/video/7681806906985401620
7689330349406457109,https://www.tiktok.com/@aruka..official/video/7689330349406457109
7650157950861921543,https://www.tiktok.com/@akdidar.abdukhan42/video/7650157950861921543
7659512914310679826,https://www.tiktok.com/@madame_aqerke/video/7659512914310679826
7690068450038893832,https://www.tiktok.com/@milka_15y/video/7690068450038893832
7687923099005734151,https://www.tiktok.com/@marta.tarnovetska/video/7687923099005734151
7593245767020612871,https://www.tiktok.com/@lulitooq/video/7593245767020612871
7581724020513492231,https://www.tiktok.com/@oshskiepodrostki/video/7581724020513492231
7615699415591816470,https://www.tiktok.com/@mohixx.llv_/video/7615699415591816470
7582888722547445012,https://www.tiktok.com/@oshskyler/video/7582888722547445012
7620765064898809109,https://www.tiktok.com/@obmen_valyut_osh/video/7620765064898809109
7616703671883025684,https://www.tiktok.com/@odeeelchef/video/7616703671883025684
7691226553824398593,https://www.tiktok.com/@govori_tv/video/7691226553824398593
7608255051328458004,https://www.tiktok.com/@semyon.kasparf/video/7608255051328458004
7624530530255572246,https://www.tiktok.com/@sovchilar_nikoh1/video/7624530530255572246
7690869814096694542,https://www.tiktok.com/@thesaedjann/video/7690869814096694542
7690621682922442004,https://www.tiktok.com/@tgk_gruzik/video/7690621682922442004
7689322098522737928,https://www.tiktok.com/@ambassador3582/video/7689322098522737928
7687629857961872661,https://www.tiktok.com/@brows_osh1/video/7687629857961872661
7666164996946005269,https://www.tiktok.com/@ispanesponovoi/video/7666164996946005269
7670956702749035789,https://www.tiktok.com/@tgbestlyricx/video/7670956702749035789
7683910787412299016,https://www.tiktok.com/@asema.iliasova/video/7683910787412299016
7675608933968514322,https://www.tiktok.com/@salievshaiyrbek/video/7675608933968514322
7655447261073378580,https://www.tiktok.com/@the.alexeee/video/7655447261073378580
7680872756648463637,https://www.tiktok.com/@glavjas/video/7680872756648463637
7672650724471295252,https://www.tiktok.com/@danya_izi7/video/7672650724471295252
7670960122465799444,https://www.tiktok.com/@ilove_mango0/video/7670960122465799444
7672073910237531399,https://www.tiktok.com/@xidjeys/video/7672073910237531399
7688395596599741703,https://www.tiktok.com/@angelinatroyan7/video/7688395596599741703
7679087343847886101,https://www.tiktok.com/@vectorved/video/7679087343847886101
7572242270460693780,https://www.tiktok.com/@gosposhaevelinlife/video/7572242270460693780
7689531512743578893,https://www.tiktok.com/@study.motiv.aest/video/7689531512743578893
7683978944944573729,https://www.tiktok.com/@seregalena69/video/7683978944944573729
7690233856749784321,https://www.tiktok.com/@mmillenamur/video/7690233856749784321
7681995103845764372,https://www.tiktok.com/@karina_lexmus/video/7681995103845764372
7653154072945626388,https://www.tiktok.com/@aliahsdiaries/video/7653154072945626388
7691562615364963591,https://www.tiktok.com/@online.offline.courses/video/7691562615364963591
7644664000281693460,https://www.tiktok.com/@online_school_science/video/7644664000281693460
7688976656299543826,https://www.tiktok.com/@xidjeys/video/7688976656299543826
7578637321818475798,https://www.tiktok.com/@relocants/video/7578637321818475798
7689662942907862279,https://www.tiktok.com/@ism_bobojon07/video/7689662942907862279
7691420581173988630,https://www.tiktok.com/@denzeuvxss0/video/7691420581173988630
7689145444810657046,https://www.tiktok.com/@denzeuvxss0/video/7689145444810657046
7658611067697761544,https://www.tiktok.com/@viralex_ai/video/7658611067697761544
7690263578762300694,https://www.tiktok.com/@arina.shatilova/video/7690263578762300694
7601440851553701127,https://www.tiktok.com/@telegrambatya/video/7601440851553701127
7685309633304481044,https://www.tiktok.com/@.leaf91/video/7685309633304481044
7634867068453571860,https://www.tiktok.com/@conceptx.edu/video/7634867068453571860
7660511636863847701,https://www.tiktok.com/@indzhirra/video/7660511636863847701
7677249525941062919,https://www.tiktok.com/@gotosleepl/video/7677249525941062919
7571524868177480982,https://www.tiktok.com/@annnagogol/video/7571524868177480982
7645739139794586900,https://www.tiktok.com/@fan.fedoscocoss/video/7645739139794586900
7686831096939547911,https://www.tiktok.com/@densenglish/video/7686831096939547911
7605252935685066002,https://www.tiktok.com/@mantsiger/video/7605252935685066002
7576698661573283094,https://www.tiktok.com/@oksana_wirt/video/7576698661573283094
7688062127868824852,https://www.tiktok.com/@dimatrias61/video/7688062127868824852
7689408914273635605,https://www.tiktok.com/@marketingwhynot/video/7689408914273635605
7668752375116614945,https://www.tiktok.com/@worland78/video/7668752375116614945
7627005823146790165,https://www.tiktok.com/@sofiya_mirzoyeva_realtor/video/7627005823146790165
7669739474598808854,https://www.tiktok.com/@chtotootcogoto/video/7669739474598808854
7685320599094201607,https://www.tiktok.com/@error404._91/video/7685320599094201607
7683001362862411016,https://www.tiktok.com/@indiantea290/video/7683001362862411016
7624847703507275038,https://www.tiktok.com/@rud_ell/video/7624847703507275038
7627157965899828488,https://www.tiktok.com/@katusha_saxap/video/7627157965899828488
7663508902280989985,https://www.tiktok.com/@katerina_shvez01/video/7663508902280989985
7649097568839830816,https://www.tiktok.com/@konversation.online/video/7649097568839830816
7647511264872254753,https://www.tiktok.com/@arina.shatilova/video/7647511264872254753
7644947288665689362,https://www.tiktok.com/@sergey_liga1/video/7644947288665689362
7688376015332101409,https://www.tiktok.com/@klimakvlad/video/7688376015332101409
7678603207962004769,https://www.tiktok.com/@zokapiopk/video/7678603207962004769
7653098084548840736,https://www.tiktok.com/@arina.shatilova/video/7653098084548840736
7683906234218581266,https://www.tiktok.com/@kopeikashop/video/7683906234218581266
7683281455769898260,https://www.tiktok.com/@danyacfg/video/7683281455769898260
7613804914669636882,https://www.tiktok.com/@optimistich_no/video/7613804914669636882
7658271892209470740,https://www.tiktok.com/@innaserg_sib/video/7658271892209470740
7676588180530990356,https://www.tiktok.com/@dekayz18/video/7676588180530990356
7559227656911244556,https://www.tiktok.com/@bladaaok/video/7559227656911244556
7690674908791098654,https://www.tiktok.com/@galyna2525/video/7690674908791098654
7675458252380933397,https://www.tiktok.com/@dekayz18/video/7675458252380933397
7574485763983723783,https://www.tiktok.com/@soujaaablya/video/7574485763983723783
7633345077707869473,https://www.tiktok.com/@tradingwayai/video/7633345077707869473
7680470196548652321,https://www.tiktok.com/@uuumarineau/video/7680470196548652321
7684373945075698946,https://www.tiktok.com/@natalijabugaj/video/7684373945075698946
7668774323598986529,https://www.tiktok.com/@easychina_welcome/video/7668774323598986529
7610129439409720584,https://www.tiktok.com/@oliss.eng/video/7610129439409720584
7664894621520006421,https://www.tiktok.com/@marketingwhynot/video/7664894621520006421
7663217251021032736,https://www.tiktok.com/@konversation.online/video/7663217251021032736
7617422853016882454,https://www.tiktok.com/@mamed.partners0/video/7617422853016882454
7690853803326754070,https://www.tiktok.com/@irina.alek/video/7690853803326754070
7684519566537510166,https://www.tiktok.com/@irina.alek/video/7684519566537510166
7683606252378688790,https://www.tiktok.com/@ind_project_gr/video/7683606252378688790
7673509437809642759,https://www.tiktok.com/@yulyadallas/video/7673509437809642759
7690563687605619988,https://www.tiktok.com/@polski_od_zera_/video/7690563687605619988
7646460973632474400,https://www.tiktok.com/@lesiia.pl/video/7646460973632474400
7582843597142215954,https://www.tiktok.com/@umargalieva1/video/7582843597142215954
7575907735208758550,https://www.tiktok.com/@es.diferente/video/7575907735208758550
7604876237487590673,https://www.tiktok.com/@englishmateschool/video/7604876237487590673
7678415662053608736,https://www.tiktok.com/@navimigrant2/video/7678415662053608736
7691051382207515922,https://www.tiktok.com/@alishdtender/video/7691051382207515922
7676816694181940501,https://www.tiktok.com/@khomenkomlm/video/7676816694181940501
7678789037154372882,https://www.tiktok.com/@martin_ouvre/video/7678789037154372882
7668505660509670686,https://www.tiktok.com/@galyna2525/video/7668505660509670686
7690931371946036502,https://www.tiktok.com/@marina_orabote.fi/video/7690931371946036502
7686609445794663700,https://www.tiktok.com/@juntae_study/video/7686609445794663700
7668641931316088072,https://www.tiktok.com/@mirrasar/video/7668641931316088072
7610699364909993237,https://www.tiktok.com/@ai_dlya_uchitelya0/video/7610699364909993237
7668224351329586454,https://www.tiktok.com/@the.ansti/video/7668224351329586454
7667584135401082144,https://www.tiktok.com/@sonka_monina/video/7667584135401082144
7646921466084068616,https://www.tiktok.com/@oge_noo20275/video/7646921466084068616
7641462819472297236,https://www.tiktok.com/@inrouteteam/video/7641462819472297236
7647813080851746061,https://www.tiktok.com/@oge_noo20272/video/7647813080851746061
7647816375649455374,https://www.tiktok.com/@ege_noo20273/video/7647816375649455374
7623732965679418645,https://www.tiktok.com/@nzdbook/video/7623732965679418645
7686135026970414344,https://www.tiktok.com/@nzdbook/video/7686135026970414344
7622921390575914261,https://www.tiktok.com/@nzdbook/video/7622921390575914261
7647815790145572110,https://www.tiktok.com/@ege_noo20273/video/7647815790145572110
7646917429804731666,https://www.tiktok.com/@oge_noo2/video/7646917429804731666
7647815258068847886,https://www.tiktok.com/@ege_noo20273/video/7647815258068847886
7647816709872553229,https://www.tiktok.com/@ege_noo20273/video/7647816709872553229
7647815302419401998,https://www.tiktok.com/@ege_noo20273/video/7647815302419401998
7647812242368515341,https://www.tiktok.com/@oge_noo20272/video/7647812242368515341
7646918428946615559,https://www.tiktok.com/@oge_noo2/video/7646918428946615559
7647815116729158926,https://www.tiktok.com/@ege_noo20273/video/7647815116729158926
7628744777072217365,https://www.tiktok.com/@_book_audio_tg_kanal_/video/7628744777072217365
7683928566878358805,https://www.tiktok.com/@useflow_bot/video/7683928566878358805
7677897560434003207,https://www.tiktok.com/@psycho_b1o/video/7677897560434003207
7567442045992848662,https://www.tiktok.com/@godnoedd/video/7567442045992848662
7689524873395260693,https://www.tiktok.com/@siler_roma/video/7689524873395260693
7687239069394373910,https://www.tiktok.com/@inesamusiienko/video/7687239069394373910
7656919297293405462,https://www.tiktok.com/@anya.newbottle/video/7656919297293405462
7690386443012771090,https://www.tiktok.com/@evanssimon68/video/7690386443012771090
7678066760393723157,https://www.tiktok.com/@ira_spanishvibes/video/7678066760393723157
7690625695914954015,https://www.tiktok.com/@john_escobaar/video/7690625695914954015
7602234949269228822,https://www.tiktok.com/@koval.reviews/video/7602234949269228822
7674241125699374356,https://www.tiktok.com/@antti_ded/video/7674241125699374356
7690147195068140832,https://www.tiktok.com/@leocodestudy/video/7690147195068140832
7691735232243911967,https://www.tiktok.com/@john_escobaar/video/7691735232243911967
7599860172663573791,https://www.tiktok.com/@promo54yeda/video/7599860172663573791
7619053054360309006,https://www.tiktok.com/@elsafxoqoz5/video/7619053054360309006
7691717355566583058,https://www.tiktok.com/@smile.vikusya/video/7691717355566583058
7643753724531313941,https://www.tiktok.com/@vikazang1/video/7643753724531313941
7618641721861098772,https://www.tiktok.com/@rakitkkki/video/7618641721861098772
7685034853649157390,https://www.tiktok.com/@markzaremba4/video/7685034853649157390
7685014891643686164,https://www.tiktok.com/@hmdicountcode/video/7685014891643686164
7664913289436024071,https://www.tiktok.com/@dirtyprinceee/video/7664913289436024071
7683508060047838497,https://www.tiktok.com/@zolliaaa/video/7683508060047838497
7687309620091686157,https://www.tiktok.com/@holodov.fnx/video/7687309620091686157
7678721241984797984,https://www.tiktok.com/@powerspawn2.0/video/7678721241984797984
7660520176252751121,https://www.tiktok.com/@betterlifekz/video/7660520176252751121
7691431615829970209,https://www.tiktok.com/@so2solo1/video/7691431615829970209
7686211343866891543,https://www.tiktok.com/@cuponomat.ro/video/7686211343866891543
7686810110525508872,https://www.tiktok.com/@vanillaaiii09/video/7686810110525508872
7611907356158430486,https://www.tiktok.com/@beautydeliua/video/7611907356158430486
7581140390481317142,https://www.tiktok.com/@skolimlatino/video/7581140390481317142
7669666468966960402,https://www.tiktok.com/@urfavsabriina/video/7669666468966960402
7626670959839202593,https://www.tiktok.com/@bestekortingscodes/video/7626670959839202593
7688738907084672274,https://www.tiktok.com/@zubki_stories_/video/7688738907084672274
7686158735454063880,https://www.tiktok.com/@robay.cc/video/7686158735454063880
7683613273689689376,https://www.tiktok.com/@_norach/video/7683613273689689376
7577363476235078924,https://www.tiktok.com/@skidki_bishkek_/video/7577363476235078924
7572508287204117816,https://www.tiktok.com/@9g_224school/video/7572508287204117816
7684615354533907745,https://www.tiktok.com/@hanne9684/video/7684615354533907745
7690977446190992662,https://www.tiktok.com/@instantfreaks/video/7690977446190992662
7679880724509379848,https://www.tiktok.com/@skinderemilya/video/7679880724509379848
7625600563383749896,https://www.tiktok.com/@serialtoptv/video/7625600563383749896
7597301390439943456,https://www.tiktok.com/@masha_lazarevaa/video/7597301390439943456
7691309208431594770,https://www.tiktok.com/@sensulu.fan.kz/video/7691309208431594770
7690187751634799890,https://www.tiktok.com/@smirn27/video/7690187751634799890
7662455226733006100,https://www.tiktok.com/@velkk.va/video/7662455226733006100
7663173999387512082,https://www.tiktok.com/@tavricheskaya_beauty/video/7663173999387512082
7688385390436207892,https://www.tiktok.com/@mrssushenk0va/video/7688385390436207892
7634467116023942414,https://www.tiktok.com/@k3ann01/video/7634467116023942414
7666100783737457940,https://www.tiktok.com/@romanova_roma/video/7666100783737457940
7671641926981995794,https://www.tiktok.com/@instasamka/video/7671641926981995794
7603717527339846934,https://www.tiktok.com/@guaccamolem/video/7603717527339846934
7691848099421097237,https://www.tiktok.com/@oromticha233/video/7691848099421097237
7679553857197739296,https://www.tiktok.com/@balkandoubleways/video/7679553857197739296
7632002357340933409,https://www.tiktok.com/@soundlipsi/video/7632002357340933409
7676188695787015454,https://www.tiktok.com/@user8885720803980/video/7676188695787015454
7685527376352087310,https://www.tiktok.com/@laylaomglolz/video/7685527376352087310
7690650986607627552,https://www.tiktok.com/@lastriz/video/7690650986607627552
7683170643692539149,https://www.tiktok.com/@bumubox/video/7683170643692539149
7663060187690847501,https://www.tiktok.com/@study.motiv.aest/video/7663060187690847501
7686846963312102677,https://www.tiktok.com/@.steam101/video/7686846963312102677
7689815584355126536,https://www.tiktok.com/@eka.trvll/video/7689815584355126536
7650938414920977672,https://www.tiktok.com/@olenka_so_cute/video/7650938414920977672
7686052989571763463,https://www.tiktok.com/@vashasashenka/video/7686052989571763463
7646875311459634465,https://www.tiktok.com/@an.luganskaya/video/7646875311459634465
7684603649837878536,https://www.tiktok.com/@demajany/video/7684603649837878536
7688445642582150421,https://www.tiktok.com/@rahat_mamyrova/video/7688445642582150421
7670609219405630727,https://www.tiktok.com/@nur_target/video/7670609219405630727
7605649074183834901,https://www.tiktok.com/@ifoluiv/video/7605649074183834901
7643121630641786134,https://www.tiktok.com/@noshing.saves/video/7643121630641786134
7686346262362262806,https://www.tiktok.com/@saf4500page/video/7686346262362262806
7686592329662205186,https://www.tiktok.com/@raid_romania/video/7686592329662205186
7658782234886819104,https://www.tiktok.com/@ege.tbu/video/7658782234886819104
7594162155885202744,https://www.tiktok.com/@kem1l6/video/7594162155885202744
7571075362575142165,https://www.tiktok.com/@domaynov_amz/video/7571075362575142165
7653433419703012640,https://www.tiktok.com/@ege.tbu/video/7653433419703012640
7607113900848385288,https://www.tiktok.com/@takonakk/video/7607113900848385288
7683733964229446919,https://www.tiktok.com/@myxamet_ff/video/7683733964229446919
7690503966399941921,https://www.tiktok.com/@leliktalks/video/7690503966399941921
7682062890593045780,https://www.tiktok.com/@krosh.ff1/video/7682062890593045780
7689802140033764609,https://www.tiktok.com/@zavqtvuz/video/7689802140033764609
7690912551927942422,https://www.tiktok.com/@emmasjourney82/video/7690912551927942422
7676143001307057430,https://www.tiktok.com/@tanxxv4/video/7676143001307057430
7690076509003910432,https://www.tiktok.com/@alexiadaverdi/video/7690076509003910432
7636005190889590023,https://www.tiktok.com/@artem1yfug/video/7636005190889590023
7634224420726426900,https://www.tiktok.com/@_debilka_224/video/7634224420726426900
7629817219534425364,https://www.tiktok.com/@abobus2283/video/7629817219534425364
7688069162123644178,https://www.tiktok.com/@anton_nenastya/video/7688069162123644178
7685401676559289618,https://www.tiktok.com/@holysenseee0/video/7685401676559289618
7630069593553243413,https://www.tiktok.com/@viperr.club/video/7630069593553243413
7680495626596977938,https://www.tiktok.com/@rubysslink/video/7680495626596977938
7690182806508506369,https://www.tiktok.com/@vodudov/video/7690182806508506369
7608311062093401364,https://www.tiktok.com/@d100b6/video/7608311062093401364
7690248765160082689,https://www.tiktok.com/@dohioooo/video/7690248765160082689
7662846607460748566,https://www.tiktok.com/@flash_ege/video/7662846607460748566
7635689936674639124,https://www.tiktok.com/@smynya17/video/7635689936674639124
7691218139228425479,https://www.tiktok.com/@di_aaa077/video/7691218139228425479
7637244699056606497,https://www.tiktok.com/@defenq/video/7637244699056606497
7685766386165009671,https://www.tiktok.com/@valentinitch/video/7685766386165009671
7680118152658734357,https://www.tiktok.com/@mikeeva.evaa/video/7680118152658734357
7674941102134136071,https://www.tiktok.com/@polnochka0/video/7674941102134136071
7583406588384283918,https://www.tiktok.com/@polinnamee/video/7583406588384283918
7690927382538030344,https://www.tiktok.com/@yaarechka/video/7690927382538030344
7670129037494242580,https://www.tiktok.com/@nsttttty/video/7670129037494242580
7686804937983986964,https://www.tiktok.com/@abidybi/video/7686804937983986964
7593779916471143681,https://www.tiktok.com/@romanovna_vika/video/7593779916471143681
7618175516872379669,https://www.tiktok.com/@nsttttty/video/7618175516872379669
7689781743577992470,https://www.tiktok.com/@user8341927138006/video/7689781743577992470
7655292329850359048,https://www.tiktok.com/@valentinitch/video/7655292329850359048
7656910985562770706,https://www.tiktok.com/@boss_otmoroz_z/video/7656910985562770706
7585182798676249874,https://www.tiktok.com/@valentinitch/video/7585182798676249874
7690302016354061575,https://www.tiktok.com/@zharnett/video/7690302016354061575
7685107481814650134,https://www.tiktok.com/@linellva/video/7685107481814650134
7676574308877028621,https://www.tiktok.com/@sergey.belugin.math/video/7676574308877028621
7621872154300239122,https://www.tiktok.com/@valentinitch/video/7621872154300239122
7690304438505884950,https://www.tiktok.com/@notreallyme920/video/7690304438505884950
7616022229180108054,https://www.tiktok.com/@flash_ege/video/7616022229180108054
7604921065462074654,https://www.tiktok.com/@wiwuuvo/video/7604921065462074654
7691366665614789908,https://www.tiktok.com/@kerrrlyn/video/7691366665614789908
7685648674365541653,https://www.tiktok.com/@100bambassador/video/7685648674365541653
7687565932239047944,https://www.tiktok.com/@chembio_magic/video/7687565932239047944
7690664116918177042,https://www.tiktok.com/@rin4ik820/video/7690664116918177042
7690321099824876832,https://www.tiktok.com/@ukiyostudy/video/7690321099824876832
7688399838412557601,https://www.tiktok.com/@nessa_vva/video/7688399838412557601
7650504749103598856,https://www.tiktok.com/@expertbrest/video/7650504749103598856
7689207435860413728,https://www.tiktok.com/@ukiyostudy/video/7689207435860413728
7690214327290203422,https://www.tiktok.com/@alicc.e/video/7690214327290203422
7690284367448509703,https://www.tiktok.com/@marieorprq6/video/7690284367448509703
7691693936766668063,https://www.tiktok.com/@danilkaso24/video/7691693936766668063
7690981638469078293,https://www.tiktok.com/@brtshkdanila/video/7690981638469078293
7690580008993180948,https://www.tiktok.com/@mef_edrone/video/7690580008993180948
7689452735577574689,https://www.tiktok.com/@zyrowolt/video/7689452735577574689
7691220553138654485,https://www.tiktok.com/@m9snoi_server/video/7691220553138654485
7690238108574518548,https://www.tiktok.com/@sasskdr/video/7690238108574518548
7645728021260864801,https://www.tiktok.com/@kirra.fil/video/7645728021260864801
7688057644715674887,https://www.tiktok.com/@._namenot_/video/7688057644715674887
7690494755838364946,https://www.tiktok.com/@100bcore/video/7690494755838364946
7686936731559480583,https://www.tiktok.com/@personabattle/video/7686936731559480583
7630521692523138322,https://www.tiktok.com/@w1knes/video/7630521692523138322
7689325165192269077,https://www.tiktok.com/@thelittlechemist/video/7689325165192269077
7690224150304050453,https://www.tiktok.com/@maxmi4/video/7690224150304050453
7690840555101719860,https://www.tiktok.com/@gurudar1a/video/7690840555101719860
7631613406382017800,https://www.tiktok.com/@m.mariluw/video/7631613406382017800
7690994289752542494,https://www.tiktok.com/@danilkaso24/video/7690994289752542494
7690992825344871701,https://www.tiktok.com/@studyyyf/video/7690992825344871701
7690190735336934674,https://www.tiktok.com/@prostosaidjon/video/7690190735336934674
7664308887977348374,https://www.tiktok.com/@ambassador_100b/video/7664308887977348374
7564472208316321032,https://www.tiktok.com/@cindey_lou/video/7564472208316321032
7687577112336928020,https://www.tiktok.com/@100bambassador/video/7687577112336928020
7688393834773925138,https://www.tiktok.com/@alina.uka.wookaa/video/7688393834773925138
7681753838847528213,https://www.tiktok.com/@vanilesy/video/7681753838847528213
7687241031565315349,https://www.tiktok.com/@100bambassador/video/7687241031565315349
7674703951530478856,https://www.tiktok.com/@alina.uka.wookaa/video/7674703951530478856
7591138972974206230,https://www.tiktok.com/@ambassador_100b/video/7591138972974206230
7676192272278834452,https://www.tiktok.com/@vanilesy/video/7676192272278834452
7690260187722124550,https://www.tiktok.com/@club_nikki/video/7690260187722124550
7690310893879446804,https://www.tiktok.com/@nsttttty/video/7690310893879446804
7573743012002401554,https://www.tiktok.com/@ddartem_fan/video/7573743012002401554
7690281338221481236,https://www.tiktok.com/@mef_edrone/video/7690281338221481236
7691244137403747605,https://www.tiktok.com/@gurudar1a/video/7691244137403747605
7690221146058263829,https://www.tiktok.com/@selsofanf/video/7690221146058263829
7690115255292218638,https://www.tiktok.com/@zubckova544/video/7690115255292218638
7576719533835111694,https://www.tiktok.com/@katmaherw/video/7576719533835111694
7597074106747522311,https://www.tiktok.com/@isossmwmmwmemem/video/7597074106747522311
7607020423217253640,https://www.tiktok.com/@valentinitch/video/7607020423217253640
7585502752239815957,https://www.tiktok.com/@evs_bead/video/7585502752239815957
7690320538081824021,https://www.tiktok.com/@ispekolit/video/7690320538081824021
7690645648051326209,https://www.tiktok.com/@yokosad1/video/7690645648051326209
7674704371216567560,https://www.tiktok.com/@alina.uka.wookaa/video/7674704371216567560
7690343672881155336,https://www.tiktok.com/@tommy_17_05/video/7690343672881155336
7690266536665222401,https://www.tiktok.com/@user894tt/video/7690266536665222401
7660228451802090760,https://www.tiktok.com/@viralex_ai/video/7660228451802090760
7669872523881893140,https://www.tiktok.com/@motioncode.it/video/7669872523881893140
7624543396497050900,https://www.tiktok.com/@aleko.so/video/7624543396497050900
7670577328455421205,https://www.tiktok.com/@natali.tlmc/video/7670577328455421205
7604967629157109015,https://www.tiktok.com/@plutcode/video/7604967629157109015
7687303029476920596,https://www.tiktok.com/@ai.yerzhan/video/7687303029476920596
7683523280145354017,https://www.tiktok.com/@kz_lemon4ik/video/7683523280145354017
7690902332195802386,https://www.tiktok.com/@amstersmm/video/7690902332195802386
7654122753670335747,https://www.tiktok.com/@slarkvpn77/video/7654122753670335747
7677557478590041365,https://www.tiktok.com/@dai_skidon/video/7677557478590041365
7688362751537827090,https://www.tiktok.com/@wheymir/video/7688362751537827090
7604080617311030548,https://www.tiktok.com/@vivka867/video/7604080617311030548
7649737036953373959,https://www.tiktok.com/@maxklymtok/video/7649737036953373959
7671533569684049160,https://www.tiktok.com/@mr.apps.official/video/7671533569684049160
7592331861636975879,https://www.tiktok.com/@web_leb/video/7592331861636975879
7679041959423511841,https://www.tiktok.com/@userrpm5zbpdzg/video/7679041959423511841
7662537514326019336,https://www.tiktok.com/@infintumvpn/video/7662537514326019336
7637204867227897106,https://www.tiktok.com/@avto_speaker/video/7637204867227897106
7672768369619143956,https://www.tiktok.com/@fiytao/video/7672768369619143956
7659838189342903584,https://www.tiktok.com/@den_is12/video/7659838189342903584
7688685338503482632,https://www.tiktok.com/@termux631/video/7688685338503482632
7680274179756707079,https://www.tiktok.com/@tsunamivpn_official1/video/7680274179756707079
7686920516170485010,https://www.tiktok.com/@zakatoon_nar/video/7686920516170485010
7690482070610545940,https://www.tiktok.com/@wisoll/video/7690482070610545940
7690630752005852430,https://www.tiktok.com/@gribobasik67/video/7690630752005852430
7690861539154283794,https://www.tiktok.com/@oliverchik8/video/7690861539154283794
7691061154633747719,https://www.tiktok.com/@eoaof0/video/7691061154633747719
7691737427731336470,https://www.tiktok.com/@servarium/video/7691737427731336470
7680117177185324306,https://www.tiktok.com/@nas.ananas/video/7680117177185324306
7688732980495387925,https://www.tiktok.com/@boza7747/video/7688732980495387925
7691027547059997983,https://www.tiktok.com/@azovskyazure/video/7691027547059997983
7662087434162752788,https://www.tiktok.com/@siski212/video/7662087434162752788
7685975182611123464,https://www.tiktok.com/@bujie059/video/7685975182611123464
7682385472731008286,https://www.tiktok.com/@darksad_edit/video/7682385472731008286
7676100824765893908,https://www.tiktok.com/@bozhenamurmur/video/7676100824765893908
7662829147357547808,https://www.tiktok.com/@ba.1615/video/7662829147357547808
7673490056539016479,https://www.tiktok.com/@zubvortu32/video/7673490056539016479
7688062884332555538,https://www.tiktok.com/@zakatoon_nar/video/7688062884332555538
7689419889345367329,https://www.tiktok.com/@anomaliya.doc/video/7689419889345367329
7558565053771812118,https://www.tiktok.com/@pakhomova_to_talk/video/7558565053771812118
7581826211001699616,https://www.tiktok.com/@tgstupid_usa/video/7581826211001699616
7690273535540874518,https://www.tiktok.com/@parfiumen/video/7690273535540874518
7645684651368959254,https://www.tiktok.com/@tiktokshopaffiliate44/video/7645684651368959254
7691799772084079890,https://www.tiktok.com/@halcyonvpn1/video/7691799772084079890
7574092465381084423,https://www.tiktok.com/@hp_begench/video/7574092465381084423
7677830863588969746,https://www.tiktok.com/@darsmile/video/7677830863588969746
7675648591934803208,https://www.tiktok.com/@potatos101_editor/video/7675648591934803208
7691032953563958560,https://www.tiktok.com/@denisgritzmann/video/7691032953563958560
7651432871999130901,https://www.tiktok.com/@vlad.danilov95/video/7651432871999130901
7690973561271454997,https://www.tiktok.com/@qwentov/video/7690973561271454997
7626416391175949575,https://www.tiktok.com/@_q4r0/video/7626416391175949575
7690102023835946247,https://www.tiktok.com/@lesha_cto/video/7690102023835946247
7685027500010818837,https://www.tiktok.com/@kasp36vrn/video/7685027500010818837
7677180860881194248,https://www.tiktok.com/@balogleonid/video/7677180860881194248
7674226985597521184,https://www.tiktok.com/@chopocompik_off/video/7674226985597521184
7639150932529270049,https://www.tiktok.com/@tg_vpnruss1/video/7639150932529270049
7676736984181918997,https://www.tiktok.com/@artexchik/video/7676736984181918997
7690062111761812743,https://www.tiktok.com/@voxworld6/video/7690062111761812743
7640137233860791585,https://www.tiktok.com/@cobackkapsel/video/7640137233860791585
7659091359395089696,https://www.tiktok.com/@simplify_ai/video/7659091359395089696
7679455563788389640,https://www.tiktok.com/@nemarvin/video/7679455563788389640
7674368602279120135,https://www.tiktok.com/@z1ro_37/video/7674368602279120135
7638266689888570656,https://www.tiktok.com/@ktvrussia/video/7638266689888570656
7600847843582020871,https://www.tiktok.com/@skripts77/video/7600847843582020871
7688812775870565663,https://www.tiktok.com/@john_escobaar/video/7688812775870565663
7687664428011113750,https://www.tiktok.com/@codeisfree/video/7687664428011113750
7682299107859320071,https://www.tiktok.com/@zubzubenko/video/7682299107859320071
7691224984382901511,https://www.tiktok.com/@mariyka_actcreati/video/7691224984382901511
7687230989327961367,https://www.tiktok.com/@acgamervids/video/7687230989327961367
7600124743278185750,https://www.tiktok.com/@user8100108301812/video/7600124743278185750
7690526215773474068,https://www.tiktok.com/@tapc0re/video/7690526215773474068
7639711215656193313,https://www.tiktok.com/@ktvrussia/video/7639711215656193313
7674197701847682326,https://www.tiktok.com/@buhaistrikalo/video/7674197701847682326
7645576560015166741,https://www.tiktok.com/@ambassador.solotvino/video/7645576560015166741
7687236455680314646,https://www.tiktok.com/@mr_nextime/video/7687236455680314646
7676811673440718100,https://www.tiktok.com/@annstvill/video/7676811673440718100
7664614883404647700,https://www.tiktok.com/@_natty657/video/7664614883404647700
7690200751037107457,https://www.tiktok.com/@deepak..03/video/7690200751037107457
7686865346262748449,https://www.tiktok.com/@inchidris/video/7686865346262748449
7652377484876369170,https://www.tiktok.com/@cinkvesebi/video/7652377484876369170
7679045509214145813,https://www.tiktok.com/@lara_ni42/video/7679045509214145813
7579631393685179666,https://www.tiktok.com/@lidji_kozhikhova/video/7579631393685179666
7685497648400370962,https://www.tiktok.com/@buckterine/video/7685497648400370962
7679366849724697876,https://www.tiktok.com/@techmegas/video/7679366849724697876
7671637980657814814,https://www.tiktok.com/@abnormalrevengertonight/video/7671637980657814814
7669490081404701982,https://www.tiktok.com/@helga13662/video/7669490081404701982
7691668040026426657,https://www.tiktok.com/@asaprocky514/video/7691668040026426657
7690454781835382030,https://www.tiktok.com/@lenyaking332/video/7690454781835382030
7575204401741106439,https://www.tiktok.com/@juliamkbusinka95/video/7575204401741106439
7688997133034278166,https://www.tiktok.com/@nout_on_mtb/video/7688997133034278166
7599322066818469128,https://www.tiktok.com/@republic_lisatia/video/7599322066818469128
7640416720984804609,https://www.tiktok.com/@narezchikttv/video/7640416720984804609
7691753013396000021,https://www.tiktok.com/@grosses.e/video/7691753013396000021
7578191769700027669,https://www.tiktok.com/@beauty_pollly/video/7578191769700027669
7685287870067756309,https://www.tiktok.com/@aruka..official/video/7685287870067756309
7574065451399990536,https://www.tiktok.com/@valeria_savel/video/7574065451399990536
7689853094355586336,https://www.tiktok.com/@nell192747/video/7689853094355586336
7686520771463712008,https://www.tiktok.com/@mi11y1/video/7686520771463712008
7689257313068240146,https://www.tiktok.com/@amstersmm/video/7689257313068240146
7620393405675261200,https://www.tiktok.com/@stas_boroda_parfumer/video/7620393405675261200
7680219657042758945,https://www.tiktok.com/@yurochkaa47/video/7680219657042758945
7660900466598874382,https://www.tiktok.com/@exstfeel/video/7660900466598874382
7584403064203824406,https://www.tiktok.com/@tea.sasha/video/7584403064203824406
7674624003675294996,https://www.tiktok.com/@goddyu/video/7674624003675294996
7655036143456570631,https://www.tiktok.com/@hehehe_spaghetti/video/7655036143456570631
7664399008290311445,https://www.tiktok.com/@lixfq0/video/7664399008290311445
7671721938447912225,https://www.tiktok.com/@thepeakcrew/video/7671721938447912225
7662889858595114247,https://www.tiktok.com/@katrin_rul/video/7662889858595114247
7685424541262253342,https://www.tiktok.com/@moneyformeis/video/7685424541262253342
7652232829656452370,https://www.tiktok.com/@taichinh_chuyensau/video/7652232829656452370
7688380774130666759,https://www.tiktok.com/@hertonf0/video/7688380774130666759
7684921590013775125,https://www.tiktok.com/@3.14door40/video/7684921590013775125
7669401778319920402,https://www.tiktok.com/@s1mpletop00/video/7669401778319920402
7628229809600072981,https://www.tiktok.com/@veron.edition/video/7628229809600072981
7621156205745933569,https://www.tiktok.com/@vvveimoff/video/7621156205745933569
7687600532122373398,https://www.tiktok.com/@pyatno_koty/video/7687600532122373398
7688203206530321684,https://www.tiktok.com/@aruka..official/video/7688203206530321684
7660209770640592136,https://www.tiktok.com/@liduxanchik/video/7660209770640592136
7689736929113361686,https://www.tiktok.com/@uk786237haren.uk/video/7689736929113361686
7621191254168063253,https://www.tiktok.com/@vellsad_/video/7621191254168063253
7595153858905591060,https://www.tiktok.com/@shishkinontour/video/7595153858905591060
7683262314979642642,https://www.tiktok.com/@steprkoo/video/7683262314979642642
7691688530019355937,https://www.tiktok.com/@zigametik3000/video/7691688530019355937
7690163097331354932,https://www.tiktok.com/@deepak..03/video/7690163097331354932
7690330841850989837,https://www.tiktok.com/@taynakov/video/7690330841850989837
7690468015145733384,https://www.tiktok.com/@korea.nicki/video/7690468015145733384
7574128346448022806,https://www.tiktok.com/@an_erysheva/video/7574128346448022806
7673498866305600789,https://www.tiktok.com/@nikitasepi0l/video/7673498866305600789
7617101908460752146,https://www.tiktok.com/@pilot_nikita_/video/7617101908460752146
7655996183105588501,https://www.tiktok.com/@monextech/video/7655996183105588501
7608204237725617416,https://www.tiktok.com/@pasmurnno/video/7608204237725617416
7687327610002623762,https://www.tiktok.com/@vlad.parov0z/video/7687327610002623762
7574675670979054866,https://www.tiktok.com/@natalieputilova/video/7574675670979054866
7690926931457396001,https://www.tiktok.com/@imperialida/video/7690926931457396001
7630553730387037460,https://www.tiktok.com/@mikael.1984/video/7630553730387037460
7690951454416243976,https://www.tiktok.com/@olga092694/video/7690951454416243976
7690732578336197891,https://www.tiktok.com/@nothing/video/7690732578336197891
7638938843693075734,https://www.tiktok.com/@bradpittsupport/video/7638938843693075734
7677281533685812500,https://www.tiktok.com/@bibik_alex/video/7677281533685812500
7687239619661794580,https://www.tiktok.com/@zmeykft/video/7687239619661794580
7689817456688336134,https://www.tiktok.com/@zmeykft/video/7689817456688336134
7690205036399299871,https://www.tiktok.com/@pavlikfc/video/7690205036399299871
7678050597131521313,https://www.tiktok.com/@caroholics_game/video/7678050597131521313
7614132608909397268,https://www.tiktok.com/@oksana.kulikova/video/7614132608909397268
7691369042233396486,https://www.tiktok.com/@lenanashla/video/7691369042233396486
7663812616438992135,https://www.tiktok.com/@bart.simpson767/video/7663812616438992135
7629129946933349654,https://www.tiktok.com/@tamba_forcedrop/video/7629129946933349654
7668383079538461984,https://www.tiktok.com/@tmff_te/video/7668383079538461984
7688798137552588052,https://www.tiktok.com/@agentprovocateur2010/video/7688798137552588052
7687867500092050718,https://www.tiktok.com/@m_e_l180/video/7687867500092050718
7631319103243898134,https://www.tiktok.com/@tamba_forcedrop/video/7631319103243898134
7689135841213451553,https://www.tiktok.com/@chopocompik_off/video/7689135841213451553
7672436433403006216,https://www.tiktok.com/@dmitrievva_k/video/7672436433403006216
7611567885017976085,https://www.tiktok.com/@hh884831.3/video/7611567885017976085
7634249732004580630,https://www.tiktok.com/@castochka/video/7634249732004580630
7667480257477430548,https://www.tiktok.com/@sergiomatovka2322/video/7667480257477430548
7684236828597095688,https://www.tiktok.com/@mandarrinkaaa0.1/video/7684236828597095688
7690882740442500373,https://www.tiktok.com/@daxanail/video/7690882740442500373
7686524123979189525,https://www.tiktok.com/@weril_tech/video/7686524123979189525
7683797205680966942,https://www.tiktok.com/@doubleyou.fest/video/7683797205680966942
7675291543695002897,https://www.tiktok.com/@hikithehive/video/7675291543695002897
7689416293509909781,https://www.tiktok.com/@hanznugraha7/video/7689416293509909781
7653080785846619414,https://www.tiktok.com/@mekoselimfamilly/video/7653080785846619414
7689782786508508437,https://www.tiktok.com/@r1mco/video/7689782786508508437
7632041504638242068,https://www.tiktok.com/@sonix.qxx/video/7632041504638242068
7587128277026901269,https://www.tiktok.com/@dmitrievva_k/video/7587128277026901269
7684641405888875796,https://www.tiktok.com/@vacuumbag670._/video/7684641405888875796
7691184528185888033,https://www.tiktok.com/@sampo_codee/video/7691184528185888033
7685055990156250376,https://www.tiktok.com/@iaibalprinccess/video/7685055990156250376
7680831978983148830,https://www.tiktok.com/@aiko.12_0/video/7680831978983148830
7691439807272209697,https://www.tiktok.com/@itmaxxer/video/7691439807272209697
7649597018205162772,https://www.tiktok.com/@zharovdv/video/7649597018205162772
7600454209078562069,https://www.tiktok.com/@katya.candy.cat/video/7600454209078562069
7682712116167576853,https://www.tiktok.com/@paupaupau__5/video/7682712116167576853
7569563236912073992,https://www.tiktok.com/@yougeeky/video/7569563236912073992
7691655042100710677,https://www.tiktok.com/@sarahuwerasanyu/video/7691655042100710677
7678255538639064342,https://www.tiktok.com/@rw_colour/video/7678255538639064342
7673561487545257248,https://www.tiktok.com/@dmd_studioo/video/7673561487545257248
7691365002850225429,https://www.tiktok.com/@qainazarr/video/7691365002850225429
7566705720217898252,https://www.tiktok.com/@vadimodoure/video/7566705720217898252
7643384414017260818,https://www.tiktok.com/@user6216057039618/video/7643384414017260818
7608908238259522823,https://www.tiktok.com/@user6216057039618/video/7608908238259522823
7565889920032640286,https://www.tiktok.com/@cautelafamily/video/7565889920032640286
7691654985729264916,https://www.tiktok.com/@egozha_n1/video/7691654985729264916
7687343915116055841,https://www.tiktok.com/@jeedsat/video/7687343915116055841
7598587102434987271,https://www.tiktok.com/@nataliya.churova/video/7598587102434987271
7689834511529413920,https://www.tiktok.com/@jeedsat/video/7689834511529413920
7668277788448754977,https://www.tiktok.com/@mengeur2ru/video/7668277788448754977
7691357612679466248,https://www.tiktok.com/@mrkeenyt/video/7691357612679466248
7689431191518219553,https://www.tiktok.com/@slovo844/video/7689431191518219553
7607863721787936022,https://www.tiktok.com/@le_media_finance/video/7607863721787936022
7686565883338132758,https://www.tiktok.com/@tvoyamassazhistka/video/7686565883338132758
7691663601748266272,https://www.tiktok.com/@slovo844/video/7691663601748266272
7681193209657068808,https://www.tiktok.com/@zubzubenko/video/7681193209657068808
7691736282946391316,https://www.tiktok.com/@milka.gta1/video/7691736282946391316
7686489387819027744,https://www.tiktok.com/@jeedsat/video/7686489387819027744
7690588533324614934,https://www.tiktok.com/@nikolsiiirdd/video/7690588533324614934
7688714558193601824,https://www.tiktok.com/@slovo844/video/7688714558193601824
7690592422346231073,https://www.tiktok.com/@slovo844/video/7690592422346231073
7640801666920369428,https://www.tiktok.com/@hasaner111/video/7640801666920369428
7687692677831314720,https://www.tiktok.com/@iamburger1.0/video/7687692677831314720
7573692797706931463,https://www.tiktok.com/@sxodim.bishkek/video/7573692797706931463
7689773584876719392,https://www.tiktok.com/@tommy.boblox/video/7689773584876719392
7691763065301355807,https://www.tiktok.com/@mariia_nibiru/video/7691763065301355807
7653164728923049238,https://www.tiktok.com/@ivanovaa4/video/7653164728923049238
7690608123341557024,https://www.tiktok.com/@slovo844/video/7690608123341557024
7684676789679000862,https://www.tiktok.com/@_bloodfreak/video/7684676789679000862
7690607801961434400,https://www.tiktok.com/@slovo844/video/7690607801961434400
7690620682203368737,https://www.tiktok.com/@slovo844/video/7690620682203368737
7690159652734061845,https://www.tiktok.com/@skup_proteina/video/7690159652734061845
7691370660228074804,https://www.tiktok.com/@zyb_fea/video/7691370660228074804
7691670605204163873,https://www.tiktok.com/@slovo844/video/7691670605204163873
7689124011858611488,https://www.tiktok.com/@slovo844/video/7689124011858611488
7680256037718461729,https://www.tiktok.com/@usmadz31/video/7680256037718461729
7691286518714944800,https://www.tiktok.com/@slovo844/video/7691286518714944800
7603875645327822098,https://www.tiktok.com/@aijana_istanbul/video/7603875645327822098
7677700556403592469,https://www.tiktok.com/@standbattle_official/video/7677700556403592469
7690970084512124181,https://www.tiktok.com/@patrick.ks/video/7690970084512124181
7680976160808865056,https://www.tiktok.com/@avi_ivaaa/video/7680976160808865056
7685672396870765856,https://www.tiktok.com/@dina.k1302/video/7685672396870765856
7689760719276903713,https://www.tiktok.com/@slovo844/video/7689760719276903713
7689564117983595784,https://www.tiktok.com/@youamm_bl/video/7689564117983595784
7691581865064713479,https://www.tiktok.com/@kolotilshikov/video/7691581865064713479
7691787766002158870,https://www.tiktok.com/@mrklubni4ka_n1/video/7691787766002158870
7686177999514848534,https://www.tiktok.com/@wilxisssss/video/7686177999514848534
7690234228662979841,https://www.tiktok.com/@whattobuyfromnoon/video/7690234228662979841
7690536402391551252,https://www.tiktok.com/@whattobuyfromnoon/video/7690536402391551252
7686009239675899156,https://www.tiktok.com/@whattobuyfromnoon/video/7686009239675899156
7687549612940348692,https://www.tiktok.com/@whattobuyfromnoon/video/7687549612940348692
7675357538690288917,https://www.tiktok.com/@whattobuyfromnoon/video/7675357538690288917
7680601696694734112,https://www.tiktok.com/@eml_design/video/7680601696694734112
7670907367365676320,https://www.tiktok.com/@iamstudent_de/video/7670907367365676320
7684557884226653473,https://www.tiktok.com/@nooma_design/video/7684557884226653473
7688411681482984725,https://www.tiktok.com/@amlelshazly7/video/7688411681482984725
7672523876693282068,https://www.tiktok.com/@malakelassalx/video/7672523876693282068
7686869257484848404,https://www.tiktok.com/@whattobuyfromnoon/video/7686869257484848404
7690614647073918228,https://www.tiktok.com/@reemragaab/video/7690614647073918228
7610483215421246727,https://www.tiktok.com/@nyan.off/video/7610483215421246727
7690671892193119521,https://www.tiktok.com/@josi.sth/video/7690671892193119521
7606301190791564566,https://www.tiktok.com/@hannelbanneli/video/7606301190791564566
7686562176504581384,https://www.tiktok.com/@qponbabe/video/7686562176504581384
7637834558024551713,https://www.tiktok.com/@olislifee/video/7637834558024551713
7682427683145288982,https://www.tiktok.com/@hotblondechicc/video/7682427683145288982
7683982313780301074,https://www.tiktok.com/@qponbabe/video/7683982313780301074
7690529677533891873,https://www.tiktok.com/@rebeccas.tv/video/7690529677533891873
7636461352092994836,https://www.tiktok.com/@coupon_kween/video/7636461352092994836
7688435305753480469,https://www.tiktok.com/@malakelassalx/video/7688435305753480469
7685848294429445398,https://www.tiktok.com/@siimonalizza/video/7685848294429445398
7690265537808534815,https://www.tiktok.com/@john_escobaar/video/7690265537808534815
7662051020125588769,https://www.tiktok.com/@maud.totheglow/video/7662051020125588769
7680567007657463061,https://www.tiktok.com/@ketixski/video/7680567007657463061
7684000002913455392,https://www.tiktok.com/@clara.lifestyle4/video/7684000002913455392
7678063535091404039,https://www.tiktok.com/@reemhatemm_/video/7678063535091404039
7644228657967566100,https://www.tiktok.com/@nezametnyj/video/7644228657967566100
7689714656780307733,https://www.tiktok.com/@chistozubik/video/7689714656780307733
7663412973779651862,https://www.tiktok.com/@tiya_tihomirova_/video/7663412973779651862
7690283559969443093,https://www.tiktok.com/@historyofwel/video/7690283559969443093
7690203546385386772,https://www.tiktok.com/@kovratekool/video/7690203546385386772
7644237335365700894,https://www.tiktok.com/@limonnaia/video/7644237335365700894
7641194322066427158,https://www.tiktok.com/@clipss.tiktok22/video/7641194322066427158
7689733102964362499,https://www.tiktok.com/@corry0691/video/7689733102964362499
7688789245896543495,https://www.tiktok.com/@aesvars.studyy/video/7688789245896543495
7649747491365211425,https://www.tiktok.com/@ministerstvo_factov/video/7649747491365211425
7681304968883703058,https://www.tiktok.com/@lineriya7/video/7681304968883703058
7679479749609016596,https://www.tiktok.com/@anastasia.pro.tee/video/7679479749609016596
7689514356941327634,https://www.tiktok.com/@m1namirbx/video/7689514356941327634
7690538636340645140,https://www.tiktok.com/@kessovam/video/7690538636340645140
7636537291099442465,https://www.tiktok.com/@eva.ai26/video/7636537291099442465
7643454827716021537,https://www.tiktok.com/@eva.ai26/video/7643454827716021537
7671267339173760278,https://www.tiktok.com/@tishaprofmat/video/7671267339173760278
7660099201568705824,https://www.tiktok.com/@eva.ai26/video/7660099201568705824
7634416308729187591,https://www.tiktok.com/@win147766/video/7634416308729187591
7649690795196402977,https://www.tiktok.com/@eva.ai26/video/7649690795196402977
7678776198083726624,https://www.tiktok.com/@eva.ai26/video/7678776198083726624
7652045542612094241,https://www.tiktok.com/@eva.ai26/video/7652045542612094241
7650465067342843144,https://www.tiktok.com/@kausar.ai0/video/7650465067342843144
7691434030755024134,https://www.tiktok.com/@linasgpt/video/7691434030755024134
7650102023517654304,https://www.tiktok.com/@eva.ai26/video/7650102023517654304
7682098937251187989,https://www.tiktok.com/@maitrei_inc/video/7682098937251187989
7688762201879923986,https://www.tiktok.com/@tabibitozero/video/7688762201879923986
7620081845459356961,https://www.tiktok.com/@eva.ai26/video/7620081845459356961
7675781611656400160,https://www.tiktok.com/@eva.ai26/video/7675781611656400160
7691433097358806324,https://www.tiktok.com/@linas.ai/video/7691433097358806324
7686205330807688480,https://www.tiktok.com/@eva.ai26/video/7686205330807688480
7662695411714477325,https://www.tiktok.com/@rhetta.chandler/video/7662695411714477325
7676399965450784007,https://www.tiktok.com/@userir2j8txie2/video/7676399965450784007
7668238773544586517,https://www.tiktok.com/@aiiskhakov/video/7668238773544586517
7621224858684263700,https://www.tiktok.com/@veravii1/video/7621224858684263700
7602683144835173640,https://www.tiktok.com/@vtoroi.akk7/video/7602683144835173640
7689356949162446132,https://www.tiktok.com/@userir2j8txie2/video/7689356949162446132
7689038817017203969,https://www.tiktok.com/@usergnqfsowjfb/video/7689038817017203969
7677342177491438862,https://www.tiktok.com/@koteyyx/video/7677342177491438862
7679158638111378721,https://www.tiktok.com/@tulumchansky.bakl/video/7679158638111378721
7652733198534708513,https://www.tiktok.com/@rozanio10/video/7652733198534708513
7665398061631278358,https://www.tiktok.com/@alonadidur/video/7665398061631278358
7620556942909426976,https://www.tiktok.com/@sonkapatka/video/7620556942909426976
7688327961455398152,https://www.tiktok.com/@nzdbook/video/7688327961455398152
7691638886954536199,https://www.tiktok.com/@viktoriafom0/video/7691638886954536199
7589871923350326535,https://www.tiktok.com/@iralavirt/video/7589871923350326535
7622724884237618452,https://www.tiktok.com/@bankofgeorgia/video/7622724884237618452
7689886672825240884,https://www.tiktok.com/@last37620/video/7689886672825240884
7598994116252339476,https://www.tiktok.com/@aliyadosymbekovna/video/7598994116252339476
7689019733764476168,https://www.tiktok.com/@marta.tarnovetska/video/7689019733764476168
7691738765743656214,https://www.tiktok.com/@pirita_64/video/7691738765743656214
7685259492568714517,https://www.tiktok.com/@tarifdirect/video/7685259492568714517
7660577804668423456,https://www.tiktok.com/@stk.zoriana/video/7660577804668423456
7680194449950969108,https://www.tiktok.com/@tropocelll/video/7680194449950969108
7691653500186430740,https://www.tiktok.com/@9v_ksosh/video/7691653500186430740
7689497702257675542,https://www.tiktok.com/@allinacademyy/video/7689497702257675542
7689112775808781576,https://www.tiktok.com/@marta.tarnovetska/video/7689112775808781576
7690660447716003093,https://www.tiktok.com/@bacelona.news/video/7690660447716003093
7691764704586255637,https://www.tiktok.com/@school_2_dokshitsy/video/7691764704586255637
7683529458527014158,https://www.tiktok.com/@brawl.boya/video/7683529458527014158
7645925398320074005,https://www.tiktok.com/@aleksander_budiakov/video/7645925398320074005
7689388488520682758,https://www.tiktok.com/@dannie_bei/video/7689388488520682758
7691725174441364756,https://www.tiktok.com/@vika_fiveng/video/7691725174441364756
7677440949416447240,https://www.tiktok.com/@sylap179/video/7677440949416447240
7601903219802934550,https://www.tiktok.com/@dianafreelancer/video/7601903219802934550
7591095602302160136,https://www.tiktok.com/@tatianarevol_/video/7591095602302160136
7659817822289284360,https://www.tiktok.com/@stab1lnost0/video/7659817822289284360
7594912691890736415,https://www.tiktok.com/@honoli30/video/7594912691890736415
7687265755850706206,https://www.tiktok.com/@verrrsssi/video/7687265755850706206
7681771105056607510,https://www.tiktok.com/@speedycon1/video/7681771105056607510
7675010376949402900,https://www.tiktok.com/@axcoupon/video/7675010376949402900
7611500894361799967,https://www.tiktok.com/@honoli30/video/7611500894361799967
7627887827837046037,https://www.tiktok.com/@mariia_kuzma/video/7627887827837046037
7630744594719755542,https://www.tiktok.com/@user7703939485937/video/7630744594719755542
7685233433928338709,https://www.tiktok.com/@axcoupon/video/7685233433928338709
7677272686522830088,https://www.tiktok.com/@trendyolcoupon1/video/7677272686522830088
7690603959005793566,https://www.tiktok.com/@daphneelisem/video/7690603959005793566
7690224609764936968,https://www.tiktok.com/@qnn250/video/7690224609764936968
7691719889056189704,https://www.tiktok.com/@snezzy6767/video/7691719889056189704
7690982695744113942,https://www.tiktok.com/@iskrazfahcq/video/7690982695744113942
7690619623724649750,https://www.tiktok.com/@couponiada.ro/video/7690619623724649750
7690307981317000481,https://www.tiktok.com/@malena.love1/video/7690307981317000481
7657203243990158624,https://www.tiktok.com/@proforientolog_is/video/7657203243990158624
7681284693563673877,https://www.tiktok.com/@havefdr_2012/video/7681284693563673877
7691513854932585759,https://www.tiktok.com/@chloe_temu_hacks/video/7691513854932585759
7643882605632425249,https://www.tiktok.com/@olya.diz2/video/7643882605632425249
7593362105282088200,https://www.tiktok.com/@opinionqz/video/7593362105282088200
7689058975995661601,https://www.tiktok.com/@miluchshie/video/7689058975995661601
7623390106090589471,https://www.tiktok.com/@avindarchocolate/video/7623390106090589471
7686111304276315400,https://www.tiktok.com/@neey_0_0/video/7686111304276315400
7667115295978376468,https://www.tiktok.com/@pulse.kg/video/7667115295978376468
7659789861129309447,https://www.tiktok.com/@uchmane_global/video/7659789861129309447
7675414361866800416,https://www.tiktok.com/@school65rostov/video/7675414361866800416
7684320786412293384,https://www.tiktok.com/@iambenick/video/7684320786412293384
7591754343347506488,https://www.tiktok.com/@tatiana.peronkova.mk/video/7591754343347506488
7685867579277167893,https://www.tiktok.com/@expert.english.sc/video/7685867579277167893
7691606318779600146,https://www.tiktok.com/@sch8_lida/video/7691606318779600146
7665902282277522696,https://www.tiktok.com/@1scenerush/video/7665902282277522696
7686887023453523222,https://www.tiktok.com/@paula.ambasadorahristos/video/7686887023453523222
7691011351405202709,https://www.tiktok.com/@lululu9903/video/7691011351405202709
7643271830177860897,https://www.tiktok.com/@hanguki.core28/video/7643271830177860897
7622607784466517281,https://www.tiktok.com/@desert_queen132/video/7622607784466517281
7568502206639410439,https://www.tiktok.com/@onmycornerclub/video/7568502206639410439
7688469136032255240,https://www.tiktok.com/@speed44159/video/7688469136032255240
7579863681723338006,https://www.tiktok.com/@twitchdlyatebya/video/7579863681723338006
7619581706982460702,https://www.tiktok.com/@rangvi9/video/7619581706982460702
7688752693971586310,https://www.tiktok.com/@siler_roma/video/7688752693971586310
7690551969424985364,https://www.tiktok.com/@diorilkhom/video/7690551969424985364
7661279061154483476,https://www.tiktok.com/@aizi.ss/video/7661279061154483476
7667218624192564500,https://www.tiktok.com/@tolya_filatov/video/7667218624192564500
7690588291304819989,https://www.tiktok.com/@pslvts/video/7690588291304819989
7673540235271163154,https://www.tiktok.com/@1552gb/video/7673540235271163154
7667155154080271637,https://www.tiktok.com/@yaluzza_/video/7667155154080271637
7691759030284406038,https://www.tiktok.com/@zzirrokk67676767/video/7691759030284406038
7622517439363861782,https://www.tiktok.com/@eaduffour4/video/7622517439363861782
7650139000753245460,https://www.tiktok.com/@omskkitec/video/7650139000753245460
7689951658595323169,https://www.tiktok.com/@oneledaystandoff2/video/7689951658595323169
7618185320626015509,https://www.tiktok.com/@promocodestando/video/7618185320626015509
7691266155993943329,https://www.tiktok.com/@zyrowolt/video/7691266155993943329
7678357565843033376,https://www.tiktok.com/@sarcophaguus/video/7678357565843033376
7682178176822562069,https://www.tiktok.com/@klaydixq/video/7682178176822562069
7679570030081658130,https://www.tiktok.com/@dianyxelle_care/video/7679570030081658130
7680163008970018066,https://www.tiktok.com/@dianyxelle_care/video/7680163008970018066
7689875076375727381,https://www.tiktok.com/@dasha_smileshine/video/7689875076375727381
7660187844178152737,https://www.tiktok.com/@ella.diii/video/7660187844178152737
7599637405716548882,https://www.tiktok.com/@alsatkg/video/7599637405716548882
7622208189861203208,https://www.tiktok.com/@romangritsenko/video/7622208189861203208
7648997271857646855,https://www.tiktok.com/@alishop.optom/video/7648997271857646855
7596136204295212308,https://www.tiktok.com/@sqrrrdap/video/7596136204295212308
7690998164588940562,https://www.tiktok.com/@dat_0001.0/video/7690998164588940562
7667875687851625761,https://www.tiktok.com/@leliktalks/video/7667875687851625761
7691075879627132181,https://www.tiktok.com/@o.kuchinskayyaa/video/7691075879627132181
7684567010826587414,https://www.tiktok.com/@me.anchu/video/7684567010826587414
7629875885708938503,https://www.tiktok.com/@mazepka_kate/video/7629875885708938503
7674950274037026068,https://www.tiktok.com/@sonya_luvv/video/7674950274037026068
7608596159904468245,https://www.tiktok.com/@nuri_styllee/video/7608596159904468245
7690222154066955542,https://www.tiktok.com/@gausastore/video/7690222154066955542
7629391603106319634,https://www.tiktok.com/@plaksherii/video/7629391603106319634
7683946284243324178,https://www.tiktok.com/@dat_0001.0/video/7683946284243324178
7639159985850666261,https://www.tiktok.com/@fashbydash/video/7639159985850666261
7675737543824002322,https://www.tiktok.com/@aminka_kikido3/video/7675737543824002322
7631303323852819733,https://www.tiktok.com/@amoriaelle/video/7631303323852819733
7690039725486345479,https://www.tiktok.com/@mom_finds09/video/7690039725486345479
7676409661947415815,https://www.tiktok.com/@grand.mebel.shymkent/video/7676409661947415815
7571530034675076372,https://www.tiktok.com/@jennaiilsss/video/7571530034675076372
7688622301910240534,https://www.tiktok.com/@arn.ww69/video/7688622301910240534
7678654911432690951,https://www.tiktok.com/@dmi_trievich/video/7678654911432690951
7673270290503273735,https://www.tiktok.com/@zaebarbi/video/7673270290503273735
7668741944394272008,https://www.tiktok.com/@sshahosha/video/7668741944394272008
7689483957250821389,https://www.tiktok.com/@lubimwb/video/7689483957250821389
7666381452258348296,https://www.tiktok.com/@omg_sesha/video/7666381452258348296
7573757097507130631,https://www.tiktok.com/@shatonskaya/video/7573757097507130631
7669079625259175186,https://www.tiktok.com/@nukebaeva.collection/video/7669079625259175186
7690588371147656480,https://www.tiktok.com/@maxim_poland_/video/7690588371147656480
7644568631631793429,https://www.tiktok.com/@makann838/video/7644568631631793429
7681323439721893140,https://www.tiktok.com/@ft.amoctus/video/7681323439721893140
7661628058620661024,https://www.tiktok.com/@developer.sevix/video/7661628058620661024
7687744454446419207,https://www.tiktok.com/@sotka_familu/video/7687744454446419207
7676543961107827986,https://www.tiktok.com/@.soooteee/video/7676543961107827986
7690166996012371207,https://www.tiktok.com/@user9715822734446/video/7690166996012371207
7687174607656226055,https://www.tiktok.com/@promikvdomik2/video/7687174607656226055
7671947897528749330,https://www.tiktok.com/@.soooteee/video/7671947897528749330
7674965153758121246,https://www.tiktok.com/@akakpylit/video/7674965153758121246
7677602584986668320,https://www.tiktok.com/@rabbym60/video/7677602584986668320
7573728911771716875,https://www.tiktok.com/@juliettiktok8/video/7573728911771716875
7689024118288633102,https://www.tiktok.com/@metaagamerr/video/7689024118288633102
7633894616462331158,https://www.tiktok.com/@tamba_forcedrop/video/7633894616462331158
7686837045154647318,https://www.tiktok.com/@eloi.trot/video/7686837045154647318
7688631782136237343,https://www.tiktok.com/@dedazubki/video/7688631782136237343
7690964240944876833,https://www.tiktok.com/@slovo844/video/7690964240944876833
7603427365166812438,https://www.tiktok.com/@belinskynews/video/7603427365166812438
7676138760530169095,https://www.tiktok.com/@seregazagoria/video/7676138760530169095
7671231159153609998,https://www.tiktok.com/@user6765639906119/video/7671231159153609998
7686144734141648150,https://www.tiktok.com/@promokodai/video/7686144734141648150
7691420039152553236,https://www.tiktok.com/@berkutnew/video/7691420039152553236
7691414509243600149,https://www.tiktok.com/@berkutnew/video/7691414509243600149
7655599562731703560,https://www.tiktok.com/@yeldosaytuganov_blog/video/7655599562731703560
7690543449484889364,https://www.tiktok.com/@nika_o_beauty/video/7690543449484889364
7685551317376322837,https://www.tiktok.com/@o.kuchinskayyaa/video/7685551317376322837
7677568033317031188,https://www.tiktok.com/@softik_195/video/7677568033317031188
7690193005915163926,https://www.tiktok.com/@irriks_qxx/video/7690193005915163926
7689896264221068576,https://www.tiktok.com/@valyaglow/video/7689896264221068576
7648497469621275925,https://www.tiktok.com/@gubbygaming/video/7648497469621275925
7681662367519870230,https://www.tiktok.com/@irriks_qxx/video/7681662367519870230
7682442236709195026,https://www.tiktok.com/@sonechka_adopt/video/7682442236709195026
